feedback_date,location_id,rating,response_time_mins
2026-01-01,LOC-001,3.8,4
2026-01-02,LOC-001,4.2,25
2026-01-02,LOC-001,4.2,42
2026-01-03,LOC-001,4.0,37
2026-01-04,LOC-001,4.1,41
2026-01-04,LOC-001,4.4,10
2026-01-04,LOC-001,4.3,32
2026-01-04,LOC-001,3.8,4
2026-01-05,LOC-001,5.0,12
2026-01-05,LOC-001,4.5,12
2026-01-06,LOC-001,4.6,6
2026-01-06,LOC-001,4.0,37
2026-01-08,LOC-001,4.7,12
2026-01-08,LOC-001,5.0,2
2026-01-09,LOC-001,3.8,20
2026-01-09,LOC-001,4.3,18
2026-01-10,LOC-001,3.9,1
2026-01-10,LOC-001,3.9,2
2026-01-10,LOC-001,4.6,17
2026-01-10,LOC-001,5.0,8
2026-01-10,LOC-001,4.6,1
2026-01-10,LOC-001,4.1,7
2026-01-11,LOC-001,4.4,21
2026-01-11,LOC-001,4.6,21
2026-01-12,LOC-001,4.8,14
2026-01-12,LOC-001,4.6,13
2026-01-12,LOC-001,4.4,6
2026-01-12,LOC-001,4.4,11
2026-01-12,LOC-001,4.5,5
2026-01-12,LOC-001,4.7,8
2026-01-13,LOC-001,4.6,32
2026-01-16,LOC-001,4.4,8
2026-01-17,LOC-001,5.0,7
2026-01-17,LOC-001,3.4,1
2026-01-18,LOC-001,5.0,1
2026-01-18,LOC-001,4.5,2
2026-01-18,LOC-001,4.6,4
2026-01-18,LOC-001,3.7,19
2026-01-19,LOC-001,5.0,1
2026-01-19,LOC-001,4.4,10
2026-01-19,LOC-001,4.5,8
2026-01-20,LOC-001,4.7,45
2026-01-20,LOC-001,4.9,2
2026-01-20,LOC-001,5.0,12
2026-01-21,LOC-001,4.4,1
2026-01-21,LOC-001,4.6,19
2026-01-21,LOC-001,3.9,5
2026-01-22,LOC-001,4.4,12
2026-01-23,LOC-001,4.9,1
2026-01-24,LOC-001,4.5,4
2026-01-24,LOC-001,4.5,17
2026-01-25,LOC-001,5.0,1
2026-01-25,LOC-001,5.0,44
2026-01-25,LOC-001,4.4,9
2026-01-25,LOC-001,5.0,15
2026-01-26,LOC-001,4.4,5
2026-01-26,LOC-001,4.5,1
2026-01-27,LOC-001,3.6,16
2026-01-27,LOC-001,4.1,16
2026-01-28,LOC-001,4.1,25
2026-01-28,LOC-001,4.7,10
2026-01-29,LOC-001,4.3,25
2026-01-29,LOC-001,5.0,1
2026-01-29,LOC-001,5.0,51
2026-01-29,LOC-001,3.9,56
2026-01-30,LOC-001,4.9,5
2026-01-30,LOC-001,4.7,3
2026-01-30,LOC-001,4.2,8
2026-01-30,LOC-001,4.6,4
2026-01-31,LOC-001,5.0,5
2026-01-31,LOC-001,4.4,15
2026-01-31,LOC-001,3.7,20
2026-01-31,LOC-001,4.4,9
2026-01-31,LOC-001,4.5,6
2026-02-01,LOC-001,4.1,5
2026-02-01,LOC-001,4.5,3
2026-02-01,LOC-001,5.0,18
2026-02-01,LOC-001,5.0,44
2026-02-01,LOC-001,4.5,19
2026-02-01,LOC-001,4.9,12
2026-02-01,LOC-001,4.7,24
2026-02-01,LOC-001,4.4,8
2026-02-02,LOC-001,4.1,6
2026-02-02,LOC-001,4.5,13
2026-02-02,LOC-001,4.0,7
2026-02-02,LOC-001,4.5,1
2026-02-02,LOC-001,4.2,1
2026-02-03,LOC-001,5.0,27
2026-02-03,LOC-001,4.1,28
2026-02-03,LOC-001,4.0,4
2026-02-03,LOC-001,5.0,7
2026-02-03,LOC-001,4.0,11
2026-02-03,LOC-001,5.0,10
2026-02-04,LOC-001,4.5,8
2026-02-04,LOC-001,4.5,7
2026-02-05,LOC-001,5.0,20
2026-02-05,LOC-001,5.0,8
2026-02-05,LOC-001,4.8,6
2026-02-06,LOC-001,3.9,23
2026-02-06,LOC-001,5.0,16
2026-02-06,LOC-001,4.8,15
2026-02-06,LOC-001,4.5,11
2026-02-06,LOC-001,5.0,22
2026-02-06,LOC-001,5.0,11
2026-02-07,LOC-001,4.6,30
2026-02-07,LOC-001,4.9,20
2026-02-08,LOC-001,4.7,1
2026-02-08,LOC-001,4.6,4
2026-02-08,LOC-001,4.7,22
2026-02-08,LOC-001,4.0,2
2026-02-09,LOC-001,3.6,17
2026-02-09,LOC-001,4.6,19
2026-02-09,LOC-001,4.9,20
2026-02-09,LOC-001,4.0,25
2026-02-09,LOC-001,4.9,2
2026-02-09,LOC-001,4.1,5
2026-02-10,LOC-001,4.3,29
2026-02-10,LOC-001,5.0,50
2026-02-10,LOC-001,4.1,3
2026-02-10,LOC-001,4.3,10
2026-02-11,LOC-001,3.9,17
2026-02-12,LOC-001,3.3,6
2026-02-13,LOC-001,5.0,19
2026-02-14,LOC-001,3.9,28
2026-02-15,LOC-001,4.3,8
2026-02-15,LOC-001,4.8,4
2026-02-15,LOC-001,4.2,25
2026-02-15,LOC-001,5.0,2
2026-02-15,LOC-001,4.0,6
2026-02-15,LOC-001,4.0,1
2026-02-15,LOC-001,5.0,1
2026-02-16,LOC-001,3.9,45
2026-02-16,LOC-001,3.8,3
2026-02-16,LOC-001,4.9,19
2026-02-17,LOC-001,4.6,36
2026-02-18,LOC-001,4.4,14
2026-02-19,LOC-001,4.6,1
2026-02-19,LOC-001,3.9,5
2026-02-19,LOC-001,4.4,14
2026-02-19,LOC-001,4.4,11
2026-02-20,LOC-001,5.0,5
2026-02-20,LOC-001,5.0,18
2026-02-21,LOC-001,5.0,8
2026-02-22,LOC-001,4.1,1
2026-02-22,LOC-001,4.2,45
2026-02-22,LOC-001,4.2,7
2026-02-23,LOC-001,4.4,40
2026-02-24,LOC-001,4.7,9
2026-02-24,LOC-001,4.2,7
2026-02-24,LOC-001,4.4,4
2026-02-25,LOC-001,4.4,3
2026-02-25,LOC-001,4.3,18
2026-02-26,LOC-001,4.5,9
2026-02-26,LOC-001,4.7,9
2026-02-26,LOC-001,3.8,9
2026-02-27,LOC-001,4.7,84
2026-02-27,LOC-001,4.7,17
2026-02-28,LOC-001,3.8,13
2026-03-01,LOC-001,4.4,11
2026-03-01,LOC-001,4.8,1
2026-03-01,LOC-001,4.1,6
2026-03-02,LOC-001,4.3,42
2026-03-02,LOC-001,4.6,10
2026-03-04,LOC-001,4.7,38
2026-03-04,LOC-001,4.5,23
2026-03-04,LOC-001,4.5,22
2026-03-04,LOC-001,4.5,33
2026-03-05,LOC-001,4.1,4
2026-03-05,LOC-001,4.4,15
2026-03-05,LOC-001,4.8,2
2026-03-05,LOC-001,4.5,26
2026-03-06,LOC-001,4.9,17
2026-03-07,LOC-001,4.9,19
2026-03-07,LOC-001,5.0,3
2026-03-07,LOC-001,4.0,14
2026-03-07,LOC-001,4.0,22
2026-03-07,LOC-001,4.2,17
2026-03-07,LOC-001,4.9,4
2026-03-07,LOC-001,5.0,4
2026-03-07,LOC-001,4.3,1
2026-03-08,LOC-001,4.0,4
2026-03-09,LOC-001,4.5,30
2026-03-09,LOC-001,4.6,4
2026-03-09,LOC-001,4.6,1
2026-03-09,LOC-001,4.1,1
2026-03-09,LOC-001,4.6,5
2026-03-10,LOC-001,5.0,8
2026-03-10,LOC-001,5.0,6
2026-03-10,LOC-001,3.6,10
2026-03-10,LOC-001,4.1,3
2026-03-12,LOC-001,4.5,22
2026-03-12,LOC-001,4.0,9
2026-03-12,LOC-001,4.4,3
2026-03-14,LOC-001,5.0,1
2026-03-14,LOC-001,4.2,7
2026-03-15,LOC-001,5.0,12
2026-03-15,LOC-001,4.0,5
2026-03-15,LOC-001,3.9,4
2026-03-15,LOC-001,4.1,5
2026-03-16,LOC-001,4.0,31
2026-03-16,LOC-001,5.0,18
2026-03-17,LOC-001,3.9,6
2026-03-17,LOC-001,4.5,11
2026-03-17,LOC-001,4.6,1
2026-03-18,LOC-001,4.9,3
2026-03-18,LOC-001,5.0,1
2026-03-18,LOC-001,5.0,18
2026-03-19,LOC-001,3.4,22
2026-03-19,LOC-001,4.5,9
2026-03-19,LOC-001,4.7,58
2026-03-19,LOC-001,5.0,16
2026-03-20,LOC-001,3.6,11
2026-03-20,LOC-001,3.8,17
2026-03-20,LOC-001,5.0,29
2026-03-21,LOC-001,5.0,9
2026-03-21,LOC-001,4.6,14
2026-03-21,LOC-001,4.8,6
2026-03-22,LOC-001,4.2,10
2026-03-22,LOC-001,5.0,26
2026-03-22,LOC-001,4.8,1
2026-03-22,LOC-001,4.1,14
2026-03-22,LOC-001,5.0,1
2026-03-23,LOC-001,4.9,19
2026-03-23,LOC-001,4.2,20
2026-03-23,LOC-001,4.6,2
2026-03-23,LOC-001,4.0,6
2026-03-24,LOC-001,4.1,54
2026-03-25,LOC-001,4.7,3
2026-03-25,LOC-001,5.0,44
2026-03-26,LOC-001,4.5,10
2026-03-27,LOC-001,4.8,3
2026-03-27,LOC-001,5.0,17
2026-03-28,LOC-001,4.0,1
2026-03-28,LOC-001,4.8,2
2026-03-29,LOC-001,3.8,4
2026-03-29,LOC-001,4.8,11
2026-03-30,LOC-001,4.9,9
2026-03-30,LOC-001,4.6,1
2026-03-30,LOC-001,4.4,47
2026-03-31,LOC-001,4.7,34
2026-03-31,LOC-001,4.6,1
2026-04-01,LOC-001,5.0,5
2026-04-02,LOC-001,5.0,20
2026-04-02,LOC-001,3.9,3
2026-04-03,LOC-001,4.5,8
2026-04-04,LOC-001,4.3,5
2026-04-04,LOC-001,4.7,17
2026-04-04,LOC-001,4.4,37
2026-04-05,LOC-001,5.0,21
2026-04-05,LOC-001,4.9,7
2026-04-06,LOC-001,4.1,1
2026-04-07,LOC-001,5.0,17
2026-04-07,LOC-001,4.9,27
2026-04-09,LOC-001,5.0,27
2026-04-09,LOC-001,3.6,1
2026-04-09,LOC-001,5.0,16
2026-04-09,LOC-001,4.7,13
2026-04-10,LOC-001,4.7,1
2026-04-10,LOC-001,5.0,4
2026-04-10,LOC-001,4.1,8
2026-04-11,LOC-001,4.0,14
2026-04-11,LOC-001,3.4,4
2026-04-12,LOC-001,4.4,21
2026-04-13,LOC-001,4.7,24
2026-04-13,LOC-001,4.9,5
2026-04-13,LOC-001,4.4,16
2026-04-13,LOC-001,4.4,1
2026-04-13,LOC-001,4.8,5
2026-04-13,LOC-001,4.9,22
2026-04-13,LOC-001,3.9,19
2026-04-14,LOC-001,4.9,1
2026-04-14,LOC-001,4.1,29
2026-04-15,LOC-001,4.6,24
2026-04-15,LOC-001,4.8,15
2026-04-15,LOC-001,4.0,14
2026-04-16,LOC-001,4.2,26
2026-04-17,LOC-001,4.2,5
2026-04-17,LOC-001,3.9,14
2026-04-17,LOC-001,4.6,7
2026-04-17,LOC-001,4.6,27
2026-04-18,LOC-001,4.2,7
2026-04-18,LOC-001,4.6,16
2026-04-18,LOC-001,4.7,8
2026-04-18,LOC-001,4.6,2
2026-04-19,LOC-001,4.7,6
2026-04-19,LOC-001,4.7,4
2026-04-19,LOC-001,4.9,2
2026-04-19,LOC-001,4.3,6
2026-04-19,LOC-001,5.0,18
2026-04-19,LOC-001,4.5,7
2026-04-19,LOC-001,4.6,49
2026-04-20,LOC-001,4.3,1
2026-04-21,LOC-001,4.7,4
2026-04-21,LOC-001,4.6,36
2026-04-22,LOC-001,4.6,41
2026-04-22,LOC-001,4.0,1
2026-04-22,LOC-001,4.2,4
2026-04-22,LOC-001,3.3,6
2026-04-22,LOC-001,4.1,5
2026-04-23,LOC-001,4.7,6
2026-04-24,LOC-001,4.3,12
2026-04-24,LOC-001,3.9,11
2026-04-24,LOC-001,4.2,28
2026-04-25,LOC-001,4.9,15
2026-04-25,LOC-001,4.9,7
2026-04-25,LOC-001,4.1,15
2026-04-25,LOC-001,4.2,1
2026-04-25,LOC-001,4.1,104
2026-04-26,LOC-001,3.6,15
2026-04-26,LOC-001,4.3,12
2026-04-26,LOC-001,4.4,4
2026-04-26,LOC-001,4.5,5
2026-04-27,LOC-001,4.3,3
2026-04-27,LOC-001,5.0,21
2026-04-27,LOC-001,4.7,53
2026-04-28,LOC-001,4.5,4
2026-04-28,LOC-001,5.0,3
2026-04-28,LOC-001,3.6,27
2026-04-29,LOC-001,4.2,18
2026-04-29,LOC-001,4.2,29
2026-04-29,LOC-001,4.8,2
2026-04-29,LOC-001,4.0,3
2026-04-29,LOC-001,5.0,4
2026-04-29,LOC-001,5.0,9
2026-04-30,LOC-001,4.1,1
2026-05-01,LOC-001,5.0,25
2026-05-02,LOC-001,4.0,2
2026-05-02,LOC-001,5.0,37
2026-05-03,LOC-001,4.4,29
2026-05-03,LOC-001,4.8,18
2026-05-04,LOC-001,4.0,3
2026-05-05,LOC-001,4.1,2
2026-05-05,LOC-001,4.7,3
2026-05-06,LOC-001,4.4,8
2026-05-06,LOC-001,5.0,9
2026-05-06,LOC-001,3.6,1
2026-05-06,LOC-001,4.6,7
2026-05-06,LOC-001,4.9,20
2026-05-07,LOC-001,3.8,6
2026-05-08,LOC-001,4.6,66
2026-05-08,LOC-001,5.0,7
2026-05-09,LOC-001,4.8,9
2026-05-09,LOC-001,5.0,4
2026-05-09,LOC-001,4.5,41
2026-05-10,LOC-001,4.9,9
2026-05-10,LOC-001,4.2,8
2026-05-10,LOC-001,4.0,6
2026-05-11,LOC-001,4.3,12
2026-05-11,LOC-001,4.8,17
2026-05-11,LOC-001,5.0,11
2026-05-11,LOC-001,4.7,2
2026-05-12,LOC-001,4.6,16
2026-05-12,LOC-001,4.8,18
2026-05-12,LOC-001,4.9,31
2026-05-13,LOC-001,4.2,9
2026-05-13,LOC-001,5.0,11
2026-05-13,LOC-001,4.7,2
2026-05-14,LOC-001,5.0,6
2026-05-14,LOC-001,4.1,48
2026-05-14,LOC-001,4.3,10
2026-05-15,LOC-001,4.1,9
2026-05-15,LOC-001,3.8,24
2026-05-15,LOC-001,3.9,1
2026-05-16,LOC-001,5.0,4
2026-05-16,LOC-001,3.7,5
2026-05-17,LOC-001,4.0,17
2026-05-17,LOC-001,4.7,1
2026-05-18,LOC-001,4.9,8
2026-05-18,LOC-001,4.8,9
2026-05-19,LOC-001,5.0,37
2026-05-19,LOC-001,4.0,1
2026-05-19,LOC-001,4.9,16
2026-05-19,LOC-001,4.2,5
2026-05-19,LOC-001,3.6,21
2026-05-19,LOC-001,4.6,1
2026-05-20,LOC-001,4.2,46
2026-05-20,LOC-001,4.6,1
2026-05-21,LOC-001,4.6,16
2026-05-21,LOC-001,5.0,36
2026-05-22,LOC-001,4.5,46
2026-05-22,LOC-001,5.0,2
2026-05-22,LOC-001,4.5,12
2026-05-23,LOC-001,4.6,1
2026-05-23,LOC-001,4.8,1
2026-05-23,LOC-001,4.4,1
2026-05-23,LOC-001,4.5,22
2026-05-24,LOC-001,4.7,21
2026-05-24,LOC-001,4.9,1
2026-05-24,LOC-001,4.9,44
2026-05-24,LOC-001,4.6,16
2026-05-24,LOC-001,3.8,26
2026-05-25,LOC-001,4.2,23
2026-05-25,LOC-001,4.7,13
2026-05-27,LOC-001,4.5,15
2026-05-28,LOC-001,3.8,8
2026-05-28,LOC-001,3.4,20
2026-05-28,LOC-001,4.4,8
2026-05-28,LOC-001,4.8,27
2026-05-28,LOC-001,3.9,24
2026-05-29,LOC-001,5.0,1
2026-05-29,LOC-001,4.8,3
2026-05-30,LOC-001,4.2,16
2026-05-30,LOC-001,4.6,6
2026-05-30,LOC-001,4.5,4
2026-05-31,LOC-001,4.4,11
2026-05-31,LOC-001,4.9,18
2026-06-01,LOC-001,4.0,18
2026-06-01,LOC-001,4.8,5
2026-06-01,LOC-001,4.5,2
2026-06-01,LOC-001,4.7,19
2026-06-01,LOC-001,3.7,10
2026-06-01,LOC-001,4.9,20
2026-06-01,LOC-001,5.0,1
2026-06-02,LOC-001,4.1,15
2026-06-02,LOC-001,4.3,11
2026-06-02,LOC-001,3.9,38
2026-06-03,LOC-001,4.5,58
2026-06-03,LOC-001,4.1,3
2026-06-03,LOC-001,4.4,10
2026-06-03,LOC-001,4.9,6
2026-06-04,LOC-001,4.7,17
2026-06-04,LOC-001,4.2,42
2026-06-05,LOC-001,4.6,6
2026-06-05,LOC-001,5.0,5
2026-06-05,LOC-001,4.8,79
2026-06-05,LOC-001,4.0,62
2026-06-06,LOC-001,3.5,1
2026-06-07,LOC-001,4.1,29
2026-06-07,LOC-001,4.6,19
2026-06-07,LOC-001,5.0,1
2026-06-08,LOC-001,4.5,1
2026-06-08,LOC-001,4.9,25
2026-06-09,LOC-001,4.7,5
2026-06-09,LOC-001,4.2,13
2026-06-09,LOC-001,5.0,44
2026-06-09,LOC-001,4.9,1
2026-06-09,LOC-001,4.2,38
2026-06-09,LOC-001,5.0,10
2026-06-10,LOC-001,4.0,28
2026-06-10,LOC-001,4.7,6
2026-06-10,LOC-001,4.0,1
2026-06-11,LOC-001,4.0,18
2026-06-11,LOC-001,5.0,7
2026-06-11,LOC-001,5.0,8
2026-06-12,LOC-001,5.0,4
2026-06-12,LOC-001,4.9,9
2026-06-12,LOC-001,5.0,2
2026-06-12,LOC-001,4.9,2
2026-06-13,LOC-001,4.2,8
2026-06-13,LOC-001,4.4,17
2026-06-13,LOC-001,4.7,4
2026-06-13,LOC-001,4.3,15
2026-06-14,LOC-001,4.6,4
2026-06-14,LOC-001,4.0,5
2026-06-14,LOC-001,4.5,25
2026-06-15,LOC-001,5.0,1
2026-06-16,LOC-001,5.0,4
2026-06-16,LOC-001,3.9,10
2026-06-16,LOC-001,4.2,1
2026-06-17,LOC-001,4.4,13
2026-06-17,LOC-001,4.1,8
2026-06-17,LOC-001,4.5,32
2026-06-18,LOC-001,4.1,5
2026-06-18,LOC-001,5.0,6
2026-06-21,LOC-001,5.0,12
2026-06-21,LOC-001,4.4,7
2026-06-21,LOC-001,4.0,8
2026-06-21,LOC-001,4.7,21
2026-06-22,LOC-001,5.0,7
2026-06-22,LOC-001,4.4,6
2026-06-23,LOC-001,3.6,5
2026-06-23,LOC-001,3.5,8
2026-06-23,LOC-001,3.9,1
2026-06-23,LOC-001,3.1,12
2026-06-23,LOC-001,4.9,8
2026-06-24,LOC-001,5.0,28
2026-06-24,LOC-001,3.9,24
2026-06-25,LOC-001,3.8,50
2026-06-25,LOC-001,4.6,22
2026-06-25,LOC-001,4.8,1
2026-06-25,LOC-001,5.0,20
2026-06-26,LOC-001,3.7,1
2026-06-26,LOC-001,5.0,6
2026-06-26,LOC-001,4.9,45
2026-06-26,LOC-001,4.7,10
2026-06-26,LOC-001,4.3,16
2026-06-26,LOC-001,4.9,47
2026-06-26,LOC-001,4.3,14
2026-06-26,LOC-001,4.1,1
2026-06-27,LOC-001,4.3,16
2026-06-27,LOC-001,3.2,15
2026-06-27,LOC-001,4.3,11
2026-06-28,LOC-001,4.5,16
2026-06-28,LOC-001,5.0,8
2026-06-28,LOC-001,4.5,1
2026-06-28,LOC-001,4.1,1
2026-06-28,LOC-001,3.9,1
2026-06-28,LOC-001,4.2,32
2026-06-29,LOC-001,4.2,9
2026-06-29,LOC-001,4.7,13
2026-06-29,LOC-001,4.5,1
2026-06-30,LOC-001,4.8,15
2026-06-30,LOC-001,4.0,62
2026-06-30,LOC-001,4.2,13
2026-06-30,LOC-001,5.0,1
2026-01-01,LOC-002,2.5,18
2026-01-01,LOC-002,3.7,16
2026-01-01,LOC-002,4.2,10
2026-01-01,LOC-002,3.5,6
2026-01-01,LOC-002,5.0,1
2026-01-02,LOC-002,4.1,22
2026-01-02,LOC-002,4.0,8
2026-01-03,LOC-002,3.8,22
2026-01-03,LOC-002,3.7,39
2026-01-04,LOC-002,3.6,10
2026-01-04,LOC-002,3.9,8
2026-01-04,LOC-002,4.3,12
2026-01-04,LOC-002,4.8,5
2026-01-05,LOC-002,3.7,1
2026-01-05,LOC-002,4.3,16
2026-01-05,LOC-002,4.2,30
2026-01-05,LOC-002,3.1,4
2026-01-05,LOC-002,3.8,6
2026-01-05,LOC-002,4.2,1
2026-01-05,LOC-002,3.9,1
2026-01-06,LOC-002,3.9,63
2026-01-07,LOC-002,3.9,19
2026-01-07,LOC-002,2.7,10
2026-01-07,LOC-002,4.2,2
2026-01-07,LOC-002,4.5,4
2026-01-07,LOC-002,3.7,4
2026-01-08,LOC-002,4.9,6
2026-01-08,LOC-002,4.3,6
2026-01-08,LOC-002,4.4,1
2026-01-09,LOC-002,4.4,1
2026-01-09,LOC-002,2.7,47
2026-01-09,LOC-002,4.2,3
2026-01-10,LOC-002,4.7,8
2026-01-10,LOC-002,3.9,18
2026-01-10,LOC-002,4.4,47
2026-01-11,LOC-002,4.3,11
2026-01-11,LOC-002,4.7,30
2026-01-11,LOC-002,4.2,9
2026-01-12,LOC-002,4.5,2
2026-01-12,LOC-002,4.1,4
2026-01-12,LOC-002,3.7,11
2026-01-12,LOC-002,4.3,20
2026-01-13,LOC-002,3.9,18
2026-01-13,LOC-002,4.7,3
2026-01-14,LOC-002,4.0,12
2026-01-14,LOC-002,4.3,7
2026-01-15,LOC-002,3.8,19
2026-01-15,LOC-002,4.1,9
2026-01-15,LOC-002,3.2,17
2026-01-16,LOC-002,4.6,29
2026-01-16,LOC-002,4.1,10
2026-01-16,LOC-002,4.1,11
2026-01-16,LOC-002,4.4,5
2026-01-17,LOC-002,3.7,12
2026-01-18,LOC-002,4.2,6
2026-01-18,LOC-002,4.7,6
2026-01-18,LOC-002,3.8,15
2026-01-18,LOC-002,4.7,1
2026-01-19,LOC-002,5.0,9
2026-01-19,LOC-002,4.2,1
2026-01-20,LOC-002,2.8,6
2026-01-21,LOC-002,3.8,25
2026-01-21,LOC-002,4.3,5
2026-01-21,LOC-002,3.8,2
2026-01-21,LOC-002,3.8,34
2026-01-22,LOC-002,3.5,8
2026-01-22,LOC-002,3.9,11
2026-01-22,LOC-002,4.4,10
2026-01-23,LOC-002,3.7,3
2026-01-23,LOC-002,3.3,6
2026-01-23,LOC-002,4.1,2
2026-01-23,LOC-002,3.4,23
2026-01-23,LOC-002,4.1,25
2026-01-23,LOC-002,4.4,1
2026-01-24,LOC-002,3.5,3
2026-01-24,LOC-002,3.6,19
2026-01-24,LOC-002,4.1,4
2026-01-24,LOC-002,3.6,21
2026-01-25,LOC-002,4.8,51
2026-01-25,LOC-002,3.5,10
2026-01-25,LOC-002,4.6,1
2026-01-26,LOC-002,3.6,24
2026-01-26,LOC-002,3.5,21
2026-01-26,LOC-002,3.4,27
2026-01-26,LOC-002,4.4,14
2026-01-27,LOC-002,3.9,5
2026-01-27,LOC-002,4.3,2
2026-01-28,LOC-002,4.1,14
2026-01-28,LOC-002,4.2,22
2026-01-28,LOC-002,4.4,19
2026-01-29,LOC-002,4.3,26
2026-01-29,LOC-002,3.9,6
2026-01-29,LOC-002,3.9,15
2026-01-29,LOC-002,4.0,2
2026-01-29,LOC-002,4.1,3
2026-01-29,LOC-002,5.0,10
2026-01-29,LOC-002,4.1,9
2026-01-29,LOC-002,3.6,3
2026-01-29,LOC-002,3.7,7
2026-01-30,LOC-002,4.1,16
2026-01-30,LOC-002,4.3,16
2026-01-30,LOC-002,4.3,14
2026-01-30,LOC-002,3.9,15
2026-01-31,LOC-002,4.8,10
2026-01-31,LOC-002,3.8,16
2026-01-31,LOC-002,4.0,30
2026-01-31,LOC-002,4.8,1
2026-02-01,LOC-002,4.6,19
2026-02-01,LOC-002,4.7,50
2026-02-02,LOC-002,4.1,1
2026-02-02,LOC-002,3.9,1
2026-02-03,LOC-002,4.0,7
2026-02-03,LOC-002,3.8,24
2026-02-03,LOC-002,3.3,1
2026-02-03,LOC-002,4.3,26
2026-02-03,LOC-002,4.5,13
2026-02-04,LOC-002,4.6,1
2026-02-04,LOC-002,4.5,14
2026-02-05,LOC-002,4.4,9
2026-02-05,LOC-002,4.5,26
2026-02-05,LOC-002,3.8,9
2026-02-05,LOC-002,3.8,6
2026-02-05,LOC-002,3.4,1
2026-02-05,LOC-002,4.5,13
2026-02-05,LOC-002,4.3,1
2026-02-05,LOC-002,3.9,2
2026-02-07,LOC-002,4.8,3
2026-02-07,LOC-002,4.9,15
2026-02-07,LOC-002,3.6,9
2026-02-07,LOC-002,4.2,1
2026-02-08,LOC-002,4.3,6
2026-02-08,LOC-002,4.3,17
2026-02-09,LOC-002,4.0,36
2026-02-09,LOC-002,3.4,33
2026-02-10,LOC-002,4.5,15
2026-02-10,LOC-002,4.3,14
2026-02-11,LOC-002,3.9,43
2026-02-11,LOC-002,3.7,28
2026-02-12,LOC-002,3.9,40
2026-02-12,LOC-002,4.6,40
2026-02-13,LOC-002,4.9,35
2026-02-13,LOC-002,3.7,47
2026-02-13,LOC-002,5.0,1
2026-02-15,LOC-002,3.9,14
2026-02-15,LOC-002,4.2,28
2026-02-15,LOC-002,4.3,3
2026-02-16,LOC-002,3.9,9
2026-02-16,LOC-002,4.2,6
2026-02-17,LOC-002,3.4,3
2026-02-17,LOC-002,4.0,7
2026-02-17,LOC-002,3.8,14
2026-02-18,LOC-002,4.4,35
2026-02-18,LOC-002,4.6,2
2026-02-18,LOC-002,4.4,28
2026-02-19,LOC-002,4.4,30
2026-02-19,LOC-002,4.5,1
2026-02-19,LOC-002,3.7,1
2026-02-20,LOC-002,5.0,41
2026-02-21,LOC-002,4.1,7
2026-02-21,LOC-002,3.7,1
2026-02-21,LOC-002,4.4,17
2026-02-21,LOC-002,3.5,8
2026-02-22,LOC-002,3.6,26
2026-02-22,LOC-002,4.1,12
2026-02-22,LOC-002,3.1,3
2026-02-22,LOC-002,4.5,7
2026-02-28,LOC-002,4.0,3
2026-03-01,LOC-002,3.6,31
2026-03-01,LOC-002,4.3,17
2026-03-02,LOC-002,4.2,8
2026-03-02,LOC-002,4.6,1
2026-03-03,LOC-002,5.0,3
2026-03-04,LOC-002,3.6,9
2026-03-04,LOC-002,4.2,19
2026-03-05,LOC-002,3.9,4
2026-03-06,LOC-002,3.6,13
2026-03-06,LOC-002,3.5,20
2026-03-06,LOC-002,4.2,5
2026-03-06,LOC-002,4.1,2
2026-03-07,LOC-002,3.9,12
2026-03-07,LOC-002,5.0,8
2026-03-07,LOC-002,4.1,17
2026-03-08,LOC-002,3.4,3
2026-03-08,LOC-002,4.0,9
2026-03-08,LOC-002,3.7,3
2026-03-08,LOC-002,3.8,8
2026-03-09,LOC-002,4.4,16
2026-03-09,LOC-002,4.1,23
2026-03-09,LOC-002,5.0,7
2026-03-09,LOC-002,4.1,8
2026-03-10,LOC-002,4.4,8
2026-03-11,LOC-002,4.2,9
2026-03-12,LOC-002,4.1,15
2026-03-12,LOC-002,2.9,16
2026-03-12,LOC-002,3.8,10
2026-03-12,LOC-002,4.2,3
2026-03-12,LOC-002,4.3,4
2026-03-13,LOC-002,4.6,3
2026-03-13,LOC-002,4.4,6
2026-03-14,LOC-002,4.0,43
2026-03-14,LOC-002,4.0,17
2026-03-14,LOC-002,3.8,13
2026-03-14,LOC-002,4.8,12
2026-03-15,LOC-002,4.1,1
2026-03-15,LOC-002,3.7,22
2026-03-16,LOC-002,4.4,17
2026-03-17,LOC-002,4.0,15
2026-03-17,LOC-002,4.3,13
2026-03-17,LOC-002,3.6,1
2026-03-18,LOC-002,4.2,33
2026-03-18,LOC-002,3.6,5
2026-03-19,LOC-002,3.7,22
2026-03-19,LOC-002,4.0,1
2026-03-19,LOC-002,4.3,44
2026-03-19,LOC-002,4.8,10
2026-03-19,LOC-002,4.5,1
2026-03-20,LOC-002,4.4,3
2026-03-20,LOC-002,4.5,1
2026-03-21,LOC-002,3.4,25
2026-03-23,LOC-002,4.7,8
2026-03-23,LOC-002,4.3,4
2026-03-23,LOC-002,5.0,3
2026-03-24,LOC-002,3.7,29
2026-03-24,LOC-002,4.9,11
2026-03-25,LOC-002,3.4,25
2026-03-25,LOC-002,3.7,18
2026-03-25,LOC-002,3.6,1
2026-03-25,LOC-002,3.6,18
2026-03-26,LOC-002,3.9,10
2026-03-27,LOC-002,3.8,1
2026-03-27,LOC-002,4.2,1
2026-03-28,LOC-002,4.7,1
2026-03-28,LOC-002,3.3,19
2026-03-28,LOC-002,3.3,12
2026-03-28,LOC-002,3.5,43
2026-03-29,LOC-002,3.8,5
2026-03-29,LOC-002,4.2,4
2026-03-29,LOC-002,5.0,3
2026-03-29,LOC-002,4.2,6
2026-03-30,LOC-002,4.3,10
2026-03-30,LOC-002,5.0,2
2026-03-30,LOC-002,3.9,1
2026-03-30,LOC-002,4.2,1
2026-03-31,LOC-002,3.8,2
2026-03-31,LOC-002,2.9,1
2026-03-31,LOC-002,4.8,5
2026-04-01,LOC-002,3.7,17
2026-04-01,LOC-002,4.4,7
2026-04-01,LOC-002,3.6,17
2026-04-02,LOC-002,3.5,3
2026-04-02,LOC-002,3.3,41
2026-04-02,LOC-002,4.7,21
2026-04-03,LOC-002,3.9,2
2026-04-03,LOC-002,3.8,1
2026-04-03,LOC-002,4.6,13
2026-04-03,LOC-002,3.9,13
2026-04-04,LOC-002,3.4,19
2026-04-04,LOC-002,4.3,62
2026-04-05,LOC-002,4.5,7
2026-04-05,LOC-002,3.7,15
2026-04-05,LOC-002,5.0,64
2026-04-05,LOC-002,4.2,1
2026-04-05,LOC-002,3.1,48
2026-04-06,LOC-002,3.6,5
2026-04-06,LOC-002,3.4,4
2026-04-06,LOC-002,4.8,18
2026-04-06,LOC-002,4.0,6
2026-04-07,LOC-002,3.9,1
2026-04-07,LOC-002,3.8,5
2026-04-08,LOC-002,4.2,8
2026-04-08,LOC-002,4.2,6
2026-04-08,LOC-002,2.7,33
2026-04-08,LOC-002,3.3,13
2026-04-08,LOC-002,4.0,13
2026-04-09,LOC-002,4.6,4
2026-04-09,LOC-002,3.5,8
2026-04-09,LOC-002,3.8,40
2026-04-10,LOC-002,4.6,1
2026-04-10,LOC-002,3.8,18
2026-04-10,LOC-002,3.6,16
2026-04-10,LOC-002,4.7,51
2026-04-10,LOC-002,3.3,16
2026-04-11,LOC-002,4.1,8
2026-04-11,LOC-002,4.9,13
2026-04-12,LOC-002,3.5,5
2026-04-13,LOC-002,4.9,12
2026-04-13,LOC-002,4.6,12
2026-04-15,LOC-002,4.4,34
2026-04-15,LOC-002,4.6,29
2026-04-15,LOC-002,3.9,14
2026-04-15,LOC-002,4.4,33
2026-04-16,LOC-002,3.5,8
2026-04-16,LOC-002,4.2,59
2026-04-16,LOC-002,4.3,8
2026-04-16,LOC-002,3.7,5
2026-04-17,LOC-002,3.7,17
2026-04-18,LOC-002,3.7,17
2026-04-18,LOC-002,4.2,4
2026-04-18,LOC-002,4.2,12
2026-04-18,LOC-002,3.9,1
2026-04-18,LOC-002,4.8,7
2026-04-18,LOC-002,4.0,12
2026-04-18,LOC-002,3.8,5
2026-04-18,LOC-002,4.5,12
2026-04-19,LOC-002,3.8,1
2026-04-20,LOC-002,3.8,1
2026-04-20,LOC-002,3.5,18
2026-04-20,LOC-002,4.0,11
2026-04-20,LOC-002,4.2,6
2026-04-21,LOC-002,4.1,1
2026-04-21,LOC-002,4.5,7
2026-04-21,LOC-002,3.7,11
2026-04-22,LOC-002,3.8,8
2026-04-22,LOC-002,3.8,7
2026-04-22,LOC-002,4.3,1
2026-04-22,LOC-002,4.2,3
2026-04-23,LOC-002,4.0,28
2026-04-23,LOC-002,3.3,26
2026-04-24,LOC-002,5.0,20
2026-04-24,LOC-002,4.4,30
2026-04-24,LOC-002,3.6,34
2026-04-24,LOC-002,5.0,8
2026-04-24,LOC-002,3.0,1
2026-04-25,LOC-002,4.4,36
2026-04-26,LOC-002,4.3,6
2026-04-27,LOC-002,4.1,4
2026-04-28,LOC-002,3.6,2
2026-04-28,LOC-002,4.7,33
2026-04-28,LOC-002,4.0,17
2026-04-28,LOC-002,4.2,9
2026-04-29,LOC-002,4.0,33
2026-04-29,LOC-002,3.7,2
2026-04-30,LOC-002,4.7,19
2026-04-30,LOC-002,3.7,22
2026-04-30,LOC-002,4.5,14
2026-05-02,LOC-002,4.3,43
2026-05-02,LOC-002,3.7,28
2026-05-02,LOC-002,3.9,7
2026-05-02,LOC-002,3.8,6
2026-05-03,LOC-002,3.8,10
2026-05-03,LOC-002,3.7,1
2026-05-03,LOC-002,4.0,17
2026-05-03,LOC-002,4.4,10
2026-05-03,LOC-002,4.0,19
2026-05-03,LOC-002,4.2,3
2026-05-04,LOC-002,4.1,8
2026-05-04,LOC-002,4.3,17
2026-05-04,LOC-002,4.3,43
2026-05-05,LOC-002,3.9,39
2026-05-05,LOC-002,4.1,7
2026-05-05,LOC-002,3.3,11
2026-05-05,LOC-002,3.2,64
2026-05-05,LOC-002,4.8,45
2026-05-06,LOC-002,5.0,9
2026-05-06,LOC-002,4.2,31
2026-05-06,LOC-002,4.6,51
2026-05-06,LOC-002,4.4,33
2026-05-07,LOC-002,4.2,17
2026-05-07,LOC-002,4.3,45
2026-05-08,LOC-002,4.2,2
2026-05-08,LOC-002,4.9,4
2026-05-08,LOC-002,3.2,9
2026-05-09,LOC-002,4.0,3
2026-05-09,LOC-002,3.4,25
2026-05-10,LOC-002,4.1,10
2026-05-10,LOC-002,4.6,10
2026-05-10,LOC-002,3.8,23
2026-05-11,LOC-002,4.3,3
2026-05-12,LOC-002,3.7,13
2026-05-12,LOC-002,4.0,7
2026-05-13,LOC-002,4.2,27
2026-05-13,LOC-002,5.0,11
2026-05-13,LOC-002,3.9,17
2026-05-14,LOC-002,4.4,46
2026-05-14,LOC-002,4.1,15
2026-05-15,LOC-002,4.4,8
2026-05-15,LOC-002,4.2,1
2026-05-15,LOC-002,3.5,27
2026-05-16,LOC-002,4.2,18
2026-05-16,LOC-002,4.3,3
2026-05-17,LOC-002,4.4,29
2026-05-17,LOC-002,3.3,11
2026-05-17,LOC-002,4.1,1
2026-05-17,LOC-002,4.2,4
2026-05-17,LOC-002,3.8,38
2026-05-18,LOC-002,3.6,18
2026-05-18,LOC-002,4.1,21
2026-05-19,LOC-002,4.0,1
2026-05-19,LOC-002,4.3,31
2026-05-20,LOC-002,4.9,30
2026-05-20,LOC-002,3.2,11
2026-05-20,LOC-002,3.9,7
2026-05-20,LOC-002,3.6,1
2026-05-20,LOC-002,4.3,17
2026-05-21,LOC-002,2.9,9
2026-05-22,LOC-002,4.5,1
2026-05-23,LOC-002,4.5,2
2026-05-23,LOC-002,3.2,20
2026-05-23,LOC-002,3.5,39
2026-05-24,LOC-002,4.6,74
2026-05-24,LOC-002,4.6,1
2026-05-24,LOC-002,3.0,1
2026-05-24,LOC-002,3.7,19
2026-05-24,LOC-002,4.8,7
2026-05-25,LOC-002,3.0,5
2026-05-25,LOC-002,3.7,2
2026-05-25,LOC-002,3.2,3
2026-05-26,LOC-002,3.9,8
2026-05-26,LOC-002,3.9,7
2026-05-26,LOC-002,4.1,5
2026-05-27,LOC-002,3.4,2
2026-05-27,LOC-002,3.8,48
2026-05-27,LOC-002,3.8,22
2026-05-28,LOC-002,3.8,65
2026-05-29,LOC-002,4.1,5
2026-05-29,LOC-002,4.1,19
2026-05-30,LOC-002,3.5,3
2026-05-30,LOC-002,4.2,1
2026-06-01,LOC-002,3.7,19
2026-06-01,LOC-002,4.3,12
2026-06-01,LOC-002,3.7,10
2026-06-02,LOC-002,4.3,22
2026-06-02,LOC-002,4.2,45
2026-06-03,LOC-002,3.8,10
2026-06-04,LOC-002,5.0,3
2026-06-05,LOC-002,3.3,1
2026-06-05,LOC-002,4.3,1
2026-06-06,LOC-002,3.1,17
2026-06-06,LOC-002,3.5,7
2026-06-06,LOC-002,3.2,6
2026-06-06,LOC-002,2.8,4
2026-06-06,LOC-002,3.8,28
2026-06-07,LOC-002,4.1,26
2026-06-07,LOC-002,4.4,11
2026-06-07,LOC-002,4.2,1
2026-06-07,LOC-002,4.3,5
2026-06-07,LOC-002,3.3,14
2026-06-07,LOC-002,2.7,6
2026-06-08,LOC-002,5.0,2
2026-06-08,LOC-002,4.7,11
2026-06-08,LOC-002,3.1,55
2026-06-09,LOC-002,3.8,1
2026-06-09,LOC-002,4.1,7
2026-06-09,LOC-002,4.0,8
2026-06-09,LOC-002,3.4,15
2026-06-09,LOC-002,3.6,5
2026-06-09,LOC-002,3.4,4
2026-06-10,LOC-002,5.0,1
2026-06-10,LOC-002,3.4,2
2026-06-11,LOC-002,4.4,1
2026-06-11,LOC-002,3.6,24
2026-06-11,LOC-002,4.7,12
2026-06-11,LOC-002,3.5,27
2026-06-11,LOC-002,3.9,1
2026-06-11,LOC-002,3.4,36
2026-06-12,LOC-002,3.3,6
2026-06-12,LOC-002,3.5,1
2026-06-12,LOC-002,3.8,1
2026-06-12,LOC-002,4.9,30
2026-06-14,LOC-002,3.0,6
2026-06-14,LOC-002,3.5,1
2026-06-15,LOC-002,3.5,7
2026-06-15,LOC-002,3.6,31
2026-06-15,LOC-002,3.6,26
2026-06-15,LOC-002,3.7,2
2026-06-16,LOC-002,4.2,16
2026-06-16,LOC-002,4.0,8
2026-06-16,LOC-002,3.9,14
2026-06-16,LOC-002,3.9,11
2026-06-16,LOC-002,4.4,4
2026-06-18,LOC-002,4.9,24
2026-06-18,LOC-002,3.8,6
2026-06-19,LOC-002,4.0,5
2026-06-19,LOC-002,5.0,1
2026-06-19,LOC-002,4.5,5
2026-06-19,LOC-002,4.4,40
2026-06-19,LOC-002,4.4,31
2026-06-20,LOC-002,3.9,1
2026-06-20,LOC-002,4.2,1
2026-06-20,LOC-002,4.5,18
2026-06-20,LOC-002,4.2,1
2026-06-20,LOC-002,3.2,1
2026-06-21,LOC-002,4.8,15
2026-06-21,LOC-002,3.8,7
2026-06-21,LOC-002,3.8,8
2026-06-22,LOC-002,4.7,12
2026-06-23,LOC-002,4.4,15
2026-06-23,LOC-002,3.1,17
2026-06-23,LOC-002,4.4,4
2026-06-23,LOC-002,3.7,10
2026-06-24,LOC-002,3.9,10
2026-06-24,LOC-002,4.2,5
2026-06-24,LOC-002,4.8,1
2026-06-24,LOC-002,3.6,2
2026-06-25,LOC-002,4.2,18
2026-06-25,LOC-002,3.9,20
2026-06-25,LOC-002,4.6,1
2026-06-25,LOC-002,3.3,23
2026-06-26,LOC-002,3.9,2
2026-06-26,LOC-002,3.7,12
2026-06-27,LOC-002,4.1,5
2026-06-27,LOC-002,4.3,10
2026-06-28,LOC-002,2.5,2
2026-06-28,LOC-002,4.7,10
2026-06-28,LOC-002,3.1,4
2026-06-28,LOC-002,4.0,10
2026-06-28,LOC-002,4.5,2
2026-06-28,LOC-002,3.9,12
2026-06-29,LOC-002,3.7,53
2026-06-29,LOC-002,4.4,13
2026-06-29,LOC-002,4.3,17
2026-06-29,LOC-002,3.7,10
2026-06-30,LOC-002,3.4,21
2026-06-30,LOC-002,4.3,50
2026-06-30,LOC-002,3.7,25
2026-01-01,LOC-003,3.9,7
2026-01-01,LOC-003,4.1,17
2026-01-01,LOC-003,4.3,4
2026-01-01,LOC-003,4.3,5
2026-01-01,LOC-003,3.6,9
2026-01-02,LOC-003,4.8,19
2026-01-02,LOC-003,3.7,7
2026-01-02,LOC-003,3.9,1
2026-01-02,LOC-003,3.9,2
2026-01-02,LOC-003,4.3,21
2026-01-02,LOC-003,3.5,29
2026-01-02,LOC-003,3.2,11
2026-01-03,LOC-003,4.8,3
2026-01-03,LOC-003,3.7,47
2026-01-03,LOC-003,3.7,17
2026-01-03,LOC-003,4.8,2
2026-01-03,LOC-003,4.2,9
2026-01-03,LOC-003,4.2,3
2026-01-04,LOC-003,3.3,1
2026-01-04,LOC-003,3.3,1
2026-01-04,LOC-003,3.3,17
2026-01-04,LOC-003,4.4,21
2026-01-04,LOC-003,3.2,28
2026-01-04,LOC-003,5.0,1
2026-01-04,LOC-003,3.8,1
2026-01-05,LOC-003,3.0,16
2026-01-05,LOC-003,3.7,4
2026-01-05,LOC-003,4.2,1
2026-01-06,LOC-003,3.6,13
2026-01-06,LOC-003,4.3,13
2026-01-06,LOC-003,3.8,5
2026-01-07,LOC-003,4.4,49
2026-01-07,LOC-003,3.9,1
2026-01-08,LOC-003,4.1,22
2026-01-08,LOC-003,4.0,1
2026-01-09,LOC-003,4.4,5
2026-01-09,LOC-003,4.1,14
2026-01-09,LOC-003,3.9,36
2026-01-10,LOC-003,3.8,3
2026-01-10,LOC-003,3.7,2
2026-01-10,LOC-003,3.6,5
2026-01-11,LOC-003,3.4,2
2026-01-11,LOC-003,4.4,34
2026-01-12,LOC-003,4.2,3
2026-01-12,LOC-003,3.9,6
2026-01-12,LOC-003,4.5,3
2026-01-13,LOC-003,3.9,32
2026-01-13,LOC-003,4.1,5
2026-01-13,LOC-003,3.6,7
2026-01-13,LOC-003,3.9,1
2026-01-14,LOC-003,4.1,7
2026-01-14,LOC-003,4.8,12
2026-01-14,LOC-003,4.1,17
2026-01-15,LOC-003,3.6,21
2026-01-15,LOC-003,4.4,6
2026-01-15,LOC-003,4.3,4
2026-01-15,LOC-003,4.6,33
2026-01-16,LOC-003,3.8,1
2026-01-16,LOC-003,4.3,27
2026-01-17,LOC-003,4.1,3
2026-01-17,LOC-003,4.1,4
2026-01-17,LOC-003,3.2,21
2026-01-17,LOC-003,3.5,19
2026-01-18,LOC-003,3.6,1
2026-01-19,LOC-003,4.2,3
2026-01-19,LOC-003,3.5,2
2026-01-19,LOC-003,4.2,31
2026-01-19,LOC-003,4.4,7
2026-01-20,LOC-003,3.6,1
2026-01-20,LOC-003,4.3,1
2026-01-20,LOC-003,3.2,14
2026-01-21,LOC-003,4.1,39
2026-01-21,LOC-003,3.8,21
2026-01-22,LOC-003,3.7,1
2026-01-22,LOC-003,4.7,27
2026-01-23,LOC-003,5.0,1
2026-01-24,LOC-003,3.6,2
2026-01-25,LOC-003,3.9,15
2026-01-25,LOC-003,3.7,24
2026-01-25,LOC-003,4.9,14
2026-01-25,LOC-003,4.1,11
2026-01-26,LOC-003,4.4,27
2026-01-26,LOC-003,4.3,6
2026-01-27,LOC-003,4.6,9
2026-01-27,LOC-003,4.3,4
2026-01-27,LOC-003,4.0,3
2026-01-28,LOC-003,3.8,1
2026-01-28,LOC-003,4.3,7
2026-01-28,LOC-003,4.1,11
2026-01-28,LOC-003,3.4,8
2026-01-28,LOC-003,4.2,6
2026-01-28,LOC-003,3.9,3
2026-01-29,LOC-003,4.3,15
2026-01-29,LOC-003,4.1,10
2026-01-29,LOC-003,4.4,56
2026-01-29,LOC-003,3.5,22
2026-01-29,LOC-003,4.4,4
2026-01-30,LOC-003,3.3,2
2026-01-30,LOC-003,4.1,3
2026-01-30,LOC-003,3.6,7
2026-01-30,LOC-003,4.1,4
2026-02-01,LOC-003,4.0,2
2026-02-01,LOC-003,3.7,3
2026-02-01,LOC-003,4.5,1
2026-02-01,LOC-003,3.9,2
2026-02-02,LOC-003,4.4,3
2026-02-03,LOC-003,3.7,47
2026-02-04,LOC-003,2.3,18
2026-02-04,LOC-003,3.7,13
2026-02-04,LOC-003,3.9,3
2026-02-05,LOC-003,4.4,84
2026-02-05,LOC-003,3.3,24
2026-02-06,LOC-003,4.0,35
2026-02-06,LOC-003,3.5,24
2026-02-06,LOC-003,4.3,12
2026-02-06,LOC-003,3.1,2
2026-02-07,LOC-003,3.5,25
2026-02-07,LOC-003,4.2,2
2026-02-07,LOC-003,4.3,9
2026-02-08,LOC-003,3.5,13
2026-02-08,LOC-003,2.7,2
2026-02-08,LOC-003,3.8,6
2026-02-08,LOC-003,5.0,1
2026-02-09,LOC-003,3.6,24
2026-02-10,LOC-003,4.4,3
2026-02-10,LOC-003,3.4,13
2026-02-10,LOC-003,4.7,26
2026-02-10,LOC-003,3.7,2
2026-02-10,LOC-003,4.6,9
2026-02-11,LOC-003,4.1,3
2026-02-11,LOC-003,3.7,4
2026-02-12,LOC-003,3.7,25
2026-02-12,LOC-003,4.1,11
2026-02-13,LOC-003,3.6,21
2026-02-13,LOC-003,3.6,16
2026-02-14,LOC-003,4.0,2
2026-02-14,LOC-003,3.8,43
2026-02-14,LOC-003,2.7,40
2026-02-14,LOC-003,3.7,8
2026-02-15,LOC-003,3.9,13
2026-02-15,LOC-003,4.2,28
2026-02-15,LOC-003,4.4,2
2026-02-15,LOC-003,4.5,2
2026-02-16,LOC-003,4.0,1
2026-02-16,LOC-003,4.1,1
2026-02-17,LOC-003,3.9,23
2026-02-17,LOC-003,4.4,10
2026-02-17,LOC-003,4.1,1
2026-02-18,LOC-003,4.6,15
2026-02-18,LOC-003,4.1,24
2026-02-18,LOC-003,3.5,1
2026-02-19,LOC-003,4.4,24
2026-02-19,LOC-003,4.7,5
2026-02-19,LOC-003,4.7,1
2026-02-20,LOC-003,4.8,1
2026-02-20,LOC-003,4.3,27
2026-02-20,LOC-003,5.0,20
2026-02-21,LOC-003,4.0,14
2026-02-21,LOC-003,4.4,10
2026-02-21,LOC-003,4.1,26
2026-02-21,LOC-003,4.2,12
2026-02-22,LOC-003,3.9,7
2026-02-22,LOC-003,2.8,9
2026-02-22,LOC-003,4.1,15
2026-02-23,LOC-003,3.8,7
2026-02-24,LOC-003,5.0,23
2026-02-24,LOC-003,4.0,8
2026-02-24,LOC-003,4.4,12
2026-02-25,LOC-003,3.5,12
2026-02-25,LOC-003,3.9,1
2026-02-25,LOC-003,3.3,1
2026-02-25,LOC-003,3.9,13
2026-02-26,LOC-003,4.1,31
2026-02-26,LOC-003,4.7,10
2026-02-27,LOC-003,4.7,7
2026-02-27,LOC-003,3.7,17
2026-02-27,LOC-003,5.0,6
2026-02-28,LOC-003,4.4,9
2026-02-28,LOC-003,4.5,14
2026-02-28,LOC-003,3.4,50
2026-02-28,LOC-003,3.9,35
2026-03-01,LOC-003,4.4,8
2026-03-01,LOC-003,4.9,26
2026-03-01,LOC-003,3.8,1
2026-03-01,LOC-003,3.8,6
2026-03-01,LOC-003,4.2,14
2026-03-02,LOC-003,3.4,3
2026-03-03,LOC-003,4.1,5
2026-03-04,LOC-003,4.0,34
2026-03-05,LOC-003,4.7,2
2026-03-05,LOC-003,4.2,11
2026-03-05,LOC-003,3.2,8
2026-03-05,LOC-003,4.0,20
2026-03-05,LOC-003,4.3,7
2026-03-07,LOC-003,4.0,11
2026-03-07,LOC-003,4.4,12
2026-03-07,LOC-003,3.3,23
2026-03-08,LOC-003,4.0,18
2026-03-08,LOC-003,4.2,1
2026-03-09,LOC-003,3.9,29
2026-03-09,LOC-003,3.7,42
2026-03-09,LOC-003,4.2,26
2026-03-10,LOC-003,4.4,11
2026-03-10,LOC-003,4.2,21
2026-03-10,LOC-003,3.9,15
2026-03-10,LOC-003,3.9,11
2026-03-10,LOC-003,3.3,15
2026-03-11,LOC-003,4.6,2
2026-03-12,LOC-003,3.5,6
2026-03-12,LOC-003,3.8,42
2026-03-12,LOC-003,3.8,21
2026-03-13,LOC-003,3.0,45
2026-03-13,LOC-003,3.9,20
2026-03-13,LOC-003,3.4,12
2026-03-13,LOC-003,4.1,15
2026-03-14,LOC-003,3.9,9
2026-03-14,LOC-003,4.4,13
2026-03-14,LOC-003,3.5,7
2026-03-14,LOC-003,3.5,36
2026-03-14,LOC-003,4.0,10
2026-03-14,LOC-003,4.1,23
2026-03-14,LOC-003,4.5,4
2026-03-15,LOC-003,4.2,15
2026-03-15,LOC-003,3.3,40
2026-03-16,LOC-003,4.2,1
2026-03-17,LOC-003,3.7,7
2026-03-17,LOC-003,2.7,11
2026-03-17,LOC-003,4.9,16
2026-03-17,LOC-003,5.0,2
2026-03-17,LOC-003,4.7,4
2026-03-18,LOC-003,3.6,11
2026-03-18,LOC-003,4.3,7
2026-03-19,LOC-003,4.8,10
2026-03-19,LOC-003,3.8,24
2026-03-19,LOC-003,3.0,13
2026-03-19,LOC-003,4.8,1
2026-03-19,LOC-003,3.6,18
2026-03-19,LOC-003,4.7,7
2026-03-20,LOC-003,3.3,7
2026-03-20,LOC-003,4.6,7
2026-03-21,LOC-003,4.7,39
2026-03-21,LOC-003,3.7,11
2026-03-21,LOC-003,3.4,29
2026-03-21,LOC-003,4.3,17
2026-03-21,LOC-003,3.3,1
2026-03-21,LOC-003,3.3,36
2026-03-22,LOC-003,4.5,30
2026-03-23,LOC-003,4.2,31
2026-03-23,LOC-003,4.7,7
2026-03-24,LOC-003,3.3,11
2026-03-24,LOC-003,3.4,2
2026-03-24,LOC-003,4.0,11
2026-03-24,LOC-003,3.6,14
2026-03-24,LOC-003,4.5,22
2026-03-25,LOC-003,4.7,39
2026-03-26,LOC-003,4.5,3
2026-03-26,LOC-003,4.0,18
2026-03-26,LOC-003,4.0,22
2026-03-26,LOC-003,4.2,3
2026-03-27,LOC-003,4.1,11
2026-03-27,LOC-003,3.9,21
2026-03-27,LOC-003,4.4,3
2026-03-27,LOC-003,4.4,9
2026-03-28,LOC-003,3.5,38
2026-03-29,LOC-003,4.6,20
2026-03-29,LOC-003,4.3,1
2026-03-29,LOC-003,4.2,8
2026-03-30,LOC-003,4.5,22
2026-03-30,LOC-003,3.8,20
2026-03-30,LOC-003,4.1,4
2026-03-30,LOC-003,3.7,14
2026-03-30,LOC-003,4.3,1
2026-03-30,LOC-003,4.1,23
2026-03-30,LOC-003,4.0,13
2026-03-30,LOC-003,4.5,17
2026-03-30,LOC-003,3.9,25
2026-03-31,LOC-003,4.2,1
2026-04-01,LOC-003,3.9,1
2026-04-01,LOC-003,5.0,8
2026-04-02,LOC-003,3.1,34
2026-04-02,LOC-003,3.7,6
2026-04-02,LOC-003,3.9,37
2026-04-03,LOC-003,3.7,8
2026-04-03,LOC-003,4.3,2
2026-04-03,LOC-003,3.7,32
2026-04-03,LOC-003,4.3,1
2026-04-03,LOC-003,4.0,24
2026-04-04,LOC-003,4.4,2
2026-04-04,LOC-003,4.0,21
2026-04-04,LOC-003,4.3,6
2026-04-04,LOC-003,3.1,2
2026-04-05,LOC-003,3.8,11
2026-04-05,LOC-003,5.0,6
2026-04-05,LOC-003,4.6,12
2026-04-06,LOC-003,4.3,3
2026-04-06,LOC-003,3.3,5
2026-04-07,LOC-003,4.4,23
2026-04-07,LOC-003,3.7,11
2026-04-07,LOC-003,4.3,8
2026-04-08,LOC-003,4.1,20
2026-04-09,LOC-003,4.8,1
2026-04-11,LOC-003,5.0,11
2026-04-12,LOC-003,3.0,8
2026-04-12,LOC-003,4.0,38
2026-04-12,LOC-003,3.8,16
2026-04-13,LOC-003,3.8,13
2026-04-13,LOC-003,4.4,17
2026-04-13,LOC-003,3.7,23
2026-04-14,LOC-003,5.0,4
2026-04-14,LOC-003,4.7,1
2026-04-14,LOC-003,4.2,11
2026-04-14,LOC-003,3.7,13
2026-04-15,LOC-003,3.3,20
2026-04-15,LOC-003,4.4,21
2026-04-15,LOC-003,3.6,32
2026-04-15,LOC-003,4.4,4
2026-04-15,LOC-003,4.6,13
2026-04-15,LOC-003,3.8,14
2026-04-16,LOC-003,4.7,22
2026-04-16,LOC-003,3.6,4
2026-04-17,LOC-003,3.8,3
2026-04-17,LOC-003,4.2,5
2026-04-18,LOC-003,4.5,3
2026-04-18,LOC-003,4.8,1
2026-04-19,LOC-003,3.8,13
2026-04-19,LOC-003,3.9,37
2026-04-19,LOC-003,3.5,46
2026-04-19,LOC-003,4.2,14
2026-04-19,LOC-003,4.4,1
2026-04-19,LOC-003,4.6,1
2026-04-19,LOC-003,3.6,9
2026-04-20,LOC-003,4.3,1
2026-04-20,LOC-003,3.8,1
2026-04-21,LOC-003,2.8,57
2026-04-21,LOC-003,4.2,10
2026-04-21,LOC-003,3.7,72
2026-04-21,LOC-003,4.6,42
2026-04-22,LOC-003,3.6,6
2026-04-22,LOC-003,4.2,1
2026-04-22,LOC-003,3.8,8
2026-04-23,LOC-003,4.4,6
2026-04-23,LOC-003,4.1,50
2026-04-23,LOC-003,4.0,7
2026-04-24,LOC-003,4.6,27
2026-04-25,LOC-003,4.5,18
2026-04-25,LOC-003,4.6,13
2026-04-25,LOC-003,3.6,12
2026-04-25,LOC-003,3.4,20
2026-04-26,LOC-003,3.6,36
2026-04-26,LOC-003,3.4,1
2026-04-26,LOC-003,4.3,21
2026-04-26,LOC-003,4.4,9
2026-04-26,LOC-003,4.4,35
2026-04-27,LOC-003,4.0,36
2026-04-27,LOC-003,3.7,24
2026-04-28,LOC-003,4.2,51
2026-04-29,LOC-003,4.0,1
2026-04-30,LOC-003,3.1,7
2026-05-01,LOC-003,4.2,41
2026-05-02,LOC-003,4.0,15
2026-05-02,LOC-003,3.4,17
2026-05-03,LOC-003,3.4,2
2026-05-03,LOC-003,4.3,3
2026-05-04,LOC-003,3.3,1
2026-05-04,LOC-003,3.9,2
2026-05-05,LOC-003,4.4,27
2026-05-05,LOC-003,4.0,86
2026-05-06,LOC-003,4.6,26
2026-05-07,LOC-003,4.3,5
2026-05-07,LOC-003,5.0,1
2026-05-08,LOC-003,3.3,34
2026-05-08,LOC-003,5.0,10
2026-05-09,LOC-003,3.5,13
2026-05-09,LOC-003,3.8,3
2026-05-09,LOC-003,4.0,1
2026-05-09,LOC-003,3.3,14
2026-05-10,LOC-003,3.3,1
2026-05-10,LOC-003,4.2,5
2026-05-11,LOC-003,3.8,52
2026-05-11,LOC-003,3.6,1
2026-05-11,LOC-003,4.4,25
2026-05-12,LOC-003,3.9,9
2026-05-12,LOC-003,3.6,16
2026-05-12,LOC-003,3.4,5
2026-05-13,LOC-003,4.8,7
2026-05-13,LOC-003,3.2,16
2026-05-14,LOC-003,2.6,60
2026-05-14,LOC-003,4.0,15
2026-05-14,LOC-003,3.6,7
2026-05-14,LOC-003,3.5,1
2026-05-15,LOC-003,4.4,30
2026-05-15,LOC-003,4.1,1
2026-05-16,LOC-003,3.4,3
2026-05-16,LOC-003,3.9,14
2026-05-16,LOC-003,4.2,8
2026-05-16,LOC-003,3.6,5
2026-05-16,LOC-003,3.7,5
2026-05-17,LOC-003,4.9,2
2026-05-17,LOC-003,4.2,1
2026-05-17,LOC-003,3.9,1
2026-05-17,LOC-003,3.9,5
2026-05-17,LOC-003,3.6,11
2026-05-17,LOC-003,4.8,9
2026-05-18,LOC-003,3.8,7
2026-05-19,LOC-003,3.9,36
2026-05-19,LOC-003,4.3,10
2026-05-19,LOC-003,3.3,6
2026-05-19,LOC-003,3.7,97
2026-05-19,LOC-003,3.4,4
2026-05-21,LOC-003,2.9,74
2026-05-21,LOC-003,4.4,3
2026-05-21,LOC-003,3.9,5
2026-05-22,LOC-003,4.3,30
2026-05-22,LOC-003,4.1,86
2026-05-22,LOC-003,4.2,13
2026-05-23,LOC-003,3.5,4
2026-05-24,LOC-003,4.1,10
2026-05-25,LOC-003,4.9,40
2026-05-27,LOC-003,5.0,12
2026-05-27,LOC-003,4.5,30
2026-05-27,LOC-003,3.7,30
2026-05-28,LOC-003,2.7,8
2026-05-28,LOC-003,3.9,9
2026-05-29,LOC-003,4.7,5
2026-05-30,LOC-003,4.0,1
2026-05-31,LOC-003,4.1,2
2026-05-31,LOC-003,3.8,26
2026-05-31,LOC-003,3.3,6
2026-05-31,LOC-003,4.5,21
2026-05-31,LOC-003,4.6,32
2026-05-31,LOC-003,4.5,4
2026-06-01,LOC-003,3.8,1
2026-06-01,LOC-003,4.4,4
2026-06-02,LOC-003,4.6,18
2026-06-02,LOC-003,3.4,14
2026-06-02,LOC-003,3.6,20
2026-06-02,LOC-003,4.5,11
2026-06-02,LOC-003,4.8,3
2026-06-03,LOC-003,4.1,18
2026-06-03,LOC-003,4.4,11
2026-06-03,LOC-003,4.3,17
2026-06-03,LOC-003,3.7,26
2026-06-04,LOC-003,4.9,8
2026-06-04,LOC-003,4.0,11
2026-06-04,LOC-003,3.7,8
2026-06-04,LOC-003,4.1,8
2026-06-05,LOC-003,3.7,16
2026-06-05,LOC-003,4.5,9
2026-06-05,LOC-003,4.6,13
2026-06-05,LOC-003,3.7,29
2026-06-06,LOC-003,4.4,2
2026-06-06,LOC-003,4.0,1
2026-06-06,LOC-003,4.4,15
2026-06-07,LOC-003,4.0,3
2026-06-07,LOC-003,3.9,16
2026-06-08,LOC-003,4.6,23
2026-06-08,LOC-003,4.7,3
2026-06-08,LOC-003,4.8,5
2026-06-09,LOC-003,4.1,31
2026-06-09,LOC-003,4.2,4
2026-06-09,LOC-003,4.4,27
2026-06-10,LOC-003,3.3,6
2026-06-10,LOC-003,4.3,22
2026-06-11,LOC-003,3.4,50
2026-06-11,LOC-003,4.0,2
2026-06-11,LOC-003,3.9,4
2026-06-12,LOC-003,3.5,9
2026-06-13,LOC-003,4.3,26
2026-06-13,LOC-003,3.7,6
2026-06-13,LOC-003,4.0,12
2026-06-13,LOC-003,4.4,9
2026-06-14,LOC-003,4.5,30
2026-06-14,LOC-003,4.1,8
2026-06-14,LOC-003,4.5,17
2026-06-15,LOC-003,4.1,24
2026-06-16,LOC-003,4.6,13
2026-06-17,LOC-003,3.9,43
2026-06-17,LOC-003,3.4,36
2026-06-17,LOC-003,4.2,6
2026-06-17,LOC-003,4.5,9
2026-06-17,LOC-003,3.7,20
2026-06-17,LOC-003,4.4,3
2026-06-18,LOC-003,3.5,29
2026-06-18,LOC-003,3.5,7
2026-06-19,LOC-003,3.9,9
2026-06-19,LOC-003,3.4,65
2026-06-19,LOC-003,3.5,2
2026-06-19,LOC-003,4.2,51
2026-06-19,LOC-003,3.5,5
2026-06-19,LOC-003,4.5,12
2026-06-19,LOC-003,4.5,1
2026-06-19,LOC-003,3.9,4
2026-06-20,LOC-003,3.7,1
2026-06-20,LOC-003,5.0,4
2026-06-20,LOC-003,3.6,17
2026-06-20,LOC-003,4.0,12
2026-06-20,LOC-003,3.3,20
2026-06-21,LOC-003,3.7,15
2026-06-21,LOC-003,5.0,17
2026-06-21,LOC-003,4.8,8
2026-06-21,LOC-003,4.7,9
2026-06-22,LOC-003,3.5,53
2026-06-22,LOC-003,4.2,6
2026-06-23,LOC-003,3.7,15
2026-06-23,LOC-003,4.3,9
2026-06-25,LOC-003,3.8,7
2026-06-26,LOC-003,4.7,1
2026-06-26,LOC-003,4.1,6
2026-06-26,LOC-003,4.2,20
2026-06-28,LOC-003,3.6,35
2026-06-28,LOC-003,3.3,13
2026-06-28,LOC-003,3.5,18
2026-06-28,LOC-003,4.0,11
2026-06-28,LOC-003,4.5,26
2026-06-28,LOC-003,5.0,13
2026-06-29,LOC-003,4.1,6
2026-06-29,LOC-003,4.3,16
2026-06-30,LOC-003,3.8,11
2026-06-30,LOC-003,3.8,2
2026-06-30,LOC-003,4.3,22
2026-01-01,LOC-004,4.1,12
2026-01-01,LOC-004,4.3,10
2026-01-01,LOC-004,3.5,15
2026-01-01,LOC-004,3.5,45
2026-01-02,LOC-004,3.9,5
2026-01-02,LOC-004,3.8,3
2026-01-02,LOC-004,4.5,4
2026-01-02,LOC-004,4.3,9
2026-01-02,LOC-004,4.8,7
2026-01-03,LOC-004,5.0,2
2026-01-04,LOC-004,3.7,4
2026-01-04,LOC-004,4.6,28
2026-01-05,LOC-004,4.7,32
2026-01-05,LOC-004,5.0,20
2026-01-05,LOC-004,4.5,25
2026-01-05,LOC-004,4.2,6
2026-01-05,LOC-004,4.0,2
2026-01-06,LOC-004,3.6,20
2026-01-06,LOC-004,4.4,7
2026-01-06,LOC-004,4.5,45
2026-01-06,LOC-004,3.3,1
2026-01-06,LOC-004,3.6,16
2026-01-07,LOC-004,3.9,4
2026-01-07,LOC-004,4.1,18
2026-01-07,LOC-004,5.0,8
2026-01-08,LOC-004,4.4,6
2026-01-08,LOC-004,4.5,17
2026-01-09,LOC-004,3.9,28
2026-01-09,LOC-004,4.0,44
2026-01-09,LOC-004,4.6,1
2026-01-09,LOC-004,4.1,55
2026-01-09,LOC-004,3.0,8
2026-01-10,LOC-004,4.8,23
2026-01-10,LOC-004,4.5,18
2026-01-10,LOC-004,3.7,7
2026-01-10,LOC-004,4.6,1
2026-01-10,LOC-004,4.2,5
2026-01-11,LOC-004,4.1,6
2026-01-11,LOC-004,4.3,8
2026-01-11,LOC-004,4.1,13
2026-01-12,LOC-004,4.5,18
2026-01-12,LOC-004,4.2,4
2026-01-13,LOC-004,4.4,12
2026-01-13,LOC-004,3.9,9
2026-01-13,LOC-004,4.6,10
2026-01-14,LOC-004,4.0,32
2026-01-14,LOC-004,4.5,1
2026-01-14,LOC-004,4.8,21
2026-01-15,LOC-004,4.7,36
2026-01-15,LOC-004,3.6,14
2026-01-15,LOC-004,4.0,7
2026-01-17,LOC-004,4.3,19
2026-01-17,LOC-004,4.7,17
2026-01-18,LOC-004,4.3,8
2026-01-18,LOC-004,4.4,9
2026-01-18,LOC-004,3.7,21
2026-01-18,LOC-004,4.7,3
2026-01-19,LOC-004,3.8,26
2026-01-19,LOC-004,4.2,7
2026-01-19,LOC-004,4.5,1
2026-01-19,LOC-004,4.9,3
2026-01-19,LOC-004,4.1,4
2026-01-20,LOC-004,4.8,2
2026-01-20,LOC-004,5.0,28
2026-01-21,LOC-004,4.8,6
2026-01-21,LOC-004,4.2,9
2026-01-22,LOC-004,3.7,4
2026-01-22,LOC-004,4.5,13
2026-01-22,LOC-004,5.0,5
2026-01-22,LOC-004,4.5,8
2026-01-22,LOC-004,4.8,31
2026-01-22,LOC-004,4.4,6
2026-01-22,LOC-004,5.0,5
2026-01-23,LOC-004,4.5,19
2026-01-23,LOC-004,3.8,22
2026-01-24,LOC-004,4.2,6
2026-01-24,LOC-004,3.8,16
2026-01-24,LOC-004,4.4,22
2026-01-25,LOC-004,3.6,9
2026-01-25,LOC-004,3.8,5
2026-01-26,LOC-004,4.7,28
2026-01-26,LOC-004,4.5,2
2026-01-26,LOC-004,4.7,1
2026-01-27,LOC-004,4.5,24
2026-01-27,LOC-004,4.1,14
2026-01-27,LOC-004,5.0,10
2026-01-28,LOC-004,4.6,24
2026-01-28,LOC-004,3.8,11
2026-01-28,LOC-004,3.6,14
2026-01-28,LOC-004,5.0,3
2026-01-29,LOC-004,4.0,1
2026-01-29,LOC-004,4.0,2
2026-01-30,LOC-004,3.4,59
2026-01-30,LOC-004,4.5,15
2026-01-30,LOC-004,4.7,37
2026-01-30,LOC-004,4.4,41
2026-01-30,LOC-004,4.2,10
2026-01-31,LOC-004,3.7,5
2026-01-31,LOC-004,4.1,3
2026-01-31,LOC-004,3.9,22
2026-02-01,LOC-004,4.3,4
2026-02-02,LOC-004,4.2,48
2026-02-03,LOC-004,4.1,8
2026-02-03,LOC-004,4.3,1
2026-02-03,LOC-004,5.0,23
2026-02-04,LOC-004,3.9,24
2026-02-05,LOC-004,4.2,14
2026-02-05,LOC-004,4.3,1
2026-02-05,LOC-004,5.0,32
2026-02-05,LOC-004,4.7,9
2026-02-06,LOC-004,5.0,22
2026-02-07,LOC-004,3.8,3
2026-02-07,LOC-004,5.0,3
2026-02-08,LOC-004,3.9,24
2026-02-08,LOC-004,3.8,16
2026-02-08,LOC-004,5.0,2
2026-02-08,LOC-004,4.8,11
2026-02-09,LOC-004,4.8,56
2026-02-10,LOC-004,4.4,37
2026-02-11,LOC-004,5.0,5
2026-02-11,LOC-004,4.4,8
2026-02-12,LOC-004,4.1,1
2026-02-12,LOC-004,4.2,13
2026-02-13,LOC-004,5.0,15
2026-02-13,LOC-004,4.9,4
2026-02-13,LOC-004,4.3,11
2026-02-14,LOC-004,3.6,31
2026-02-14,LOC-004,4.2,51
2026-02-14,LOC-004,4.8,23
2026-02-14,LOC-004,3.3,34
2026-02-15,LOC-004,4.7,3
2026-02-15,LOC-004,3.7,18
2026-02-16,LOC-004,4.4,5
2026-02-16,LOC-004,4.1,37
2026-02-16,LOC-004,4.0,9
2026-02-17,LOC-004,3.8,32
2026-02-17,LOC-004,4.2,11
2026-02-17,LOC-004,3.9,17
2026-02-18,LOC-004,4.4,12
2026-02-18,LOC-004,4.8,59
2026-02-18,LOC-004,5.0,21
2026-02-19,LOC-004,3.5,12
2026-02-19,LOC-004,4.6,10
2026-02-19,LOC-004,4.6,39
2026-02-19,LOC-004,4.0,29
2026-02-19,LOC-004,3.5,42
2026-02-19,LOC-004,3.8,4
2026-02-20,LOC-004,3.8,18
2026-02-20,LOC-004,4.4,28
2026-02-20,LOC-004,4.1,3
2026-02-21,LOC-004,5.0,74
2026-02-21,LOC-004,4.4,3
2026-02-21,LOC-004,4.3,9
2026-02-22,LOC-004,3.8,15
2026-02-22,LOC-004,4.4,7
2026-02-22,LOC-004,3.7,1
2026-02-24,LOC-004,4.2,4
2026-02-24,LOC-004,4.5,9
2026-02-24,LOC-004,3.8,8
2026-02-25,LOC-004,4.1,18
2026-02-25,LOC-004,3.5,4
2026-02-25,LOC-004,5.0,17
2026-02-25,LOC-004,4.5,18
2026-02-26,LOC-004,4.2,10
2026-02-26,LOC-004,4.0,21
2026-02-26,LOC-004,3.6,16
2026-02-26,LOC-004,4.5,5
2026-02-26,LOC-004,3.8,29
2026-02-27,LOC-004,4.2,6
2026-02-27,LOC-004,4.3,14
2026-02-27,LOC-004,3.8,12
2026-03-01,LOC-004,5.0,7
2026-03-02,LOC-004,4.0,1
2026-03-02,LOC-004,4.9,24
2026-03-02,LOC-004,4.3,20
2026-03-03,LOC-004,3.4,15
2026-03-03,LOC-004,5.0,58
2026-03-03,LOC-004,4.5,7
2026-03-04,LOC-004,3.9,11
2026-03-04,LOC-004,4.2,6
2026-03-04,LOC-004,4.1,24
2026-03-05,LOC-004,5.0,22
2026-03-05,LOC-004,4.6,1
2026-03-06,LOC-004,2.9,2
2026-03-06,LOC-004,4.1,33
2026-03-06,LOC-004,4.8,2
2026-03-06,LOC-004,4.4,16
2026-03-07,LOC-004,4.9,12
2026-03-07,LOC-004,4.1,1
2026-03-07,LOC-004,5.0,20
2026-03-07,LOC-004,4.5,20
2026-03-08,LOC-004,3.3,5
2026-03-08,LOC-004,4.0,8
2026-03-08,LOC-004,4.6,1
2026-03-08,LOC-004,4.4,23
2026-03-08,LOC-004,4.5,4
2026-03-09,LOC-004,4.5,22
2026-03-09,LOC-004,3.9,2
2026-03-11,LOC-004,4.2,32
2026-03-11,LOC-004,4.8,3
2026-03-11,LOC-004,4.6,1
2026-03-11,LOC-004,5.0,5
2026-03-12,LOC-004,4.1,31
2026-03-13,LOC-004,4.1,1
2026-03-14,LOC-004,5.0,17
2026-03-14,LOC-004,4.2,17
2026-03-14,LOC-004,4.5,13
2026-03-14,LOC-004,4.7,2
2026-03-14,LOC-004,4.5,12
2026-03-15,LOC-004,3.6,16
2026-03-15,LOC-004,4.1,1
2026-03-15,LOC-004,5.0,5
2026-03-15,LOC-004,4.6,34
2026-03-15,LOC-004,3.4,1
2026-03-15,LOC-004,4.4,4
2026-03-17,LOC-004,4.6,38
2026-03-17,LOC-004,4.3,14
2026-03-18,LOC-004,4.4,17
2026-03-18,LOC-004,4.3,12
2026-03-18,LOC-004,4.1,33
2026-03-19,LOC-004,4.4,1
2026-03-19,LOC-004,4.8,26
2026-03-19,LOC-004,5.0,11
2026-03-20,LOC-004,4.2,36
2026-03-20,LOC-004,4.1,2
2026-03-20,LOC-004,5.0,8
2026-03-20,LOC-004,4.4,1
2026-03-20,LOC-004,4.3,11
2026-03-21,LOC-004,4.6,5
2026-03-21,LOC-004,4.2,16
2026-03-21,LOC-004,4.5,2
2026-03-21,LOC-004,4.6,6
2026-03-21,LOC-004,4.2,1
2026-03-22,LOC-004,3.9,11
2026-03-22,LOC-004,4.5,6
2026-03-22,LOC-004,5.0,38
2026-03-22,LOC-004,4.6,2
2026-03-23,LOC-004,4.0,29
2026-03-23,LOC-004,3.6,1
2026-03-24,LOC-004,4.2,16
2026-03-24,LOC-004,4.7,16
2026-03-24,LOC-004,4.0,54
2026-03-24,LOC-004,4.1,16
2026-03-25,LOC-004,4.2,7
2026-03-25,LOC-004,5.0,35
2026-03-25,LOC-004,4.0,5
2026-03-25,LOC-004,4.9,34
2026-03-25,LOC-004,4.5,1
2026-03-27,LOC-004,3.6,7
2026-03-28,LOC-004,4.8,10
2026-03-28,LOC-004,3.8,11
2026-03-28,LOC-004,4.8,21
2026-03-29,LOC-004,4.7,13
2026-03-29,LOC-004,5.0,1
2026-03-30,LOC-004,4.4,2
2026-03-30,LOC-004,4.4,21
2026-03-30,LOC-004,4.1,1
2026-03-30,LOC-004,4.8,31
2026-03-30,LOC-004,3.0,8
2026-03-30,LOC-004,4.2,30
2026-03-30,LOC-004,4.8,98
2026-03-31,LOC-004,5.0,3
2026-04-01,LOC-004,4.9,8
2026-04-01,LOC-004,4.3,1
2026-04-01,LOC-004,4.3,35
2026-04-02,LOC-004,4.5,44
2026-04-02,LOC-004,5.0,46
2026-04-02,LOC-004,4.9,12
2026-04-02,LOC-004,4.6,10
2026-04-02,LOC-004,3.7,7
2026-04-03,LOC-004,3.6,48
2026-04-03,LOC-004,3.6,21
2026-04-03,LOC-004,4.2,8
2026-04-03,LOC-004,4.7,30
2026-04-03,LOC-004,4.5,12
2026-04-04,LOC-004,4.9,15
2026-04-04,LOC-004,4.0,11
2026-04-05,LOC-004,4.4,23
2026-04-05,LOC-004,4.5,1
2026-04-05,LOC-004,4.5,3
2026-04-05,LOC-004,5.0,39
2026-04-05,LOC-004,5.0,9
2026-04-06,LOC-004,4.3,20
2026-04-06,LOC-004,4.2,4
2026-04-07,LOC-004,4.9,14
2026-04-07,LOC-004,3.5,12
2026-04-07,LOC-004,4.0,1
2026-04-07,LOC-004,4.7,3
2026-04-07,LOC-004,4.2,13
2026-04-07,LOC-004,4.0,4
2026-04-07,LOC-004,3.7,3
2026-04-07,LOC-004,4.4,1
2026-04-08,LOC-004,5.0,41
2026-04-08,LOC-004,5.0,1
2026-04-08,LOC-004,4.3,14
2026-04-08,LOC-004,4.7,2
2026-04-09,LOC-004,5.0,21
2026-04-09,LOC-004,3.7,9
2026-04-10,LOC-004,4.5,6
2026-04-11,LOC-004,4.3,23
2026-04-11,LOC-004,4.5,23
2026-04-11,LOC-004,4.5,6
2026-04-12,LOC-004,4.8,12
2026-04-12,LOC-004,3.9,25
2026-04-13,LOC-004,3.7,5
2026-04-14,LOC-004,5.0,43
2026-04-14,LOC-004,5.0,7
2026-04-14,LOC-004,4.0,32
2026-04-15,LOC-004,3.9,4
2026-04-15,LOC-004,3.3,4
2026-04-15,LOC-004,5.0,1
2026-04-15,LOC-004,4.2,20
2026-04-15,LOC-004,3.9,39
2026-04-16,LOC-004,3.5,13
2026-04-16,LOC-004,4.4,21
2026-04-17,LOC-004,4.7,1
2026-04-17,LOC-004,4.5,4
2026-04-17,LOC-004,4.7,20
2026-04-18,LOC-004,3.4,13
2026-04-18,LOC-004,3.9,10
2026-04-18,LOC-004,4.2,35
2026-04-19,LOC-004,4.7,5
2026-04-20,LOC-004,4.7,18
2026-04-20,LOC-004,4.2,5
2026-04-20,LOC-004,4.6,25
2026-04-20,LOC-004,5.0,4
2026-04-21,LOC-004,4.7,7
2026-04-21,LOC-004,4.4,3
2026-04-21,LOC-004,3.4,14
2026-04-22,LOC-004,4.5,26
2026-04-22,LOC-004,4.1,11
2026-04-22,LOC-004,4.7,15
2026-04-22,LOC-004,3.4,4
2026-04-23,LOC-004,4.2,2
2026-04-23,LOC-004,4.4,3
2026-04-23,LOC-004,4.8,19
2026-04-23,LOC-004,5.0,22
2026-04-23,LOC-004,4.4,31
2026-04-24,LOC-004,5.0,12
2026-04-24,LOC-004,4.3,2
2026-04-25,LOC-004,4.7,22
2026-04-25,LOC-004,5.0,31
2026-04-26,LOC-004,4.4,1
2026-04-26,LOC-004,4.3,27
2026-04-26,LOC-004,5.0,27
2026-04-27,LOC-004,4.7,16
2026-04-27,LOC-004,3.8,6
2026-04-27,LOC-004,4.3,7
2026-04-27,LOC-004,4.7,11
2026-04-27,LOC-004,4.4,1
2026-04-27,LOC-004,4.8,6
2026-04-29,LOC-004,4.9,30
2026-04-29,LOC-004,4.6,11
2026-05-01,LOC-004,4.3,7
2026-05-02,LOC-004,4.2,1
2026-05-02,LOC-004,4.9,3
2026-05-03,LOC-004,3.5,37
2026-05-04,LOC-004,4.7,17
2026-05-04,LOC-004,5.0,30
2026-05-04,LOC-004,4.1,18
2026-05-04,LOC-004,4.1,14
2026-05-04,LOC-004,3.9,47
2026-05-05,LOC-004,4.5,7
2026-05-05,LOC-004,3.5,5
2026-05-05,LOC-004,5.0,11
2026-05-06,LOC-004,4.4,14
2026-05-06,LOC-004,4.5,2
2026-05-06,LOC-004,5.0,11
2026-05-06,LOC-004,4.6,1
2026-05-06,LOC-004,4.2,13
2026-05-06,LOC-004,4.1,1
2026-05-07,LOC-004,3.7,3
2026-05-07,LOC-004,3.9,4
2026-05-07,LOC-004,4.3,6
2026-05-07,LOC-004,3.8,5
2026-05-07,LOC-004,4.0,14
2026-05-07,LOC-004,3.5,12
2026-05-08,LOC-004,4.6,41
2026-05-09,LOC-004,5.0,9
2026-05-09,LOC-004,4.6,1
2026-05-09,LOC-004,4.2,19
2026-05-09,LOC-004,4.5,1
2026-05-10,LOC-004,5.0,10
2026-05-11,LOC-004,4.7,9
2026-05-11,LOC-004,4.9,8
2026-05-11,LOC-004,3.9,9
2026-05-11,LOC-004,4.1,22
2026-05-12,LOC-004,3.7,9
2026-05-12,LOC-004,4.5,62
2026-05-12,LOC-004,5.0,21
2026-05-13,LOC-004,4.2,19
2026-05-13,LOC-004,5.0,37
2026-05-13,LOC-004,4.1,28
2026-05-13,LOC-004,3.5,17
2026-05-14,LOC-004,3.7,2
2026-05-14,LOC-004,4.3,18
2026-05-15,LOC-004,3.3,1
2026-05-15,LOC-004,3.9,7
2026-05-15,LOC-004,5.0,29
2026-05-15,LOC-004,3.9,2
2026-05-15,LOC-004,4.5,23
2026-05-16,LOC-004,4.1,32
2026-05-16,LOC-004,3.8,21
2026-05-16,LOC-004,4.1,4
2026-05-16,LOC-004,3.7,8
2026-05-17,LOC-004,4.2,1
2026-05-17,LOC-004,3.4,18
2026-05-17,LOC-004,3.7,7
2026-05-17,LOC-004,3.6,1
2026-05-17,LOC-004,4.5,1
2026-05-17,LOC-004,4.4,1
2026-05-18,LOC-004,4.3,2
2026-05-18,LOC-004,4.0,6
2026-05-18,LOC-004,4.0,5
2026-05-18,LOC-004,4.6,15
2026-05-19,LOC-004,4.7,7
2026-05-19,LOC-004,3.8,7
2026-05-19,LOC-004,3.9,1
2026-05-19,LOC-004,4.1,17
2026-05-20,LOC-004,5.0,5
2026-05-20,LOC-004,4.2,5
2026-05-20,LOC-004,4.4,6
2026-05-21,LOC-004,4.5,49
2026-05-21,LOC-004,4.6,9
2026-05-22,LOC-004,3.8,2
2026-05-23,LOC-004,5.0,20
2026-05-23,LOC-004,4.4,34
2026-05-24,LOC-004,4.1,20
2026-05-24,LOC-004,4.7,1
2026-05-25,LOC-004,3.9,3
2026-05-25,LOC-004,4.7,2
2026-05-25,LOC-004,4.1,4
2026-05-25,LOC-004,4.5,3
2026-05-25,LOC-004,4.6,1
2026-05-26,LOC-004,3.8,9
2026-05-26,LOC-004,4.3,19
2026-05-26,LOC-004,4.2,20
2026-05-27,LOC-004,5.0,5
2026-05-27,LOC-004,4.6,4
2026-05-28,LOC-004,4.9,3
2026-05-28,LOC-004,4.9,10
2026-05-28,LOC-004,4.6,1
2026-05-28,LOC-004,5.0,8
2026-05-29,LOC-004,4.8,20
2026-05-29,LOC-004,4.6,8
2026-05-29,LOC-004,5.0,3
2026-05-29,LOC-004,4.9,7
2026-05-29,LOC-004,3.9,47
2026-05-29,LOC-004,4.1,13
2026-05-29,LOC-004,4.2,32
2026-05-29,LOC-004,3.6,7
2026-05-30,LOC-004,3.8,1
2026-05-30,LOC-004,4.6,19
2026-05-30,LOC-004,3.7,8
2026-05-30,LOC-004,3.7,25
2026-05-30,LOC-004,4.4,1
2026-05-30,LOC-004,3.9,12
2026-05-30,LOC-004,4.0,13
2026-05-31,LOC-004,3.9,16
2026-05-31,LOC-004,3.8,5
2026-05-31,LOC-004,4.5,12
2026-05-31,LOC-004,4.1,1
2026-05-31,LOC-004,4.3,19
2026-06-01,LOC-004,4.2,3
2026-06-01,LOC-004,4.5,2
2026-06-02,LOC-004,5.0,16
2026-06-02,LOC-004,5.0,2
2026-06-02,LOC-004,5.0,40
2026-06-02,LOC-004,4.2,1
2026-06-03,LOC-004,4.0,6
2026-06-03,LOC-004,4.5,4
2026-06-03,LOC-004,5.0,14
2026-06-04,LOC-004,4.4,11
2026-06-04,LOC-004,4.8,1
2026-06-04,LOC-004,4.5,8
2026-06-05,LOC-004,4.1,5
2026-06-05,LOC-004,4.0,11
2026-06-05,LOC-004,4.9,19
2026-06-06,LOC-004,5.0,15
2026-06-06,LOC-004,3.9,22
2026-06-06,LOC-004,3.8,43
2026-06-06,LOC-004,4.9,8
2026-06-06,LOC-004,3.6,8
2026-06-07,LOC-004,5.0,16
2026-06-07,LOC-004,4.5,41
2026-06-08,LOC-004,4.6,87
2026-06-08,LOC-004,4.7,21
2026-06-08,LOC-004,4.0,8
2026-06-08,LOC-004,4.5,31
2026-06-08,LOC-004,4.3,9
2026-06-09,LOC-004,4.3,1
2026-06-09,LOC-004,5.0,9
2026-06-10,LOC-004,4.4,16
2026-06-10,LOC-004,4.6,17
2026-06-11,LOC-004,3.9,15
2026-06-11,LOC-004,4.0,5
2026-06-12,LOC-004,4.8,71
2026-06-12,LOC-004,4.2,16
2026-06-12,LOC-004,4.1,3
2026-06-12,LOC-004,4.0,4
2026-06-12,LOC-004,3.8,23
2026-06-13,LOC-004,4.4,1
2026-06-13,LOC-004,4.6,29
2026-06-13,LOC-004,4.1,4
2026-06-14,LOC-004,4.1,1
2026-06-14,LOC-004,4.6,15
2026-06-15,LOC-004,4.9,9
2026-06-15,LOC-004,3.0,1
2026-06-15,LOC-004,4.2,2
2026-06-15,LOC-004,3.6,5
2026-06-15,LOC-004,4.7,29
2026-06-15,LOC-004,4.4,35
2026-06-15,LOC-004,5.0,5
2026-06-16,LOC-004,4.7,31
2026-06-16,LOC-004,4.3,43
2026-06-17,LOC-004,4.5,3
2026-06-17,LOC-004,3.6,8
2026-06-17,LOC-004,3.7,1
2026-06-17,LOC-004,4.5,3
2026-06-17,LOC-004,4.2,2
2026-06-17,LOC-004,4.7,60
2026-06-18,LOC-004,4.2,51
2026-06-19,LOC-004,5.0,2
2026-06-19,LOC-004,4.1,1
2026-06-20,LOC-004,4.6,19
2026-06-20,LOC-004,4.2,21
2026-06-20,LOC-004,5.0,36
2026-06-20,LOC-004,5.0,24
2026-06-21,LOC-004,3.6,1
2026-06-22,LOC-004,5.0,4
2026-06-22,LOC-004,4.9,22
2026-06-22,LOC-004,4.1,18
2026-06-22,LOC-004,4.3,13
2026-06-22,LOC-004,3.8,6
2026-06-22,LOC-004,3.6,1
2026-06-24,LOC-004,5.0,12
2026-06-25,LOC-004,4.6,1
2026-06-25,LOC-004,4.5,5
2026-06-25,LOC-004,4.1,32
2026-06-25,LOC-004,4.1,37
2026-06-25,LOC-004,3.9,1
2026-06-25,LOC-004,5.0,29
2026-06-26,LOC-004,4.3,1
2026-06-27,LOC-004,4.1,17
2026-06-27,LOC-004,4.7,2
2026-06-27,LOC-004,4.3,46
2026-06-27,LOC-004,4.8,11
2026-06-27,LOC-004,5.0,9
2026-06-28,LOC-004,4.4,2
2026-06-29,LOC-004,4.0,20
2026-06-29,LOC-004,4.5,34
2026-06-29,LOC-004,4.9,15
2026-06-29,LOC-004,4.8,10
2026-06-29,LOC-004,4.8,3
2026-06-30,LOC-004,4.1,11
2026-06-30,LOC-004,3.6,1
2026-01-01,LOC-005,2.5,5
2026-01-01,LOC-005,4.2,4
2026-01-01,LOC-005,3.2,30
2026-01-01,LOC-005,3.4,32
2026-01-01,LOC-005,4.1,13
2026-01-02,LOC-005,4.6,1
2026-01-02,LOC-005,4.4,2
2026-01-03,LOC-005,4.0,1
2026-01-03,LOC-005,3.5,23
2026-01-04,LOC-005,4.0,10
2026-01-04,LOC-005,3.1,4
2026-01-04,LOC-005,3.8,5
2026-01-04,LOC-005,4.7,1
2026-01-04,LOC-005,2.5,12
2026-01-05,LOC-005,2.9,1
2026-01-05,LOC-005,3.3,3
2026-01-05,LOC-005,2.7,7
2026-01-06,LOC-005,3.4,6
2026-01-06,LOC-005,1.7,12
2026-01-07,LOC-005,4.4,25
2026-01-07,LOC-005,1.5,4
2026-01-07,LOC-005,3.4,46
2026-01-07,LOC-005,3.7,26
2026-01-08,LOC-005,3.9,34
2026-01-08,LOC-005,2.9,86
2026-01-08,LOC-005,4.3,2
2026-01-08,LOC-005,3.6,7
2026-01-08,LOC-005,3.5,15
2026-01-09,LOC-005,3.5,1
2026-01-09,LOC-005,3.1,1
2026-01-10,LOC-005,3.8,5
2026-01-11,LOC-005,3.4,7
2026-01-11,LOC-005,3.6,8
2026-01-11,LOC-005,4.0,15
2026-01-12,LOC-005,4.1,7
2026-01-12,LOC-005,2.7,40
2026-01-12,LOC-005,3.8,9
2026-01-13,LOC-005,3.6,14
2026-01-13,LOC-005,2.8,30
2026-01-13,LOC-005,5.0,4
2026-01-13,LOC-005,3.9,9
2026-01-14,LOC-005,3.0,17
2026-01-14,LOC-005,4.4,11
2026-01-14,LOC-005,3.9,24
2026-01-15,LOC-005,3.8,3
2026-01-15,LOC-005,4.1,22
2026-01-15,LOC-005,3.8,12
2026-01-16,LOC-005,4.4,58
2026-01-16,LOC-005,3.6,8
2026-01-17,LOC-005,4.5,4
2026-01-17,LOC-005,3.5,8
2026-01-19,LOC-005,4.0,3
2026-01-19,LOC-005,3.4,16
2026-01-21,LOC-005,4.0,5
2026-01-21,LOC-005,3.5,6
2026-01-22,LOC-005,3.5,9
2026-01-23,LOC-005,3.5,17
2026-01-23,LOC-005,4.6,4
2026-01-24,LOC-005,3.9,16
2026-01-24,LOC-005,3.3,11
2026-01-25,LOC-005,4.3,27
2026-01-25,LOC-005,3.3,20
2026-01-26,LOC-005,3.7,1
2026-01-26,LOC-005,3.5,6
2026-01-26,LOC-005,3.1,1
2026-01-26,LOC-005,4.1,15
2026-01-26,LOC-005,3.1,7
2026-01-26,LOC-005,3.8,3
2026-01-26,LOC-005,2.7,1
2026-01-27,LOC-005,4.1,19
2026-01-27,LOC-005,3.2,1
2026-01-27,LOC-005,3.7,12
2026-01-27,LOC-005,2.6,10
2026-01-28,LOC-005,3.4,1
2026-01-28,LOC-005,3.6,37
2026-01-29,LOC-005,4.0,10
2026-01-30,LOC-005,3.8,7
2026-01-30,LOC-005,3.8,9
2026-01-31,LOC-005,3.1,5
2026-01-31,LOC-005,3.3,4
2026-02-01,LOC-005,3.6,11
2026-02-01,LOC-005,3.9,11
2026-02-01,LOC-005,2.9,8
2026-02-01,LOC-005,4.1,7
2026-02-02,LOC-005,3.7,22
2026-02-02,LOC-005,3.8,1
2026-02-03,LOC-005,3.3,20
2026-02-03,LOC-005,4.1,10
2026-02-03,LOC-005,3.9,1
2026-02-03,LOC-005,3.7,1
2026-02-03,LOC-005,2.8,14
2026-02-04,LOC-005,3.3,27
2026-02-04,LOC-005,4.1,38
2026-02-05,LOC-005,4.4,5
2026-02-05,LOC-005,4.0,37
2026-02-05,LOC-005,3.7,47
2026-02-05,LOC-005,3.7,21
2026-02-05,LOC-005,3.1,13
2026-02-06,LOC-005,4.2,22
2026-02-06,LOC-005,4.5,22
2026-02-06,LOC-005,3.8,53
2026-02-06,LOC-005,3.4,30
2026-02-06,LOC-005,3.3,23
2026-02-06,LOC-005,3.8,16
2026-02-07,LOC-005,3.4,2
2026-02-07,LOC-005,3.5,6
2026-02-07,LOC-005,3.7,13
2026-02-07,LOC-005,3.0,38
2026-02-08,LOC-005,3.0,7
2026-02-09,LOC-005,3.9,10
2026-02-09,LOC-005,3.5,1
2026-02-10,LOC-005,3.3,24
2026-02-10,LOC-005,3.0,48
2026-02-10,LOC-005,4.8,1
2026-02-12,LOC-005,3.7,3
2026-02-12,LOC-005,3.7,52
2026-02-13,LOC-005,4.5,38
2026-02-14,LOC-005,3.7,39
2026-02-14,LOC-005,2.8,14
2026-02-14,LOC-005,3.3,10
2026-02-14,LOC-005,3.4,43
2026-02-14,LOC-005,3.4,1
2026-02-14,LOC-005,4.1,9
2026-02-14,LOC-005,2.6,17
2026-02-15,LOC-005,3.4,12
2026-02-15,LOC-005,3.2,20
2026-02-15,LOC-005,2.6,11
2026-02-16,LOC-005,3.4,7
2026-02-17,LOC-005,3.9,15
2026-02-17,LOC-005,3.5,10
2026-02-18,LOC-005,3.8,10
2026-02-18,LOC-005,3.8,20
2026-02-18,LOC-005,3.9,17
2026-02-19,LOC-005,3.5,2
2026-02-19,LOC-005,3.8,4
2026-02-19,LOC-005,3.8,15
2026-02-20,LOC-005,4.3,50
2026-02-20,LOC-005,3.9,20
2026-02-21,LOC-005,3.4,28
2026-02-21,LOC-005,3.2,3
2026-02-21,LOC-005,3.0,61
2026-02-21,LOC-005,3.4,28
2026-02-21,LOC-005,2.8,1
2026-02-22,LOC-005,4.7,17
2026-02-22,LOC-005,3.7,1
2026-02-23,LOC-005,4.1,5
2026-02-23,LOC-005,4.2,10
2026-02-23,LOC-005,3.4,12
2026-02-23,LOC-005,3.4,6
2026-02-23,LOC-005,2.9,19
2026-02-24,LOC-005,2.9,3
2026-02-24,LOC-005,3.8,31
2026-02-24,LOC-005,3.6,2
2026-02-25,LOC-005,3.5,27
2026-02-25,LOC-005,3.9,34
2026-02-25,LOC-005,4.5,17
2026-02-25,LOC-005,3.7,15
2026-02-25,LOC-005,4.4,8
2026-02-25,LOC-005,3.4,11
2026-02-26,LOC-005,3.4,1
2026-02-26,LOC-005,4.0,3
2026-02-26,LOC-005,3.5,6
2026-02-26,LOC-005,3.4,17
2026-02-27,LOC-005,4.1,6
2026-02-27,LOC-005,4.5,3
2026-02-28,LOC-005,3.1,17
2026-02-28,LOC-005,3.2,13
2026-02-28,LOC-005,3.2,15
2026-02-28,LOC-005,3.7,40
2026-02-28,LOC-005,3.6,1
2026-03-01,LOC-005,3.6,52
2026-03-01,LOC-005,3.5,13
2026-03-01,LOC-005,2.3,1
2026-03-01,LOC-005,3.2,60
2026-03-01,LOC-005,3.3,3
2026-03-01,LOC-005,2.9,3
2026-03-02,LOC-005,3.5,53
2026-03-02,LOC-005,3.2,32
2026-03-02,LOC-005,3.9,47
2026-03-03,LOC-005,3.4,23
2026-03-04,LOC-005,3.4,8
2026-03-04,LOC-005,3.9,3
2026-03-04,LOC-005,3.4,11
2026-03-04,LOC-005,4.2,4
2026-03-04,LOC-005,4.1,1
2026-03-05,LOC-005,3.9,7
2026-03-05,LOC-005,3.2,10
2026-03-05,LOC-005,3.1,22
2026-03-05,LOC-005,3.5,3
2026-03-06,LOC-005,3.3,37
2026-03-06,LOC-005,3.6,46
2026-03-06,LOC-005,4.2,8
2026-03-07,LOC-005,3.7,24
2026-03-07,LOC-005,3.7,26
2026-03-07,LOC-005,3.6,32
2026-03-07,LOC-005,3.8,2
2026-03-07,LOC-005,2.1,38
2026-03-08,LOC-005,4.0,25
2026-03-08,LOC-005,3.7,19
2026-03-09,LOC-005,4.7,7
2026-03-09,LOC-005,3.6,3
2026-03-09,LOC-005,3.7,1
2026-03-09,LOC-005,3.4,5
2026-03-09,LOC-005,3.4,8
2026-03-09,LOC-005,4.3,3
2026-03-10,LOC-005,4.0,2
2026-03-10,LOC-005,3.3,1
2026-03-10,LOC-005,3.4,2
2026-03-10,LOC-005,3.9,35
2026-03-10,LOC-005,4.0,2
2026-03-11,LOC-005,4.6,1
2026-03-11,LOC-005,3.2,1
2026-03-11,LOC-005,3.5,2
2026-03-11,LOC-005,4.2,8
2026-03-11,LOC-005,3.8,11
2026-03-11,LOC-005,3.2,1
2026-03-12,LOC-005,4.0,13
2026-03-12,LOC-005,3.9,12
2026-03-13,LOC-005,3.0,39
2026-03-13,LOC-005,3.9,7
2026-03-13,LOC-005,3.4,21
2026-03-13,LOC-005,3.1,2
2026-03-14,LOC-005,3.9,2
2026-03-14,LOC-005,3.5,19
2026-03-14,LOC-005,4.3,4
2026-03-14,LOC-005,3.2,31
2026-03-15,LOC-005,3.6,9
2026-03-15,LOC-005,3.6,1
2026-03-15,LOC-005,3.8,8
2026-03-15,LOC-005,3.6,6
2026-03-17,LOC-005,3.0,7
2026-03-17,LOC-005,3.0,15
2026-03-17,LOC-005,3.9,28
2026-03-17,LOC-005,3.9,33
2026-03-17,LOC-005,3.6,2
2026-03-17,LOC-005,3.6,13
2026-03-18,LOC-005,3.5,13
2026-03-18,LOC-005,2.6,3
2026-03-18,LOC-005,4.0,18
2026-03-18,LOC-005,3.9,36
2026-03-18,LOC-005,3.7,7
2026-03-19,LOC-005,3.4,4
2026-03-19,LOC-005,3.5,4
2026-03-19,LOC-005,3.5,3
2026-03-19,LOC-005,3.6,19
2026-03-19,LOC-005,4.2,23
2026-03-19,LOC-005,3.8,37
2026-03-19,LOC-005,4.4,7
2026-03-21,LOC-005,3.5,38
2026-03-21,LOC-005,3.8,21
2026-03-21,LOC-005,3.8,1
2026-03-22,LOC-005,4.3,51
2026-03-22,LOC-005,2.6,2
2026-03-24,LOC-005,3.3,1
2026-03-24,LOC-005,4.0,53
2026-03-24,LOC-005,3.6,34
2026-03-24,LOC-005,3.6,46
2026-03-25,LOC-005,3.2,9
2026-03-25,LOC-005,3.6,1
2026-03-25,LOC-005,3.1,3
2026-03-25,LOC-005,3.8,8
2026-03-25,LOC-005,3.0,13
2026-03-25,LOC-005,3.6,10
2026-03-26,LOC-005,3.5,50
2026-03-27,LOC-005,2.9,25
2026-03-27,LOC-005,4.2,5
2026-03-28,LOC-005,3.7,19
2026-03-29,LOC-005,3.9,24
2026-03-29,LOC-005,3.1,26
2026-03-29,LOC-005,4.1,1
2026-03-29,LOC-005,3.5,3
2026-03-30,LOC-005,4.2,7
2026-03-30,LOC-005,3.4,16
2026-03-30,LOC-005,3.6,8
2026-03-30,LOC-005,3.9,30
2026-03-30,LOC-005,3.0,1
2026-03-30,LOC-005,4.0,1
2026-03-30,LOC-005,3.4,1
2026-03-30,LOC-005,3.8,25
2026-03-30,LOC-005,3.6,36
2026-03-31,LOC-005,3.3,52
2026-03-31,LOC-005,3.8,28
2026-03-31,LOC-005,3.5,10
2026-03-31,LOC-005,3.2,22
2026-03-31,LOC-005,4.2,27
2026-04-01,LOC-005,4.0,2
2026-04-01,LOC-005,3.6,87
2026-04-01,LOC-005,3.4,3
2026-04-02,LOC-005,4.1,9
2026-04-02,LOC-005,3.6,22
2026-04-03,LOC-005,3.7,2
2026-04-03,LOC-005,3.9,1
2026-04-03,LOC-005,3.5,11
2026-04-03,LOC-005,3.0,6
2026-04-04,LOC-005,2.9,22
2026-04-05,LOC-005,3.7,5
2026-04-05,LOC-005,3.0,2
2026-04-05,LOC-005,3.3,12
2026-04-05,LOC-005,4.1,6
2026-04-06,LOC-005,3.9,17
2026-04-06,LOC-005,3.7,8
2026-04-07,LOC-005,3.4,11
2026-04-07,LOC-005,3.5,11
2026-04-07,LOC-005,4.0,8
2026-04-07,LOC-005,3.6,14
2026-04-07,LOC-005,3.3,1
2026-04-08,LOC-005,2.9,3
2026-04-09,LOC-005,2.5,1
2026-04-10,LOC-005,3.5,40
2026-04-10,LOC-005,3.9,28
2026-04-10,LOC-005,4.0,2
2026-04-11,LOC-005,2.6,12
2026-04-11,LOC-005,3.2,54
2026-04-11,LOC-005,3.4,2
2026-04-11,LOC-005,3.8,91
2026-04-11,LOC-005,4.5,2
2026-04-12,LOC-005,3.3,4
2026-04-12,LOC-005,4.1,11
2026-04-13,LOC-005,3.6,6
2026-04-13,LOC-005,3.5,3
2026-04-13,LOC-005,3.7,7
2026-04-14,LOC-005,3.4,4
2026-04-14,LOC-005,3.4,13
2026-04-14,LOC-005,3.2,22
2026-04-14,LOC-005,4.0,12
2026-04-15,LOC-005,4.0,14
2026-04-15,LOC-005,3.7,10
2026-04-16,LOC-005,3.5,1
2026-04-16,LOC-005,3.2,23
2026-04-16,LOC-005,2.8,5
2026-04-16,LOC-005,3.4,17
2026-04-16,LOC-005,4.4,9
2026-04-16,LOC-005,3.0,4
2026-04-16,LOC-005,3.6,41
2026-04-17,LOC-005,4.1,9
2026-04-17,LOC-005,3.9,17
2026-04-17,LOC-005,3.6,9
2026-04-18,LOC-005,2.7,14
2026-04-18,LOC-005,4.7,11
2026-04-19,LOC-005,3.2,3
2026-04-19,LOC-005,3.3,1
2026-04-19,LOC-005,4.3,1
2026-04-19,LOC-005,4.1,6
2026-04-19,LOC-005,4.6,40
2026-04-19,LOC-005,3.2,29
2026-04-20,LOC-005,3.2,14
2026-04-20,LOC-005,3.7,44
2026-04-21,LOC-005,4.3,14
2026-04-22,LOC-005,3.8,3
2026-04-22,LOC-005,3.3,7
2026-04-22,LOC-005,4.1,5
2026-04-23,LOC-005,4.1,3
2026-04-23,LOC-005,3.1,23
2026-04-23,LOC-005,4.2,1
2026-04-23,LOC-005,3.2,18
2026-04-23,LOC-005,4.0,2
2026-04-23,LOC-005,2.8,3
2026-04-23,LOC-005,2.7,4
2026-04-24,LOC-005,3.3,35
2026-04-24,LOC-005,4.1,8
2026-04-24,LOC-005,3.0,11
2026-04-25,LOC-005,3.7,9
2026-04-25,LOC-005,4.1,3
2026-04-26,LOC-005,3.4,26
2026-04-26,LOC-005,3.8,5
2026-04-26,LOC-005,3.1,8
2026-04-27,LOC-005,3.8,41
2026-04-27,LOC-005,4.2,2
2026-04-27,LOC-005,3.8,1
2026-04-28,LOC-005,3.5,1
2026-04-28,LOC-005,3.7,5
2026-04-28,LOC-005,4.1,13
2026-04-28,LOC-005,4.4,18
2026-04-29,LOC-005,3.4,7
2026-04-29,LOC-005,2.8,30
2026-04-29,LOC-005,3.6,7
2026-04-30,LOC-005,4.4,11
2026-04-30,LOC-005,3.0,19
2026-04-30,LOC-005,3.3,12
2026-05-01,LOC-005,4.1,1
2026-05-01,LOC-005,3.9,1
2026-05-01,LOC-005,2.8,3
2026-05-01,LOC-005,3.5,42
2026-05-01,LOC-005,3.7,13
2026-05-01,LOC-005,4.1,2
2026-05-01,LOC-005,2.9,6
2026-05-02,LOC-005,4.5,1
2026-05-02,LOC-005,4.3,18
2026-05-02,LOC-005,3.5,9
2026-05-03,LOC-005,4.1,32
2026-05-03,LOC-005,4.3,5
2026-05-03,LOC-005,3.3,27
2026-05-03,LOC-005,2.7,78
2026-05-04,LOC-005,3.1,33
2026-05-04,LOC-005,3.9,28
2026-05-04,LOC-005,3.8,7
2026-05-04,LOC-005,3.9,20
2026-05-04,LOC-005,3.8,4
2026-05-04,LOC-005,3.6,1
2026-05-04,LOC-005,2.8,9
2026-05-05,LOC-005,3.7,8
2026-05-05,LOC-005,4.0,17
2026-05-05,LOC-005,3.7,7
2026-05-05,LOC-005,3.2,3
2026-05-06,LOC-005,3.3,6
2026-05-06,LOC-005,3.6,22
2026-05-06,LOC-005,4.0,33
2026-05-07,LOC-005,4.3,2
2026-05-07,LOC-005,3.5,21
2026-05-08,LOC-005,3.6,4
2026-05-08,LOC-005,3.9,25
2026-05-08,LOC-005,3.6,10
2026-05-08,LOC-005,3.0,32
2026-05-08,LOC-005,3.1,3
2026-05-08,LOC-005,3.7,7
2026-05-09,LOC-005,4.1,6
2026-05-10,LOC-005,4.2,11
2026-05-12,LOC-005,3.4,1
2026-05-12,LOC-005,4.1,1
2026-05-13,LOC-005,4.5,24
2026-05-13,LOC-005,3.6,1
2026-05-13,LOC-005,3.9,16
2026-05-13,LOC-005,3.3,17
2026-05-13,LOC-005,3.6,17
2026-05-14,LOC-005,3.2,3
2026-05-14,LOC-005,3.2,5
2026-05-14,LOC-005,4.9,31
2026-05-14,LOC-005,3.7,4
2026-05-15,LOC-005,3.5,8
2026-05-15,LOC-005,3.7,34
2026-05-17,LOC-005,4.8,23
2026-05-17,LOC-005,3.2,26
2026-05-18,LOC-005,4.0,52
2026-05-18,LOC-005,3.4,9
2026-05-19,LOC-005,2.8,15
2026-05-20,LOC-005,3.8,8
2026-05-20,LOC-005,3.4,29
2026-05-21,LOC-005,3.8,19
2026-05-21,LOC-005,3.5,2
2026-05-21,LOC-005,3.7,12
2026-05-21,LOC-005,3.7,16
2026-05-22,LOC-005,4.0,50
2026-05-22,LOC-005,3.6,20
2026-05-22,LOC-005,3.8,1
2026-05-23,LOC-005,3.8,2
2026-05-23,LOC-005,3.4,16
2026-05-23,LOC-005,3.9,2
2026-05-25,LOC-005,3.6,2
2026-05-25,LOC-005,3.6,3
2026-05-25,LOC-005,4.1,5
2026-05-25,LOC-005,3.8,3
2026-05-26,LOC-005,2.8,9
2026-05-26,LOC-005,4.0,1
2026-05-27,LOC-005,4.5,3
2026-05-27,LOC-005,3.8,6
2026-05-27,LOC-005,3.2,23
2026-05-27,LOC-005,3.1,49
2026-05-28,LOC-005,4.3,3
2026-05-28,LOC-005,4.0,7
2026-05-28,LOC-005,4.3,15
2026-05-28,LOC-005,3.6,1
2026-05-29,LOC-005,3.4,1
2026-05-29,LOC-005,4.3,1
2026-05-29,LOC-005,3.3,42
2026-05-29,LOC-005,3.2,3
2026-05-30,LOC-005,3.3,1
2026-05-31,LOC-005,3.8,14
2026-05-31,LOC-005,3.4,8
2026-06-01,LOC-005,3.9,10
2026-06-01,LOC-005,3.5,15
2026-06-01,LOC-005,4.4,8
2026-06-01,LOC-005,4.6,15
2026-06-01,LOC-005,3.7,5
2026-06-02,LOC-005,3.6,17
2026-06-02,LOC-005,4.2,25
2026-06-02,LOC-005,4.4,23
2026-06-02,LOC-005,3.8,22
2026-06-02,LOC-005,3.5,43
2026-06-02,LOC-005,3.4,1
2026-06-02,LOC-005,4.4,11
2026-06-02,LOC-005,3.4,8
2026-06-03,LOC-005,3.9,8
2026-06-03,LOC-005,3.4,18
2026-06-03,LOC-005,2.9,5
2026-06-04,LOC-005,4.2,43
2026-06-04,LOC-005,3.7,3
2026-06-04,LOC-005,4.2,3
2026-06-04,LOC-005,3.8,12
2026-06-04,LOC-005,3.7,9
2026-06-05,LOC-005,3.3,63
2026-06-05,LOC-005,3.8,1
2026-06-05,LOC-005,4.1,4
2026-06-05,LOC-005,3.7,22
2026-06-06,LOC-005,3.6,5
2026-06-07,LOC-005,3.5,22
2026-06-07,LOC-005,4.2,4
2026-06-07,LOC-005,3.5,12
2026-06-07,LOC-005,4.1,12
2026-06-08,LOC-005,3.4,3
2026-06-08,LOC-005,4.7,4
2026-06-08,LOC-005,3.9,3
2026-06-08,LOC-005,2.6,1
2026-06-08,LOC-005,3.2,11
2026-06-09,LOC-005,4.3,13
2026-06-09,LOC-005,3.8,14
2026-06-09,LOC-005,4.2,7
2026-06-10,LOC-005,4.9,16
2026-06-12,LOC-005,4.0,1
2026-06-12,LOC-005,4.3,17
2026-06-12,LOC-005,3.8,1
2026-06-13,LOC-005,4.4,14
2026-06-13,LOC-005,3.4,40
2026-06-14,LOC-005,4.2,5
2026-06-14,LOC-005,4.9,28
2026-06-14,LOC-005,3.9,3
2026-06-15,LOC-005,3.4,20
2026-06-15,LOC-005,4.8,22
2026-06-15,LOC-005,3.4,19
2026-06-15,LOC-005,3.6,44
2026-06-15,LOC-005,3.4,18
2026-06-16,LOC-005,3.7,57
2026-06-16,LOC-005,3.8,3
2026-06-16,LOC-005,3.2,29
2026-06-16,LOC-005,3.5,49
2026-06-16,LOC-005,3.5,3
2026-06-16,LOC-005,4.3,1
2026-06-17,LOC-005,4.3,36
2026-06-17,LOC-005,4.2,15
2026-06-17,LOC-005,5.0,1
2026-06-17,LOC-005,3.9,26
2026-06-18,LOC-005,3.0,22
2026-06-18,LOC-005,3.3,13
2026-06-18,LOC-005,2.4,10
2026-06-19,LOC-005,3.5,5
2026-06-19,LOC-005,3.6,34
2026-06-19,LOC-005,4.1,16
2026-06-20,LOC-005,3.6,49
2026-06-20,LOC-005,3.9,12
2026-06-20,LOC-005,3.2,6
2026-06-20,LOC-005,3.7,6
2026-06-21,LOC-005,4.3,24
2026-06-21,LOC-005,4.1,18
2026-06-21,LOC-005,4.4,4
2026-06-21,LOC-005,4.5,7
2026-06-21,LOC-005,4.6,1
2026-06-22,LOC-005,3.1,32
2026-06-22,LOC-005,3.4,8
2026-06-22,LOC-005,3.5,19
2026-06-23,LOC-005,3.8,6
2026-06-23,LOC-005,3.4,4
2026-06-26,LOC-005,4.1,19
2026-06-26,LOC-005,3.7,1
2026-06-26,LOC-005,4.0,1
2026-06-26,LOC-005,3.3,9
2026-06-27,LOC-005,3.9,33
2026-06-27,LOC-005,3.5,13
2026-06-27,LOC-005,4.2,9
2026-06-28,LOC-005,4.0,86
2026-06-29,LOC-005,3.5,4
2026-06-29,LOC-005,4.5,15
2026-06-29,LOC-005,4.3,16
2026-06-29,LOC-005,2.8,45
2026-06-30,LOC-005,3.8,10
2026-06-30,LOC-005,4.1,15
2026-06-30,LOC-005,3.5,3
2026-06-30,LOC-005,3.5,27
2026-06-30,LOC-005,4.2,17
2026-06-30,LOC-005,3.1,66
2026-06-30,LOC-005,3.4,1
2026-06-30,LOC-005,3.7,12
2026-01-01,LOC-006,4.6,21
2026-01-01,LOC-006,4.6,62
2026-01-01,LOC-006,4.7,2
2026-01-01,LOC-006,4.3,21
2026-01-02,LOC-006,4.5,1
2026-01-02,LOC-006,3.1,5
2026-01-02,LOC-006,4.7,4
2026-01-03,LOC-006,4.0,15
2026-01-04,LOC-006,4.1,3
2026-01-04,LOC-006,4.0,7
2026-01-04,LOC-006,4.7,4
2026-01-04,LOC-006,3.8,43
2026-01-04,LOC-006,4.2,9
2026-01-04,LOC-006,3.6,10
2026-01-04,LOC-006,5.0,28
2026-01-05,LOC-006,4.4,1
2026-01-05,LOC-006,3.6,12
2026-01-05,LOC-006,4.4,10
2026-01-05,LOC-006,3.8,1
2026-01-05,LOC-006,3.8,13
2026-01-06,LOC-006,3.7,5
2026-01-06,LOC-006,3.4,25
2026-01-06,LOC-006,4.1,39
2026-01-06,LOC-006,5.0,42
2026-01-07,LOC-006,4.5,17
2026-01-07,LOC-006,4.8,4
2026-01-07,LOC-006,4.3,23
2026-01-07,LOC-006,4.1,29
2026-01-09,LOC-006,4.0,15
2026-01-09,LOC-006,4.0,8
2026-01-09,LOC-006,4.4,3
2026-01-09,LOC-006,4.0,15
2026-01-10,LOC-006,4.0,3
2026-01-10,LOC-006,2.9,3
2026-01-10,LOC-006,3.8,12
2026-01-10,LOC-006,4.7,22
2026-01-11,LOC-006,4.0,31
2026-01-11,LOC-006,4.3,32
2026-01-11,LOC-006,5.0,7
2026-01-12,LOC-006,4.7,1
2026-01-12,LOC-006,3.7,50
2026-01-12,LOC-006,4.1,18
2026-01-13,LOC-006,3.7,1
2026-01-14,LOC-006,3.6,5
2026-01-14,LOC-006,3.8,12
2026-01-14,LOC-006,4.1,4
2026-01-15,LOC-006,4.7,11
2026-01-15,LOC-006,5.0,1
2026-01-15,LOC-006,4.3,8
2026-01-16,LOC-006,4.0,7
2026-01-16,LOC-006,4.4,14
2026-01-17,LOC-006,3.8,28
2026-01-17,LOC-006,4.8,3
2026-01-17,LOC-006,4.5,1
2026-01-18,LOC-006,4.5,51
2026-01-18,LOC-006,4.0,1
2026-01-19,LOC-006,4.5,20
2026-01-19,LOC-006,4.2,7
2026-01-19,LOC-006,4.4,19
2026-01-20,LOC-006,4.8,1
2026-01-20,LOC-006,4.0,9
2026-01-21,LOC-006,3.4,1
2026-01-21,LOC-006,4.4,4
2026-01-21,LOC-006,4.2,9
2026-01-21,LOC-006,4.5,8
2026-01-21,LOC-006,4.0,15
2026-01-22,LOC-006,4.8,1
2026-01-23,LOC-006,3.9,1
2026-01-23,LOC-006,4.4,13
2026-01-23,LOC-006,4.3,24
2026-01-24,LOC-006,4.9,44
2026-01-25,LOC-006,3.8,13
2026-01-26,LOC-006,4.5,17
2026-01-26,LOC-006,4.2,14
2026-01-26,LOC-006,3.6,14
2026-01-26,LOC-006,4.1,7
2026-01-27,LOC-006,3.7,9
2026-01-27,LOC-006,4.7,1
2026-01-27,LOC-006,4.1,16
2026-01-27,LOC-006,4.1,42
2026-01-28,LOC-006,3.0,9
2026-01-28,LOC-006,4.2,6
2026-01-28,LOC-006,3.3,26
2026-01-28,LOC-006,4.7,35
2026-01-29,LOC-006,3.7,39
2026-01-29,LOC-006,3.8,5
2026-01-29,LOC-006,3.3,23
2026-01-30,LOC-006,3.6,1
2026-01-30,LOC-006,3.7,77
2026-01-30,LOC-006,3.9,23
2026-01-30,LOC-006,4.2,18
2026-01-30,LOC-006,3.9,7
2026-01-31,LOC-006,4.2,39
2026-01-31,LOC-006,4.0,16
2026-01-31,LOC-006,4.3,6
2026-01-31,LOC-006,3.7,11
2026-01-31,LOC-006,3.1,11
2026-02-01,LOC-006,4.0,14
2026-02-01,LOC-006,4.7,33
2026-02-01,LOC-006,4.7,9
2026-02-01,LOC-006,3.3,40
2026-02-01,LOC-006,4.6,17
2026-02-02,LOC-006,3.5,4
2026-02-02,LOC-006,4.1,20
2026-02-02,LOC-006,4.2,5
2026-02-02,LOC-006,3.9,37
2026-02-03,LOC-006,3.7,36
2026-02-03,LOC-006,4.2,18
2026-02-04,LOC-006,4.2,16
2026-02-04,LOC-006,4.7,3
2026-02-05,LOC-006,4.2,10
2026-02-05,LOC-006,3.7,3
2026-02-05,LOC-006,4.3,25
2026-02-05,LOC-006,3.7,11
2026-02-05,LOC-006,4.0,1
2026-02-05,LOC-006,3.0,40
2026-02-05,LOC-006,4.1,8
2026-02-06,LOC-006,4.2,5
2026-02-07,LOC-006,4.3,17
2026-02-07,LOC-006,4.1,13
2026-02-07,LOC-006,4.5,6
2026-02-07,LOC-006,4.5,5
2026-02-08,LOC-006,4.0,27
2026-02-08,LOC-006,4.7,11
2026-02-08,LOC-006,3.1,1
2026-02-09,LOC-006,3.8,12
2026-02-09,LOC-006,3.8,45
2026-02-09,LOC-006,4.5,15
2026-02-10,LOC-006,3.8,25
2026-02-10,LOC-006,4.5,8
2026-02-10,LOC-006,3.6,13
2026-02-11,LOC-006,4.6,12
2026-02-11,LOC-006,4.1,15
2026-02-11,LOC-006,3.6,16
2026-02-11,LOC-006,4.4,27
2026-02-13,LOC-006,3.9,10
2026-02-14,LOC-006,3.7,3
2026-02-14,LOC-006,4.7,28
2026-02-14,LOC-006,4.7,6
2026-02-14,LOC-006,3.6,20
2026-02-14,LOC-006,4.0,23
2026-02-15,LOC-006,4.4,34
2026-02-15,LOC-006,5.0,1
2026-02-16,LOC-006,3.8,6
2026-02-16,LOC-006,4.7,6
2026-02-16,LOC-006,4.8,4
2026-02-16,LOC-006,4.4,5
2026-02-16,LOC-006,4.1,11
2026-02-17,LOC-006,4.1,10
2026-02-17,LOC-006,3.7,6
2026-02-17,LOC-006,3.6,5
2026-02-18,LOC-006,3.6,8
2026-02-18,LOC-006,5.0,20
2026-02-18,LOC-006,3.5,10
2026-02-18,LOC-006,3.9,22
2026-02-18,LOC-006,3.4,1
2026-02-18,LOC-006,3.9,15
2026-02-18,LOC-006,3.9,4
2026-02-18,LOC-006,4.7,17
2026-02-18,LOC-006,4.2,8
2026-02-18,LOC-006,3.4,25
2026-02-19,LOC-006,3.9,2
2026-02-19,LOC-006,4.2,19
2026-02-19,LOC-006,4.1,7
2026-02-19,LOC-006,4.1,12
2026-02-19,LOC-006,3.4,23
2026-02-20,LOC-006,3.8,17
2026-02-20,LOC-006,5.0,18
2026-02-20,LOC-006,4.2,3
2026-02-20,LOC-006,5.0,1
2026-02-20,LOC-006,4.6,1
2026-02-21,LOC-006,3.8,13
2026-02-21,LOC-006,4.5,1
2026-02-21,LOC-006,4.7,30
2026-02-21,LOC-006,3.9,7
2026-02-21,LOC-006,4.5,28
2026-02-21,LOC-006,3.7,26
2026-02-21,LOC-006,3.8,5
2026-02-21,LOC-006,4.0,6
2026-02-23,LOC-006,4.6,16
2026-02-23,LOC-006,4.2,1
2026-02-23,LOC-006,4.2,16
2026-02-24,LOC-006,4.3,44
2026-02-24,LOC-006,3.8,12
2026-02-24,LOC-006,4.1,10
2026-02-24,LOC-006,3.5,8
2026-02-25,LOC-006,4.4,2
2026-02-25,LOC-006,4.2,33
2026-02-25,LOC-006,3.5,4
2026-02-25,LOC-006,3.5,39
2026-02-26,LOC-006,4.6,11
2026-02-26,LOC-006,3.9,15
2026-02-26,LOC-006,3.6,3
2026-02-26,LOC-006,4.6,1
2026-02-26,LOC-006,4.7,7
2026-02-27,LOC-006,4.5,1
2026-02-27,LOC-006,3.9,45
2026-02-27,LOC-006,4.4,19
2026-02-27,LOC-006,4.2,2
2026-02-27,LOC-006,4.4,6
2026-02-27,LOC-006,4.0,33
2026-02-28,LOC-006,5.0,9
2026-02-28,LOC-006,4.4,28
2026-02-28,LOC-006,4.5,5
2026-02-28,LOC-006,4.7,4
2026-02-28,LOC-006,3.5,17
2026-03-01,LOC-006,3.9,76
2026-03-01,LOC-006,4.4,26
2026-03-02,LOC-006,3.9,1
2026-03-03,LOC-006,4.0,56
2026-03-03,LOC-006,3.5,25
2026-03-04,LOC-006,4.6,7
2026-03-04,LOC-006,3.8,11
2026-03-04,LOC-006,4.3,4
2026-03-05,LOC-006,4.2,6
2026-03-05,LOC-006,4.5,5
2026-03-05,LOC-006,4.6,12
2026-03-06,LOC-006,3.7,20
2026-03-06,LOC-006,3.1,22
2026-03-06,LOC-006,4.4,4
2026-03-06,LOC-006,3.4,8
2026-03-07,LOC-006,3.5,2
2026-03-07,LOC-006,4.7,7
2026-03-07,LOC-006,3.6,4
2026-03-07,LOC-006,4.5,7
2026-03-07,LOC-006,4.8,4
2026-03-07,LOC-006,3.8,7
2026-03-07,LOC-006,4.6,8
2026-03-09,LOC-006,3.9,1
2026-03-09,LOC-006,4.2,11
2026-03-10,LOC-006,4.0,17
2026-03-10,LOC-006,4.2,13
2026-03-11,LOC-006,4.2,6
2026-03-11,LOC-006,3.8,3
2026-03-12,LOC-006,4.9,2
2026-03-13,LOC-006,3.5,1
2026-03-13,LOC-006,4.4,26
2026-03-14,LOC-006,4.3,7
2026-03-15,LOC-006,4.0,60
2026-03-15,LOC-006,4.2,1
2026-03-15,LOC-006,4.0,11
2026-03-16,LOC-006,3.3,14
2026-03-16,LOC-006,3.7,34
2026-03-16,LOC-006,5.0,6
2026-03-17,LOC-006,4.8,14
2026-03-17,LOC-006,4.1,13
2026-03-18,LOC-006,4.5,39
2026-03-18,LOC-006,4.0,11
2026-03-18,LOC-006,3.7,20
2026-03-19,LOC-006,3.9,3
2026-03-19,LOC-006,3.7,5
2026-03-19,LOC-006,4.3,12
2026-03-19,LOC-006,4.3,60
2026-03-20,LOC-006,4.1,16
2026-03-20,LOC-006,4.9,1
2026-03-20,LOC-006,4.3,3
2026-03-20,LOC-006,3.5,6
2026-03-20,LOC-006,4.2,9
2026-03-20,LOC-006,3.6,33
2026-03-20,LOC-006,4.4,25
2026-03-21,LOC-006,4.1,16
2026-03-21,LOC-006,3.6,7
2026-03-21,LOC-006,3.8,1
2026-03-21,LOC-006,3.7,13
2026-03-21,LOC-006,4.4,17
2026-03-22,LOC-006,3.6,7
2026-03-22,LOC-006,4.3,4
2026-03-22,LOC-006,4.2,6
2026-03-22,LOC-006,4.5,5
2026-03-23,LOC-006,4.1,42
2026-03-23,LOC-006,3.2,29
2026-03-24,LOC-006,4.3,1
2026-03-25,LOC-006,3.4,21
2026-03-25,LOC-006,4.3,6
2026-03-25,LOC-006,4.4,15
2026-03-25,LOC-006,4.0,16
2026-03-26,LOC-006,4.4,39
2026-03-26,LOC-006,4.8,28
2026-03-26,LOC-006,4.0,8
2026-03-26,LOC-006,3.4,50
2026-03-27,LOC-006,3.5,22
2026-03-27,LOC-006,3.0,1
2026-03-27,LOC-006,4.4,9
2026-03-27,LOC-006,4.6,12
2026-03-27,LOC-006,4.3,53
2026-03-28,LOC-006,3.9,1
2026-03-28,LOC-006,4.2,45
2026-03-28,LOC-006,3.3,13
2026-03-28,LOC-006,5.0,11
2026-03-29,LOC-006,4.0,6
2026-03-29,LOC-006,4.0,25
2026-03-29,LOC-006,3.8,9
2026-03-30,LOC-006,4.5,10
2026-03-30,LOC-006,4.3,18
2026-04-01,LOC-006,3.9,1
2026-04-02,LOC-006,3.9,30
2026-04-03,LOC-006,4.8,3
2026-04-03,LOC-006,3.5,42
2026-04-03,LOC-006,3.6,53
2026-04-03,LOC-006,4.0,25
2026-04-03,LOC-006,4.0,12
2026-04-03,LOC-006,4.3,6
2026-04-03,LOC-006,4.7,1
2026-04-03,LOC-006,4.2,9
2026-04-03,LOC-006,3.7,17
2026-04-03,LOC-006,3.6,13
2026-04-03,LOC-006,4.2,2
2026-04-04,LOC-006,3.5,29
2026-04-04,LOC-006,3.6,2
2026-04-05,LOC-006,4.5,11
2026-04-06,LOC-006,3.8,1
2026-04-06,LOC-006,3.9,23
2026-04-06,LOC-006,4.1,4
2026-04-07,LOC-006,4.7,9
2026-04-07,LOC-006,4.2,1
2026-04-08,LOC-006,4.1,7
2026-04-08,LOC-006,5.0,7
2026-04-08,LOC-006,4.5,95
2026-04-08,LOC-006,4.4,20
2026-04-09,LOC-006,4.4,36
2026-04-09,LOC-006,4.7,3
2026-04-09,LOC-006,4.9,7
2026-04-10,LOC-006,4.7,26
2026-04-10,LOC-006,3.8,1
2026-04-11,LOC-006,4.6,1
2026-04-11,LOC-006,3.8,20
2026-04-12,LOC-006,3.1,29
2026-04-12,LOC-006,3.4,12
2026-04-13,LOC-006,3.7,1
2026-04-13,LOC-006,3.8,3
2026-04-13,LOC-006,3.9,1
2026-04-13,LOC-006,4.4,29
2026-04-14,LOC-006,4.6,11
2026-04-14,LOC-006,4.1,6
2026-04-14,LOC-006,3.4,15
2026-04-14,LOC-006,3.5,12
2026-04-15,LOC-006,4.4,26
2026-04-15,LOC-006,3.8,11
2026-04-15,LOC-006,4.5,1
2026-04-15,LOC-006,4.6,33
2026-04-16,LOC-006,4.1,1
2026-04-16,LOC-006,5.0,1
2026-04-17,LOC-006,3.8,25
2026-04-17,LOC-006,4.5,9
2026-04-17,LOC-006,4.1,21
2026-04-17,LOC-006,4.7,30
2026-04-17,LOC-006,3.8,1
2026-04-18,LOC-006,4.4,4
2026-04-18,LOC-006,4.9,5
2026-04-18,LOC-006,4.7,2
2026-04-18,LOC-006,4.3,54
2026-04-19,LOC-006,4.6,17
2026-04-19,LOC-006,4.2,3
2026-04-19,LOC-006,3.5,6
2026-04-19,LOC-006,3.8,9
2026-04-19,LOC-006,4.5,7
2026-04-19,LOC-006,3.9,10
2026-04-20,LOC-006,3.8,23
2026-04-20,LOC-006,4.4,4
2026-04-20,LOC-006,4.8,7
2026-04-20,LOC-006,4.2,4
2026-04-20,LOC-006,5.0,54
2026-04-20,LOC-006,3.3,1
2026-04-20,LOC-006,5.0,48
2026-04-22,LOC-006,4.9,32
2026-04-22,LOC-006,4.5,4
2026-04-22,LOC-006,5.0,6
2026-04-22,LOC-006,5.0,10
2026-04-23,LOC-006,4.1,7
2026-04-23,LOC-006,3.8,26
2026-04-23,LOC-006,4.0,23
2026-04-24,LOC-006,4.0,2
2026-04-24,LOC-006,4.0,2
2026-04-24,LOC-006,4.4,35
2026-04-24,LOC-006,4.6,6
2026-04-24,LOC-006,5.0,5
2026-04-24,LOC-006,4.4,11
2026-04-25,LOC-006,3.8,9
2026-04-25,LOC-006,3.5,4
2026-04-25,LOC-006,4.0,7
2026-04-25,LOC-006,3.7,66
2026-04-25,LOC-006,3.9,6
2026-04-25,LOC-006,3.8,19
2026-04-25,LOC-006,4.1,14
2026-04-25,LOC-006,4.0,22
2026-04-26,LOC-006,4.7,17
2026-04-26,LOC-006,4.3,1
2026-04-26,LOC-006,4.0,21
2026-04-26,LOC-006,3.9,17
2026-04-27,LOC-006,3.6,53
2026-04-27,LOC-006,4.2,27
2026-04-27,LOC-006,4.6,16
2026-04-27,LOC-006,4.7,18
2026-04-28,LOC-006,4.0,10
2026-04-29,LOC-006,4.1,11
2026-04-29,LOC-006,2.2,14
2026-04-29,LOC-006,3.5,7
2026-04-29,LOC-006,5.0,13
2026-04-29,LOC-006,4.3,1
2026-04-29,LOC-006,3.8,39
2026-04-29,LOC-006,3.1,51
2026-04-30,LOC-006,4.5,6
2026-04-30,LOC-006,3.9,11
2026-04-30,LOC-006,4.9,29
2026-04-30,LOC-006,3.3,6
2026-04-30,LOC-006,4.4,21
2026-05-01,LOC-006,3.7,9
2026-05-02,LOC-006,4.2,11
2026-05-03,LOC-006,4.6,14
2026-05-03,LOC-006,4.4,28
2026-05-05,LOC-006,4.5,2
2026-05-05,LOC-006,3.5,4
2026-05-06,LOC-006,4.1,16
2026-05-07,LOC-006,3.4,9
2026-05-07,LOC-006,4.1,15
2026-05-07,LOC-006,4.1,26
2026-05-08,LOC-006,3.5,3
2026-05-08,LOC-006,3.9,15
2026-05-09,LOC-006,3.9,1
2026-05-09,LOC-006,4.1,12
2026-05-10,LOC-006,5.0,14
2026-05-11,LOC-006,3.7,15
2026-05-11,LOC-006,3.8,1
2026-05-12,LOC-006,4.7,7
2026-05-12,LOC-006,4.2,3
2026-05-12,LOC-006,3.8,22
2026-05-12,LOC-006,4.5,6
2026-05-13,LOC-006,4.2,11
2026-05-13,LOC-006,4.4,18
2026-05-14,LOC-006,3.6,21
2026-05-14,LOC-006,3.7,18
2026-05-14,LOC-006,3.9,3
2026-05-15,LOC-006,3.7,24
2026-05-16,LOC-006,3.8,8
2026-05-17,LOC-006,3.8,6
2026-05-18,LOC-006,3.6,12
2026-05-18,LOC-006,5.0,12
2026-05-18,LOC-006,4.4,36
2026-05-18,LOC-006,4.3,21
2026-05-19,LOC-006,3.3,6
2026-05-20,LOC-006,3.6,1
2026-05-20,LOC-006,3.8,3
2026-05-21,LOC-006,4.7,8
2026-05-21,LOC-006,3.5,3
2026-05-22,LOC-006,4.1,4
2026-05-22,LOC-006,3.8,11
2026-05-22,LOC-006,4.3,46
2026-05-23,LOC-006,3.4,2
2026-05-24,LOC-006,4.0,29
2026-05-24,LOC-006,4.2,1
2026-05-24,LOC-006,4.2,12
2026-05-24,LOC-006,3.7,5
2026-05-25,LOC-006,4.2,22
2026-05-25,LOC-006,3.6,9
2026-05-25,LOC-006,3.9,6
2026-05-26,LOC-006,4.8,16
2026-05-26,LOC-006,4.5,1
2026-05-26,LOC-006,4.2,1
2026-05-26,LOC-006,4.3,14
2026-05-26,LOC-006,4.0,11
2026-05-26,LOC-006,3.6,22
2026-05-27,LOC-006,3.5,14
2026-05-27,LOC-006,3.9,43
2026-05-28,LOC-006,4.1,4
2026-05-28,LOC-006,3.7,8
2026-05-28,LOC-006,3.9,57
2026-05-28,LOC-006,4.0,20
2026-05-29,LOC-006,4.7,7
2026-05-29,LOC-006,3.5,1
2026-05-30,LOC-006,3.9,7
2026-05-30,LOC-006,3.8,1
2026-05-30,LOC-006,4.0,29
2026-05-31,LOC-006,3.3,5
2026-05-31,LOC-006,4.2,5
2026-05-31,LOC-006,4.0,24
2026-05-31,LOC-006,4.5,1
2026-06-01,LOC-006,4.7,2
2026-06-01,LOC-006,4.2,17
2026-06-01,LOC-006,3.7,10
2026-06-01,LOC-006,3.9,1
2026-06-01,LOC-006,4.5,3
2026-06-01,LOC-006,4.1,17
2026-06-01,LOC-006,4.1,10
2026-06-01,LOC-006,3.8,4
2026-06-02,LOC-006,5.0,3
2026-06-02,LOC-006,4.8,6
2026-06-02,LOC-006,4.1,5
2026-06-03,LOC-006,4.5,15
2026-06-03,LOC-006,4.2,6
2026-06-03,LOC-006,5.0,5
2026-06-03,LOC-006,4.5,27
2026-06-03,LOC-006,4.5,15
2026-06-03,LOC-006,4.4,26
2026-06-04,LOC-006,3.6,12
2026-06-04,LOC-006,4.2,1
2026-06-05,LOC-006,4.9,38
2026-06-06,LOC-006,4.2,3
2026-06-06,LOC-006,4.3,1
2026-06-06,LOC-006,5.0,6
2026-06-06,LOC-006,4.5,8
2026-06-07,LOC-006,4.1,4
2026-06-07,LOC-006,3.4,32
2026-06-08,LOC-006,3.5,1
2026-06-08,LOC-006,4.8,3
2026-06-09,LOC-006,4.2,1
2026-06-09,LOC-006,4.1,1
2026-06-09,LOC-006,4.8,1
2026-06-09,LOC-006,4.3,45
2026-06-10,LOC-006,4.4,9
2026-06-10,LOC-006,3.5,23
2026-06-10,LOC-006,4.4,12
2026-06-11,LOC-006,4.2,12
2026-06-11,LOC-006,3.7,4
2026-06-11,LOC-006,3.7,19
2026-06-11,LOC-006,4.2,8
2026-06-12,LOC-006,4.7,4
2026-06-13,LOC-006,3.9,17
2026-06-13,LOC-006,3.7,16
2026-06-13,LOC-006,4.5,21
2026-06-13,LOC-006,4.2,20
2026-06-13,LOC-006,3.4,23
2026-06-14,LOC-006,4.9,8
2026-06-15,LOC-006,4.2,13
2026-06-16,LOC-006,3.8,5
2026-06-16,LOC-006,4.4,2
2026-06-17,LOC-006,4.3,53
2026-06-17,LOC-006,4.0,12
2026-06-17,LOC-006,3.6,58
2026-06-18,LOC-006,3.9,45
2026-06-18,LOC-006,4.7,23
2026-06-18,LOC-006,5.0,7
2026-06-19,LOC-006,4.5,4
2026-06-19,LOC-006,4.1,7
2026-06-19,LOC-006,4.1,9
2026-06-19,LOC-006,3.7,5
2026-06-19,LOC-006,3.7,13
2026-06-20,LOC-006,3.8,45
2026-06-20,LOC-006,5.0,13
2026-06-20,LOC-006,4.0,33
2026-06-21,LOC-006,4.2,1
2026-06-21,LOC-006,4.6,18
2026-06-21,LOC-006,4.3,2
2026-06-21,LOC-006,4.1,2
2026-06-21,LOC-006,4.4,14
2026-06-22,LOC-006,4.6,11
2026-06-22,LOC-006,4.8,12
2026-06-23,LOC-006,4.0,30
2026-06-23,LOC-006,3.8,1
2026-06-23,LOC-006,4.4,40
2026-06-24,LOC-006,5.0,4
2026-06-24,LOC-006,4.5,14
2026-06-25,LOC-006,4.2,9
2026-06-25,LOC-006,3.8,3
2026-06-25,LOC-006,3.9,1
2026-06-25,LOC-006,3.5,1
2026-06-26,LOC-006,4.4,3
2026-06-26,LOC-006,4.5,37
2026-06-26,LOC-006,3.5,1
2026-06-26,LOC-006,3.6,12
2026-06-27,LOC-006,5.0,1
2026-06-27,LOC-006,3.6,16
2026-06-27,LOC-006,4.3,55
2026-06-28,LOC-006,5.0,1
2026-06-28,LOC-006,3.8,9
2026-06-28,LOC-006,3.9,23
2026-06-28,LOC-006,3.9,4
2026-06-28,LOC-006,4.7,13
2026-06-29,LOC-006,4.6,3
2026-06-29,LOC-006,4.0,4
2026-06-29,LOC-006,4.7,6
2026-06-30,LOC-006,4.9,3
2026-06-30,LOC-006,4.9,8
2026-06-30,LOC-006,4.5,8
2026-01-01,LOC-007,5.0,2
2026-01-01,LOC-007,4.4,14
2026-01-01,LOC-007,5.0,25
2026-01-02,LOC-007,4.5,4
2026-01-02,LOC-007,4.6,21
2026-01-02,LOC-007,4.3,1
2026-01-03,LOC-007,4.0,31
2026-01-03,LOC-007,4.7,19
2026-01-03,LOC-007,4.0,4
2026-01-03,LOC-007,3.4,32
2026-01-03,LOC-007,5.0,4
2026-01-04,LOC-007,4.8,9
2026-01-05,LOC-007,4.3,21
2026-01-05,LOC-007,3.4,4
2026-01-05,LOC-007,4.0,20
2026-01-05,LOC-007,4.0,1
2026-01-05,LOC-007,4.1,4
2026-01-06,LOC-007,3.4,9
2026-01-06,LOC-007,5.0,7
2026-01-06,LOC-007,4.4,5
2026-01-06,LOC-007,4.4,11
2026-01-06,LOC-007,3.6,2
2026-01-08,LOC-007,4.0,38
2026-01-09,LOC-007,3.2,1
2026-01-09,LOC-007,4.0,3
2026-01-09,LOC-007,4.0,5
2026-01-09,LOC-007,3.9,21
2026-01-10,LOC-007,4.3,8
2026-01-10,LOC-007,4.3,2
2026-01-10,LOC-007,4.1,12
2026-01-11,LOC-007,4.2,11
2026-01-11,LOC-007,4.4,8
2026-01-11,LOC-007,4.8,22
2026-01-11,LOC-007,4.4,15
2026-01-12,LOC-007,4.8,1
2026-01-13,LOC-007,4.6,4
2026-01-13,LOC-007,4.9,25
2026-01-13,LOC-007,4.6,10
2026-01-14,LOC-007,3.7,20
2026-01-14,LOC-007,5.0,4
2026-01-15,LOC-007,4.0,31
2026-01-15,LOC-007,4.3,10
2026-01-16,LOC-007,4.9,6
2026-01-16,LOC-007,4.4,4
2026-01-16,LOC-007,4.8,15
2026-01-16,LOC-007,4.4,1
2026-01-16,LOC-007,4.0,23
2026-01-17,LOC-007,5.0,13
2026-01-18,LOC-007,4.2,20
2026-01-18,LOC-007,5.0,14
2026-01-18,LOC-007,4.3,3
2026-01-19,LOC-007,5.0,21
2026-01-20,LOC-007,3.6,18
2026-01-21,LOC-007,3.7,25
2026-01-22,LOC-007,4.9,33
2026-01-22,LOC-007,4.3,12
2026-01-22,LOC-007,3.8,8
2026-01-22,LOC-007,4.9,1
2026-01-22,LOC-007,4.2,11
2026-01-23,LOC-007,4.2,39
2026-01-24,LOC-007,4.3,1
2026-01-24,LOC-007,3.4,5
2026-01-25,LOC-007,4.2,3
2026-01-25,LOC-007,3.7,3
2026-01-25,LOC-007,4.2,20
2026-01-26,LOC-007,3.6,3
2026-01-26,LOC-007,3.8,13
2026-01-26,LOC-007,4.8,4
2026-01-26,LOC-007,4.3,1
2026-01-27,LOC-007,4.1,86
2026-01-28,LOC-007,3.6,6
2026-01-28,LOC-007,4.3,3
2026-01-28,LOC-007,4.9,3
2026-01-28,LOC-007,5.0,5
2026-01-29,LOC-007,4.5,18
2026-01-29,LOC-007,4.3,8
2026-01-29,LOC-007,4.4,113
2026-01-29,LOC-007,4.4,1
2026-01-31,LOC-007,3.4,18
2026-01-31,LOC-007,4.3,11
2026-01-31,LOC-007,4.1,12
2026-01-31,LOC-007,4.0,5
2026-01-31,LOC-007,3.6,27
2026-01-31,LOC-007,4.4,1
2026-02-02,LOC-007,3.3,15
2026-02-02,LOC-007,3.4,1
2026-02-02,LOC-007,3.9,31
2026-02-02,LOC-007,4.7,9
2026-02-02,LOC-007,3.2,38
2026-02-02,LOC-007,4.7,2
2026-02-02,LOC-007,4.2,6
2026-02-03,LOC-007,3.9,2
2026-02-03,LOC-007,4.3,11
2026-02-04,LOC-007,4.7,56
2026-02-04,LOC-007,3.9,7
2026-02-04,LOC-007,4.5,6
2026-02-04,LOC-007,4.6,6
2026-02-05,LOC-007,4.4,9
2026-02-05,LOC-007,5.0,21
2026-02-05,LOC-007,3.7,2
2026-02-05,LOC-007,4.5,25
2026-02-05,LOC-007,4.4,24
2026-02-06,LOC-007,4.1,19
2026-02-06,LOC-007,3.6,25
2026-02-06,LOC-007,4.4,16
2026-02-06,LOC-007,3.8,1
2026-02-07,LOC-007,5.0,1
2026-02-07,LOC-007,4.3,76
2026-02-07,LOC-007,4.2,65
2026-02-07,LOC-007,5.0,1
2026-02-08,LOC-007,4.8,9
2026-02-08,LOC-007,4.3,13
2026-02-08,LOC-007,5.0,1
2026-02-09,LOC-007,3.9,15
2026-02-10,LOC-007,5.0,13
2026-02-11,LOC-007,4.5,6
2026-02-11,LOC-007,4.5,2
2026-02-11,LOC-007,4.1,32
2026-02-12,LOC-007,5.0,26
2026-02-12,LOC-007,4.4,40
2026-02-13,LOC-007,4.8,22
2026-02-13,LOC-007,4.5,6
2026-02-14,LOC-007,4.2,3
2026-02-14,LOC-007,4.5,4
2026-02-14,LOC-007,4.3,9
2026-02-15,LOC-007,4.5,27
2026-02-15,LOC-007,5.0,28
2026-02-15,LOC-007,4.3,14
2026-02-15,LOC-007,3.6,4
2026-02-15,LOC-007,4.3,24
2026-02-16,LOC-007,4.5,9
2026-02-16,LOC-007,4.7,1
2026-02-16,LOC-007,4.5,8
2026-02-16,LOC-007,4.6,1
2026-02-16,LOC-007,3.9,30
2026-02-16,LOC-007,3.5,11
2026-02-17,LOC-007,4.0,7
2026-02-17,LOC-007,3.7,10
2026-02-17,LOC-007,4.3,12
2026-02-18,LOC-007,4.0,21
2026-02-20,LOC-007,4.6,6
2026-02-20,LOC-007,3.9,2
2026-02-20,LOC-007,4.2,19
2026-02-20,LOC-007,3.5,19
2026-02-21,LOC-007,4.5,3
2026-02-21,LOC-007,4.6,3
2026-02-22,LOC-007,4.1,22
2026-02-22,LOC-007,4.5,5
2026-02-23,LOC-007,4.1,17
2026-02-23,LOC-007,3.5,1
2026-02-23,LOC-007,4.1,21
2026-02-23,LOC-007,4.9,7
2026-02-23,LOC-007,4.5,5
2026-02-24,LOC-007,3.5,2
2026-02-24,LOC-007,4.3,6
2026-02-24,LOC-007,4.5,5
2026-02-24,LOC-007,4.4,6
2026-02-24,LOC-007,3.7,4
2026-02-25,LOC-007,4.5,34
2026-02-26,LOC-007,5.0,3
2026-02-26,LOC-007,4.6,15
2026-02-26,LOC-007,4.4,3
2026-02-27,LOC-007,3.9,20
2026-02-28,LOC-007,4.0,12
2026-02-28,LOC-007,4.1,12
2026-03-01,LOC-007,4.8,23
2026-03-01,LOC-007,4.5,13
2026-03-01,LOC-007,4.6,13
2026-03-02,LOC-007,4.8,20
2026-03-02,LOC-007,4.1,1
2026-03-02,LOC-007,4.2,10
2026-03-03,LOC-007,4.0,6
2026-03-03,LOC-007,4.6,36
2026-03-04,LOC-007,4.4,5
2026-03-04,LOC-007,4.1,23
2026-03-04,LOC-007,4.3,5
2026-03-04,LOC-007,3.1,6
2026-03-04,LOC-007,4.1,16
2026-03-04,LOC-007,3.6,25
2026-03-04,LOC-007,4.7,61
2026-03-05,LOC-007,4.2,12
2026-03-05,LOC-007,4.9,5
2026-03-05,LOC-007,3.6,1
2026-03-05,LOC-007,4.6,1
2026-03-05,LOC-007,4.8,45
2026-03-06,LOC-007,4.5,24
2026-03-06,LOC-007,3.6,17
2026-03-07,LOC-007,4.4,32
2026-03-07,LOC-007,4.9,64
2026-03-08,LOC-007,3.8,1
2026-03-08,LOC-007,4.9,13
2026-03-09,LOC-007,4.4,4
2026-03-09,LOC-007,3.8,1
2026-03-09,LOC-007,5.0,20
2026-03-10,LOC-007,3.7,6
2026-03-10,LOC-007,4.4,2
2026-03-10,LOC-007,4.4,4
2026-03-11,LOC-007,3.8,79
2026-03-11,LOC-007,4.4,9
2026-03-11,LOC-007,3.9,36
2026-03-11,LOC-007,5.0,3
2026-03-12,LOC-007,4.9,7
2026-03-13,LOC-007,3.9,12
2026-03-13,LOC-007,4.4,1
2026-03-13,LOC-007,4.5,12
2026-03-13,LOC-007,3.9,13
2026-03-13,LOC-007,4.4,7
2026-03-14,LOC-007,5.0,9
2026-03-15,LOC-007,3.7,3
2026-03-15,LOC-007,4.5,3
2026-03-16,LOC-007,4.9,21
2026-03-16,LOC-007,4.0,5
2026-03-17,LOC-007,4.1,35
2026-03-18,LOC-007,4.1,10
2026-03-18,LOC-007,3.9,13
2026-03-18,LOC-007,4.9,30
2026-03-18,LOC-007,4.2,11
2026-03-19,LOC-007,4.4,7
2026-03-20,LOC-007,3.3,44
2026-03-20,LOC-007,4.4,5
2026-03-20,LOC-007,4.3,14
2026-03-20,LOC-007,3.7,20
2026-03-20,LOC-007,3.3,31
2026-03-20,LOC-007,4.2,27
2026-03-20,LOC-007,4.7,34
2026-03-21,LOC-007,3.7,2
2026-03-21,LOC-007,3.9,31
2026-03-22,LOC-007,4.1,12
2026-03-22,LOC-007,4.0,18
2026-03-22,LOC-007,3.3,15
2026-03-22,LOC-007,3.6,10
2026-03-22,LOC-007,3.8,8
2026-03-23,LOC-007,4.2,4
2026-03-23,LOC-007,3.8,2
2026-03-23,LOC-007,3.7,8
2026-03-23,LOC-007,4.0,8
2026-03-23,LOC-007,4.8,2
2026-03-23,LOC-007,4.8,49
2026-03-23,LOC-007,4.6,30
2026-03-24,LOC-007,4.1,22
2026-03-24,LOC-007,4.5,4
2026-03-24,LOC-007,4.9,27
2026-03-25,LOC-007,4.0,12
2026-03-25,LOC-007,3.6,17
2026-03-25,LOC-007,4.3,20
2026-03-25,LOC-007,4.9,9
2026-03-26,LOC-007,3.7,13
2026-03-27,LOC-007,3.6,17
2026-03-27,LOC-007,3.6,6
2026-03-27,LOC-007,3.7,1
2026-03-27,LOC-007,4.4,15
2026-03-27,LOC-007,4.2,1
2026-03-27,LOC-007,5.0,5
2026-03-28,LOC-007,4.8,14
2026-03-28,LOC-007,3.9,14
2026-03-28,LOC-007,3.8,20
2026-03-28,LOC-007,4.7,1
2026-03-29,LOC-007,4.7,3
2026-03-29,LOC-007,4.4,39
2026-03-29,LOC-007,4.8,6
2026-03-29,LOC-007,4.8,24
2026-03-29,LOC-007,4.4,20
2026-03-29,LOC-007,4.7,11
2026-03-29,LOC-007,4.4,11
2026-03-30,LOC-007,4.1,11
2026-03-30,LOC-007,4.1,33
2026-03-30,LOC-007,4.2,31
2026-03-31,LOC-007,4.4,2
2026-03-31,LOC-007,3.8,1
2026-03-31,LOC-007,3.7,2
2026-04-01,LOC-007,3.7,14
2026-04-01,LOC-007,5.0,14
2026-04-01,LOC-007,3.6,30
2026-04-01,LOC-007,4.6,1
2026-04-02,LOC-007,4.1,32
2026-04-03,LOC-007,4.4,16
2026-04-04,LOC-007,3.9,6
2026-04-04,LOC-007,4.6,10
2026-04-04,LOC-007,3.5,5
2026-04-04,LOC-007,4.1,11
2026-04-04,LOC-007,3.7,21
2026-04-05,LOC-007,4.8,12
2026-04-05,LOC-007,4.7,5
2026-04-06,LOC-007,4.9,6
2026-04-06,LOC-007,4.1,17
2026-04-06,LOC-007,4.5,24
2026-04-06,LOC-007,3.6,42
2026-04-06,LOC-007,3.7,49
2026-04-06,LOC-007,4.4,12
2026-04-07,LOC-007,4.0,15
2026-04-07,LOC-007,4.0,11
2026-04-07,LOC-007,4.6,18
2026-04-07,LOC-007,5.0,25
2026-04-08,LOC-007,4.0,1
2026-04-08,LOC-007,4.9,5
2026-04-08,LOC-007,4.1,2
2026-04-09,LOC-007,3.5,17
2026-04-09,LOC-007,4.2,37
2026-04-10,LOC-007,4.4,58
2026-04-10,LOC-007,3.9,23
2026-04-10,LOC-007,3.4,17
2026-04-10,LOC-007,4.4,2
2026-04-10,LOC-007,4.0,7
2026-04-10,LOC-007,4.3,41
2026-04-11,LOC-007,4.8,3
2026-04-11,LOC-007,4.5,7
2026-04-12,LOC-007,3.8,9
2026-04-12,LOC-007,3.9,7
2026-04-12,LOC-007,4.0,9
2026-04-13,LOC-007,3.4,3
2026-04-13,LOC-007,3.8,2
2026-04-13,LOC-007,4.8,29
2026-04-13,LOC-007,5.0,3
2026-04-14,LOC-007,3.5,1
2026-04-15,LOC-007,4.2,13
2026-04-15,LOC-007,4.3,8
2026-04-15,LOC-007,3.8,52
2026-04-15,LOC-007,5.0,6
2026-04-16,LOC-007,3.5,1
2026-04-17,LOC-007,4.1,13
2026-04-17,LOC-007,4.2,1
2026-04-17,LOC-007,4.1,40
2026-04-18,LOC-007,4.2,1
2026-04-19,LOC-007,4.1,2
2026-04-20,LOC-007,3.8,12
2026-04-20,LOC-007,4.6,26
2026-04-20,LOC-007,4.2,31
2026-04-20,LOC-007,4.5,3
2026-04-20,LOC-007,4.9,41
2026-04-21,LOC-007,3.7,13
2026-04-22,LOC-007,3.8,1
2026-04-22,LOC-007,5.0,1
2026-04-22,LOC-007,3.9,2
2026-04-22,LOC-007,4.4,34
2026-04-22,LOC-007,3.4,1
2026-04-23,LOC-007,4.3,9
2026-04-23,LOC-007,4.3,7
2026-04-24,LOC-007,3.5,33
2026-04-24,LOC-007,4.7,9
2026-04-24,LOC-007,5.0,2
2026-04-25,LOC-007,3.9,18
2026-04-25,LOC-007,4.4,16
2026-04-25,LOC-007,4.5,11
2026-04-25,LOC-007,4.3,40
2026-04-25,LOC-007,4.1,26
2026-04-25,LOC-007,4.4,31
2026-04-26,LOC-007,4.1,6
2026-04-26,LOC-007,4.5,16
2026-04-26,LOC-007,4.0,14
2026-04-26,LOC-007,3.4,10
2026-04-27,LOC-007,4.6,1
2026-04-28,LOC-007,4.4,30
2026-04-28,LOC-007,4.5,2
2026-04-29,LOC-007,4.3,16
2026-04-30,LOC-007,5.0,1
2026-04-30,LOC-007,4.2,6
2026-04-30,LOC-007,4.4,16
2026-04-30,LOC-007,3.5,4
2026-05-01,LOC-007,4.9,18
2026-05-01,LOC-007,3.4,14
2026-05-01,LOC-007,3.4,14
2026-05-01,LOC-007,4.4,49
2026-05-02,LOC-007,4.9,22
2026-05-02,LOC-007,4.4,29
2026-05-02,LOC-007,4.9,9
2026-05-02,LOC-007,5.0,17
2026-05-02,LOC-007,4.4,4
2026-05-02,LOC-007,3.8,2
2026-05-02,LOC-007,3.6,15
2026-05-03,LOC-007,4.6,21
2026-05-03,LOC-007,5.0,3
2026-05-04,LOC-007,3.0,39
2026-05-04,LOC-007,4.3,17
2026-05-05,LOC-007,3.9,35
2026-05-05,LOC-007,4.5,6
2026-05-06,LOC-007,4.4,7
2026-05-06,LOC-007,3.5,10
2026-05-06,LOC-007,3.9,7
2026-05-07,LOC-007,3.7,32
2026-05-08,LOC-007,4.1,1
2026-05-08,LOC-007,3.8,11
2026-05-09,LOC-007,4.0,2
2026-05-10,LOC-007,5.0,2
2026-05-11,LOC-007,4.4,7
2026-05-11,LOC-007,3.4,26
2026-05-12,LOC-007,4.1,2
2026-05-12,LOC-007,4.3,30
2026-05-12,LOC-007,4.6,8
2026-05-12,LOC-007,5.0,9
2026-05-12,LOC-007,4.4,6
2026-05-13,LOC-007,3.4,2
2026-05-13,LOC-007,4.1,4
2026-05-14,LOC-007,4.1,1
2026-05-14,LOC-007,4.5,2
2026-05-14,LOC-007,4.6,12
2026-05-15,LOC-007,4.1,3
2026-05-15,LOC-007,4.4,1
2026-05-15,LOC-007,4.3,11
2026-05-15,LOC-007,4.8,46
2026-05-15,LOC-007,4.9,5
2026-05-16,LOC-007,4.4,58
2026-05-16,LOC-007,4.9,43
2026-05-16,LOC-007,4.9,52
2026-05-17,LOC-007,3.7,1
2026-05-17,LOC-007,4.4,37
2026-05-17,LOC-007,4.2,19
2026-05-18,LOC-007,4.2,27
2026-05-18,LOC-007,3.8,16
2026-05-18,LOC-007,2.9,29
2026-05-18,LOC-007,4.6,20
2026-05-18,LOC-007,4.1,1
2026-05-19,LOC-007,5.0,10
2026-05-19,LOC-007,4.0,5
2026-05-19,LOC-007,3.2,6
2026-05-20,LOC-007,4.0,10
2026-05-20,LOC-007,4.0,32
2026-05-20,LOC-007,4.9,37
2026-05-21,LOC-007,3.9,27
2026-05-21,LOC-007,4.4,40
2026-05-21,LOC-007,4.3,1
2026-05-21,LOC-007,4.5,1
2026-05-21,LOC-007,4.3,19
2026-05-25,LOC-007,4.2,12
2026-05-25,LOC-007,4.0,9
2026-05-25,LOC-007,4.0,8
2026-05-25,LOC-007,4.4,4
2026-05-25,LOC-007,4.7,1
2026-05-25,LOC-007,3.0,3
2026-05-25,LOC-007,4.8,1
2026-05-25,LOC-007,4.5,8
2026-05-25,LOC-007,3.6,23
2026-05-25,LOC-007,3.8,11
2026-05-26,LOC-007,4.0,12
2026-05-26,LOC-007,4.6,1
2026-05-26,LOC-007,4.6,67
2026-05-26,LOC-007,4.2,34
2026-05-26,LOC-007,4.7,9
2026-05-27,LOC-007,4.2,17
2026-05-27,LOC-007,4.9,8
2026-05-27,LOC-007,4.9,9
2026-05-28,LOC-007,4.3,22
2026-05-28,LOC-007,5.0,17
2026-05-28,LOC-007,4.2,20
2026-05-28,LOC-007,4.7,31
2026-05-28,LOC-007,4.0,8
2026-05-28,LOC-007,4.3,4
2026-05-28,LOC-007,3.7,5
2026-05-29,LOC-007,4.3,1
2026-05-29,LOC-007,4.7,7
2026-05-29,LOC-007,4.7,54
2026-05-30,LOC-007,4.0,8
2026-05-30,LOC-007,4.8,36
2026-05-30,LOC-007,4.7,10
2026-05-30,LOC-007,3.4,1
2026-05-30,LOC-007,4.1,6
2026-05-30,LOC-007,4.1,8
2026-05-31,LOC-007,4.4,2
2026-05-31,LOC-007,2.8,3
2026-05-31,LOC-007,4.3,30
2026-06-01,LOC-007,3.9,1
2026-06-01,LOC-007,4.4,8
2026-06-01,LOC-007,3.5,19
2026-06-01,LOC-007,4.2,15
2026-06-02,LOC-007,4.5,12
2026-06-02,LOC-007,4.9,32
2026-06-02,LOC-007,4.8,1
2026-06-03,LOC-007,4.1,2
2026-06-03,LOC-007,3.9,4
2026-06-04,LOC-007,4.0,4
2026-06-04,LOC-007,4.6,25
2026-06-04,LOC-007,4.2,18
2026-06-05,LOC-007,4.7,1
2026-06-05,LOC-007,4.2,46
2026-06-05,LOC-007,4.5,2
2026-06-06,LOC-007,4.1,1
2026-06-06,LOC-007,5.0,19
2026-06-07,LOC-007,4.5,6
2026-06-08,LOC-007,5.0,11
2026-06-08,LOC-007,4.9,11
2026-06-08,LOC-007,4.9,3
2026-06-09,LOC-007,4.2,25
2026-06-09,LOC-007,4.0,1
2026-06-09,LOC-007,4.3,10
2026-06-10,LOC-007,5.0,39
2026-06-10,LOC-007,3.8,2
2026-06-10,LOC-007,4.3,18
2026-06-10,LOC-007,3.8,8
2026-06-11,LOC-007,4.0,23
2026-06-12,LOC-007,4.4,30
2026-06-12,LOC-007,4.9,27
2026-06-12,LOC-007,4.1,1
2026-06-12,LOC-007,4.1,5
2026-06-12,LOC-007,4.4,9
2026-06-12,LOC-007,4.3,8
2026-06-12,LOC-007,4.2,4
2026-06-12,LOC-007,3.9,53
2026-06-12,LOC-007,4.1,10
2026-06-13,LOC-007,4.6,1
2026-06-13,LOC-007,4.4,4
2026-06-13,LOC-007,4.2,10
2026-06-13,LOC-007,3.6,14
2026-06-13,LOC-007,4.5,14
2026-06-13,LOC-007,4.3,1
2026-06-13,LOC-007,3.7,16
2026-06-13,LOC-007,4.0,38
2026-06-13,LOC-007,4.4,63
2026-06-14,LOC-007,4.5,2
2026-06-14,LOC-007,3.3,8
2026-06-15,LOC-007,4.4,10
2026-06-15,LOC-007,4.8,4
2026-06-15,LOC-007,3.6,12
2026-06-16,LOC-007,4.1,18
2026-06-16,LOC-007,3.5,33
2026-06-17,LOC-007,4.0,2
2026-06-18,LOC-007,4.1,3
2026-06-19,LOC-007,4.1,18
2026-06-19,LOC-007,4.9,22
2026-06-19,LOC-007,4.7,52
2026-06-20,LOC-007,4.4,3
2026-06-21,LOC-007,3.6,48
2026-06-21,LOC-007,4.7,3
2026-06-21,LOC-007,4.5,10
2026-06-21,LOC-007,4.2,18
2026-06-22,LOC-007,3.8,30
2026-06-22,LOC-007,3.9,32
2026-06-22,LOC-007,4.6,3
2026-06-22,LOC-007,4.6,19
2026-06-23,LOC-007,4.0,48
2026-06-24,LOC-007,4.2,28
2026-06-24,LOC-007,4.3,6
2026-06-24,LOC-007,4.8,15
2026-06-24,LOC-007,3.8,10
2026-06-25,LOC-007,4.2,1
2026-06-25,LOC-007,4.1,2
2026-06-25,LOC-007,4.6,4
2026-06-26,LOC-007,4.4,44
2026-06-26,LOC-007,4.3,39
2026-06-26,LOC-007,4.3,6
2026-06-26,LOC-007,4.8,16
2026-06-27,LOC-007,4.3,40
2026-06-27,LOC-007,5.0,22
2026-06-27,LOC-007,4.1,17
2026-06-28,LOC-007,4.8,1
2026-06-28,LOC-007,4.5,27
2026-06-28,LOC-007,2.8,46
2026-06-29,LOC-007,4.8,16
2026-06-29,LOC-007,3.6,18
2026-06-29,LOC-007,4.1,7
2026-06-29,LOC-007,4.1,2
2026-06-29,LOC-007,4.0,1
2026-06-29,LOC-007,4.1,3
2026-06-29,LOC-007,4.2,13
2026-06-29,LOC-007,4.6,65
2026-06-29,LOC-007,3.8,17
2026-06-30,LOC-007,4.8,15
2026-06-30,LOC-007,3.6,5
2026-06-30,LOC-007,4.0,4
2026-01-01,LOC-008,4.5,20
2026-01-01,LOC-008,4.1,28
2026-01-01,LOC-008,4.4,9
2026-01-01,LOC-008,4.4,14
2026-01-01,LOC-008,3.4,8
2026-01-01,LOC-008,4.7,21
2026-01-02,LOC-008,4.0,1
2026-01-03,LOC-008,4.3,44
2026-01-03,LOC-008,4.4,23
2026-01-03,LOC-008,4.5,16
2026-01-04,LOC-008,4.3,36
2026-01-04,LOC-008,4.5,8
2026-01-04,LOC-008,4.6,7
2026-01-05,LOC-008,4.6,11
2026-01-05,LOC-008,4.0,7
2026-01-05,LOC-008,4.6,55
2026-01-05,LOC-008,4.0,21
2026-01-05,LOC-008,3.8,14
2026-01-05,LOC-008,4.3,1
2026-01-05,LOC-008,4.5,54
2026-01-05,LOC-008,4.4,2
2026-01-06,LOC-008,4.6,21
2026-01-06,LOC-008,5.0,48
2026-01-06,LOC-008,4.8,29
2026-01-07,LOC-008,4.1,5
2026-01-07,LOC-008,4.7,3
2026-01-07,LOC-008,4.6,35
2026-01-07,LOC-008,4.5,3
2026-01-07,LOC-008,5.0,41
2026-01-08,LOC-008,4.3,4
2026-01-10,LOC-008,4.2,7
2026-01-10,LOC-008,4.9,11
2026-01-10,LOC-008,5.0,15
2026-01-10,LOC-008,4.3,11
2026-01-11,LOC-008,4.1,21
2026-01-12,LOC-008,4.4,9
2026-01-13,LOC-008,4.9,12
2026-01-14,LOC-008,4.5,2
2026-01-14,LOC-008,3.8,29
2026-01-14,LOC-008,4.5,18
2026-01-14,LOC-008,5.0,21
2026-01-14,LOC-008,4.9,1
2026-01-14,LOC-008,4.2,11
2026-01-15,LOC-008,4.8,1
2026-01-15,LOC-008,5.0,3
2026-01-15,LOC-008,4.2,15
2026-01-15,LOC-008,4.5,1
2026-01-16,LOC-008,4.4,14
2026-01-16,LOC-008,4.0,4
2026-01-17,LOC-008,4.2,11
2026-01-17,LOC-008,4.4,24
2026-01-17,LOC-008,4.2,16
2026-01-18,LOC-008,4.3,35
2026-01-18,LOC-008,4.4,10
2026-01-18,LOC-008,4.2,24
2026-01-19,LOC-008,4.0,3
2026-01-19,LOC-008,3.3,28
2026-01-20,LOC-008,3.5,47
2026-01-20,LOC-008,4.4,21
2026-01-20,LOC-008,4.2,18
2026-01-20,LOC-008,4.5,2
2026-01-20,LOC-008,4.5,6
2026-01-21,LOC-008,4.3,51
2026-01-21,LOC-008,3.6,3
2026-01-21,LOC-008,4.1,13
2026-01-21,LOC-008,5.0,44
2026-01-22,LOC-008,4.3,8
2026-01-22,LOC-008,3.1,38
2026-01-22,LOC-008,4.6,5
2026-01-22,LOC-008,5.0,19
2026-01-22,LOC-008,4.1,25
2026-01-23,LOC-008,4.0,12
2026-01-23,LOC-008,4.1,5
2026-01-23,LOC-008,4.8,9
2026-01-24,LOC-008,4.2,27
2026-01-25,LOC-008,3.8,1
2026-01-25,LOC-008,4.8,5
2026-01-25,LOC-008,5.0,2
2026-01-26,LOC-008,4.7,42
2026-01-26,LOC-008,5.0,20
2026-01-27,LOC-008,4.4,1
2026-01-27,LOC-008,4.2,31
2026-01-27,LOC-008,4.6,23
2026-01-28,LOC-008,4.0,18
2026-01-28,LOC-008,4.2,39
2026-01-29,LOC-008,5.0,13
2026-01-29,LOC-008,4.2,8
2026-01-29,LOC-008,4.1,16
2026-01-29,LOC-008,5.0,3
2026-01-29,LOC-008,4.8,4
2026-01-29,LOC-008,5.0,12
2026-01-30,LOC-008,4.2,1
2026-01-30,LOC-008,3.8,25
2026-01-30,LOC-008,3.7,23
2026-01-30,LOC-008,4.0,8
2026-01-31,LOC-008,4.6,10
2026-01-31,LOC-008,4.8,1
2026-02-01,LOC-008,4.1,1
2026-02-01,LOC-008,4.7,7
2026-02-01,LOC-008,4.2,1
2026-02-01,LOC-008,3.8,6
2026-02-02,LOC-008,4.7,4
2026-02-02,LOC-008,4.6,9
2026-02-03,LOC-008,4.6,20
2026-02-03,LOC-008,3.6,12
2026-02-03,LOC-008,4.8,8
2026-02-03,LOC-008,4.1,12
2026-02-05,LOC-008,3.8,10
2026-02-06,LOC-008,4.5,7
2026-02-06,LOC-008,4.2,1
2026-02-07,LOC-008,4.3,19
2026-02-08,LOC-008,4.5,2
2026-02-08,LOC-008,4.1,1
2026-02-08,LOC-008,4.0,6
2026-02-08,LOC-008,3.9,17
2026-02-09,LOC-008,4.5,2
2026-02-09,LOC-008,4.9,10
2026-02-09,LOC-008,4.4,17
2026-02-09,LOC-008,4.1,7
2026-02-09,LOC-008,4.7,14
2026-02-10,LOC-008,5.0,10
2026-02-10,LOC-008,4.5,1
2026-02-10,LOC-008,4.2,12
2026-02-10,LOC-008,4.1,36
2026-02-11,LOC-008,3.4,3
2026-02-11,LOC-008,3.7,61
2026-02-11,LOC-008,4.8,16
2026-02-11,LOC-008,4.9,2
2026-02-12,LOC-008,3.9,4
2026-02-12,LOC-008,5.0,5
2026-02-13,LOC-008,4.4,2
2026-02-14,LOC-008,3.6,1
2026-02-14,LOC-008,5.0,25
2026-02-15,LOC-008,3.9,3
2026-02-15,LOC-008,4.7,1
2026-02-16,LOC-008,4.7,25
2026-02-16,LOC-008,4.3,7
2026-02-16,LOC-008,4.2,27
2026-02-17,LOC-008,4.4,19
2026-02-17,LOC-008,5.0,1
2026-02-17,LOC-008,3.5,12
2026-02-17,LOC-008,4.5,14
2026-02-18,LOC-008,4.6,27
2026-02-18,LOC-008,4.3,1
2026-02-18,LOC-008,5.0,38
2026-02-18,LOC-008,3.8,8
2026-02-18,LOC-008,3.7,8
2026-02-19,LOC-008,4.3,9
2026-02-19,LOC-008,4.1,6
2026-02-19,LOC-008,4.1,7
2026-02-20,LOC-008,5.0,13
2026-02-20,LOC-008,4.7,3
2026-02-20,LOC-008,4.7,15
2026-02-20,LOC-008,4.1,27
2026-02-21,LOC-008,4.6,20
2026-02-21,LOC-008,4.0,3
2026-02-21,LOC-008,4.9,3
2026-02-21,LOC-008,4.1,12
2026-02-21,LOC-008,4.7,1
2026-02-22,LOC-008,4.1,17
2026-02-22,LOC-008,5.0,18
2026-02-22,LOC-008,4.3,7
2026-02-23,LOC-008,4.3,16
2026-02-23,LOC-008,4.4,5
2026-02-23,LOC-008,4.9,28
2026-02-23,LOC-008,4.3,2
2026-02-24,LOC-008,4.7,6
2026-02-24,LOC-008,4.7,10
2026-02-24,LOC-008,4.7,23
2026-02-25,LOC-008,3.8,1
2026-02-25,LOC-008,4.4,12
2026-02-25,LOC-008,5.0,32
2026-02-26,LOC-008,4.7,4
2026-02-26,LOC-008,4.8,13
2026-02-26,LOC-008,4.6,1
2026-02-27,LOC-008,4.0,4
2026-02-27,LOC-008,4.2,28
2026-02-27,LOC-008,4.0,9
2026-02-28,LOC-008,4.4,9
2026-02-28,LOC-008,5.0,8
2026-03-01,LOC-008,4.3,4
2026-03-01,LOC-008,4.7,1
2026-03-02,LOC-008,4.1,1
2026-03-02,LOC-008,4.5,14
2026-03-03,LOC-008,4.1,6
2026-03-03,LOC-008,3.7,3
2026-03-03,LOC-008,4.9,8
2026-03-03,LOC-008,5.0,5
2026-03-03,LOC-008,4.6,5
2026-03-04,LOC-008,3.5,31
2026-03-04,LOC-008,4.7,17
2026-03-05,LOC-008,3.2,1
2026-03-06,LOC-008,4.2,1
2026-03-06,LOC-008,3.5,48
2026-03-06,LOC-008,4.1,29
2026-03-06,LOC-008,5.0,3
2026-03-07,LOC-008,4.4,27
2026-03-07,LOC-008,4.6,23
2026-03-08,LOC-008,4.7,11
2026-03-09,LOC-008,5.0,9
2026-03-09,LOC-008,4.6,19
2026-03-09,LOC-008,4.8,20
2026-03-09,LOC-008,4.1,57
2026-03-09,LOC-008,4.4,11
2026-03-11,LOC-008,4.1,10
2026-03-12,LOC-008,4.3,11
2026-03-12,LOC-008,4.4,4
2026-03-12,LOC-008,4.3,8
2026-03-12,LOC-008,3.9,12
2026-03-12,LOC-008,4.6,35
2026-03-13,LOC-008,4.5,22
2026-03-13,LOC-008,4.5,11
2026-03-13,LOC-008,4.3,5
2026-03-13,LOC-008,4.6,6
2026-03-14,LOC-008,4.9,16
2026-03-14,LOC-008,4.6,37
2026-03-14,LOC-008,4.8,9
2026-03-14,LOC-008,4.1,19
2026-03-14,LOC-008,5.0,6
2026-03-16,LOC-008,3.8,3
2026-03-16,LOC-008,4.8,14
2026-03-16,LOC-008,4.9,12
2026-03-17,LOC-008,5.0,29
2026-03-17,LOC-008,3.9,20
2026-03-17,LOC-008,5.0,1
2026-03-17,LOC-008,4.5,5
2026-03-17,LOC-008,4.0,1
2026-03-17,LOC-008,4.7,2
2026-03-18,LOC-008,5.0,1
2026-03-18,LOC-008,4.0,5
2026-03-19,LOC-008,3.9,14
2026-03-19,LOC-008,3.6,1
2026-03-19,LOC-008,4.2,16
2026-03-19,LOC-008,3.8,23
2026-03-20,LOC-008,4.8,13
2026-03-20,LOC-008,4.9,5
2026-03-20,LOC-008,4.8,1
2026-03-20,LOC-008,4.3,11
2026-03-20,LOC-008,3.9,2
2026-03-20,LOC-008,4.4,37
2026-03-20,LOC-008,3.8,15
2026-03-21,LOC-008,2.8,1
2026-03-21,LOC-008,4.7,22
2026-03-22,LOC-008,4.3,18
2026-03-22,LOC-008,4.4,9
2026-03-22,LOC-008,3.6,12
2026-03-22,LOC-008,5.0,3
2026-03-23,LOC-008,4.0,42
2026-03-23,LOC-008,4.9,31
2026-03-24,LOC-008,4.2,6
2026-03-24,LOC-008,4.0,8
2026-03-24,LOC-008,4.5,14
2026-03-25,LOC-008,4.6,4
2026-03-25,LOC-008,4.8,43
2026-03-25,LOC-008,4.5,3
2026-03-25,LOC-008,4.8,10
2026-03-26,LOC-008,4.4,30
2026-03-26,LOC-008,4.6,1
2026-03-26,LOC-008,3.0,2
2026-03-26,LOC-008,3.6,15
2026-03-26,LOC-008,5.0,10
2026-03-26,LOC-008,3.8,16
2026-03-26,LOC-008,4.8,3
2026-03-27,LOC-008,3.7,10
2026-03-27,LOC-008,4.9,9
2026-03-27,LOC-008,3.9,4
2026-03-28,LOC-008,4.0,1
2026-03-28,LOC-008,4.3,3
2026-03-28,LOC-008,4.2,44
2026-03-29,LOC-008,3.8,2
2026-03-30,LOC-008,3.8,3
2026-03-31,LOC-008,3.9,13
2026-03-31,LOC-008,4.2,12
2026-03-31,LOC-008,4.9,10
2026-03-31,LOC-008,4.6,4
2026-03-31,LOC-008,3.9,5
2026-04-01,LOC-008,4.0,1
2026-04-02,LOC-008,3.7,11
2026-04-02,LOC-008,4.1,13
2026-04-02,LOC-008,4.4,3
2026-04-03,LOC-008,3.7,24
2026-04-03,LOC-008,3.9,5
2026-04-03,LOC-008,4.8,3
2026-04-04,LOC-008,4.4,2
2026-04-04,LOC-008,4.6,14
2026-04-04,LOC-008,4.4,3
2026-04-04,LOC-008,4.6,5
2026-04-04,LOC-008,4.5,1
2026-04-05,LOC-008,5.0,2
2026-04-05,LOC-008,3.9,8
2026-04-05,LOC-008,4.6,1
2026-04-06,LOC-008,4.6,2
2026-04-06,LOC-008,4.0,1
2026-04-06,LOC-008,4.8,61
2026-04-06,LOC-008,4.6,55
2026-04-07,LOC-008,4.1,8
2026-04-07,LOC-008,3.8,11
2026-04-08,LOC-008,4.1,3
2026-04-08,LOC-008,4.2,22
2026-04-09,LOC-008,4.2,12
2026-04-09,LOC-008,3.7,16
2026-04-09,LOC-008,4.1,10
2026-04-09,LOC-008,4.5,30
2026-04-10,LOC-008,4.8,53
2026-04-10,LOC-008,4.3,27
2026-04-10,LOC-008,4.3,9
2026-04-10,LOC-008,5.0,70
2026-04-11,LOC-008,5.0,32
2026-04-11,LOC-008,4.5,3
2026-04-11,LOC-008,4.3,23
2026-04-11,LOC-008,4.3,33
2026-04-11,LOC-008,4.4,4
2026-04-11,LOC-008,4.4,1
2026-04-12,LOC-008,3.8,2
2026-04-12,LOC-008,4.5,10
2026-04-12,LOC-008,4.4,18
2026-04-13,LOC-008,5.0,6
2026-04-13,LOC-008,3.7,7
2026-04-14,LOC-008,4.6,28
2026-04-15,LOC-008,4.9,12
2026-04-15,LOC-008,5.0,3
2026-04-16,LOC-008,4.4,19
2026-04-16,LOC-008,3.2,12
2026-04-16,LOC-008,4.1,30
2026-04-16,LOC-008,4.1,76
2026-04-16,LOC-008,4.2,33
2026-04-17,LOC-008,3.8,14
2026-04-17,LOC-008,5.0,6
2026-04-17,LOC-008,4.8,82
2026-04-17,LOC-008,4.0,11
2026-04-17,LOC-008,4.1,2
2026-04-17,LOC-008,5.0,9
2026-04-18,LOC-008,4.1,6
2026-04-18,LOC-008,4.4,7
2026-04-18,LOC-008,4.3,4
2026-04-19,LOC-008,4.3,6
2026-04-19,LOC-008,4.3,28
2026-04-19,LOC-008,3.9,8
2026-04-19,LOC-008,4.4,9
2026-04-19,LOC-008,3.6,3
2026-04-20,LOC-008,4.4,34
2026-04-20,LOC-008,4.2,2
2026-04-20,LOC-008,4.7,10
2026-04-21,LOC-008,4.7,14
2026-04-21,LOC-008,4.3,21
2026-04-22,LOC-008,4.0,3
2026-04-22,LOC-008,3.8,2
2026-04-22,LOC-008,4.7,29
2026-04-22,LOC-008,4.4,6
2026-04-22,LOC-008,4.4,16
2026-04-23,LOC-008,4.9,7
2026-04-23,LOC-008,5.0,65
2026-04-23,LOC-008,4.8,16
2026-04-23,LOC-008,3.8,3
2026-04-24,LOC-008,4.1,5
2026-04-25,LOC-008,4.7,1
2026-04-25,LOC-008,4.6,13
2026-04-25,LOC-008,3.7,33
2026-04-26,LOC-008,4.6,4
2026-04-27,LOC-008,4.2,4
2026-04-27,LOC-008,3.8,6
2026-04-27,LOC-008,4.5,14
2026-04-27,LOC-008,4.5,22
2026-04-28,LOC-008,4.7,3
2026-04-28,LOC-008,4.1,15
2026-04-28,LOC-008,4.1,19
2026-04-29,LOC-008,4.0,1
2026-04-29,LOC-008,4.4,8
2026-04-29,LOC-008,3.7,1
2026-04-30,LOC-008,4.4,16
2026-04-30,LOC-008,4.1,1
2026-04-30,LOC-008,4.4,11
2026-05-01,LOC-008,5.0,25
2026-05-01,LOC-008,4.3,3
2026-05-01,LOC-008,4.4,19
2026-05-01,LOC-008,4.2,18
2026-05-02,LOC-008,4.4,31
2026-05-03,LOC-008,4.4,7
2026-05-03,LOC-008,3.8,7
2026-05-04,LOC-008,4.1,7
2026-05-04,LOC-008,3.7,37
2026-05-04,LOC-008,4.6,15
2026-05-05,LOC-008,4.2,1
2026-05-05,LOC-008,5.0,6
2026-05-05,LOC-008,4.9,2
2026-05-05,LOC-008,4.4,17
2026-05-05,LOC-008,4.4,3
2026-05-05,LOC-008,4.1,6
2026-05-06,LOC-008,4.1,32
2026-05-06,LOC-008,4.1,1
2026-05-07,LOC-008,4.3,22
2026-05-07,LOC-008,4.7,14
2026-05-07,LOC-008,3.9,19
2026-05-07,LOC-008,4.1,10
2026-05-07,LOC-008,5.0,5
2026-05-08,LOC-008,4.4,21
2026-05-09,LOC-008,4.2,1
2026-05-09,LOC-008,4.2,4
2026-05-10,LOC-008,3.9,4
2026-05-11,LOC-008,4.1,16
2026-05-12,LOC-008,4.3,1
2026-05-12,LOC-008,4.2,6
2026-05-12,LOC-008,4.6,23
2026-05-12,LOC-008,4.8,1
2026-05-12,LOC-008,4.0,7
2026-05-13,LOC-008,4.3,35
2026-05-13,LOC-008,4.5,3
2026-05-13,LOC-008,4.1,2
2026-05-13,LOC-008,4.2,16
2026-05-13,LOC-008,5.0,2
2026-05-14,LOC-008,4.3,7
2026-05-14,LOC-008,5.0,7
2026-05-14,LOC-008,4.3,1
2026-05-14,LOC-008,5.0,13
2026-05-15,LOC-008,4.5,22
2026-05-15,LOC-008,3.9,24
2026-05-15,LOC-008,5.0,89
2026-05-16,LOC-008,4.2,8
2026-05-16,LOC-008,5.0,8
2026-05-16,LOC-008,4.5,4
2026-05-16,LOC-008,3.3,2
2026-05-16,LOC-008,4.8,23
2026-05-16,LOC-008,4.7,14
2026-05-17,LOC-008,4.6,19
2026-05-17,LOC-008,4.3,20
2026-05-18,LOC-008,3.8,10
2026-05-18,LOC-008,4.9,22
2026-05-18,LOC-008,4.3,16
2026-05-18,LOC-008,4.3,12
2026-05-18,LOC-008,4.3,32
2026-05-19,LOC-008,5.0,5
2026-05-19,LOC-008,4.3,10
2026-05-19,LOC-008,3.6,4
2026-05-19,LOC-008,4.4,38
2026-05-19,LOC-008,4.9,19
2026-05-19,LOC-008,3.3,6
2026-05-19,LOC-008,4.5,3
2026-05-19,LOC-008,5.0,8
2026-05-20,LOC-008,3.9,5
2026-05-20,LOC-008,4.4,7
2026-05-20,LOC-008,4.5,28
2026-05-20,LOC-008,4.3,1
2026-05-21,LOC-008,3.9,20
2026-05-21,LOC-008,4.5,3
2026-05-21,LOC-008,3.9,4
2026-05-21,LOC-008,4.2,14
2026-05-22,LOC-008,5.0,8
2026-05-22,LOC-008,4.2,4
2026-05-22,LOC-008,4.5,52
2026-05-23,LOC-008,4.3,32
2026-05-23,LOC-008,5.0,4
2026-05-24,LOC-008,4.6,32
2026-05-24,LOC-008,4.0,18
2026-05-25,LOC-008,4.3,3
2026-05-25,LOC-008,4.3,1
2026-05-26,LOC-008,4.1,11
2026-05-26,LOC-008,3.5,4
2026-05-26,LOC-008,3.7,19
2026-05-26,LOC-008,5.0,39
2026-05-27,LOC-008,3.8,15
2026-05-27,LOC-008,4.6,14
2026-05-27,LOC-008,4.1,15
2026-05-28,LOC-008,4.9,3
2026-05-28,LOC-008,4.4,15
2026-05-28,LOC-008,4.5,15
2026-05-29,LOC-008,4.9,3
2026-05-29,LOC-008,3.8,9
2026-05-29,LOC-008,5.0,19
2026-05-30,LOC-008,5.0,43
2026-05-30,LOC-008,4.4,1
2026-05-31,LOC-008,4.7,12
2026-05-31,LOC-008,4.2,30
2026-06-01,LOC-008,4.0,7
2026-06-01,LOC-008,3.4,7
2026-06-01,LOC-008,3.9,8
2026-06-02,LOC-008,3.7,15
2026-06-02,LOC-008,5.0,11
2026-06-03,LOC-008,3.5,39
2026-06-03,LOC-008,5.0,6
2026-06-04,LOC-008,4.5,5
2026-06-04,LOC-008,4.7,12
2026-06-04,LOC-008,4.7,1
2026-06-04,LOC-008,3.6,56
2026-06-04,LOC-008,4.8,1
2026-06-05,LOC-008,4.9,4
2026-06-05,LOC-008,4.0,6
2026-06-05,LOC-008,4.3,1
2026-06-06,LOC-008,5.0,30
2026-06-06,LOC-008,4.4,1
2026-06-06,LOC-008,3.8,9
2026-06-07,LOC-008,4.5,28
2026-06-07,LOC-008,5.0,9
2026-06-08,LOC-008,3.2,10
2026-06-08,LOC-008,4.6,4
2026-06-08,LOC-008,4.3,7
2026-06-08,LOC-008,4.1,6
2026-06-09,LOC-008,4.9,13
2026-06-10,LOC-008,3.8,22
2026-06-10,LOC-008,4.6,5
2026-06-10,LOC-008,4.4,5
2026-06-10,LOC-008,4.9,9
2026-06-10,LOC-008,5.0,12
2026-06-11,LOC-008,4.9,1
2026-06-11,LOC-008,4.4,7
2026-06-11,LOC-008,4.0,31
2026-06-12,LOC-008,4.6,35
2026-06-12,LOC-008,4.7,17
2026-06-13,LOC-008,4.5,21
2026-06-13,LOC-008,3.8,7
2026-06-13,LOC-008,5.0,1
2026-06-13,LOC-008,5.0,1
2026-06-14,LOC-008,4.2,18
2026-06-15,LOC-008,4.1,13
2026-06-15,LOC-008,2.9,10
2026-06-15,LOC-008,5.0,20
2026-06-16,LOC-008,4.2,15
2026-06-16,LOC-008,4.6,5
2026-06-16,LOC-008,4.5,21
2026-06-16,LOC-008,4.2,12
2026-06-16,LOC-008,5.0,1
2026-06-16,LOC-008,4.6,14
2026-06-16,LOC-008,3.9,7
2026-06-17,LOC-008,4.0,21
2026-06-17,LOC-008,4.1,23
2026-06-17,LOC-008,4.5,1
2026-06-17,LOC-008,4.0,21
2026-06-18,LOC-008,3.3,5
2026-06-18,LOC-008,4.0,7
2026-06-19,LOC-008,3.9,6
2026-06-19,LOC-008,3.7,2
2026-06-20,LOC-008,4.3,19
2026-06-20,LOC-008,3.9,19
2026-06-21,LOC-008,4.5,3
2026-06-21,LOC-008,3.7,35
2026-06-22,LOC-008,4.3,1
2026-06-23,LOC-008,4.4,27
2026-06-23,LOC-008,4.1,6
2026-06-23,LOC-008,3.1,17
2026-06-23,LOC-008,4.3,1
2026-06-24,LOC-008,4.3,3
2026-06-24,LOC-008,3.8,15
2026-06-24,LOC-008,4.6,27
2026-06-24,LOC-008,4.6,31
2026-06-25,LOC-008,4.4,13
2026-06-25,LOC-008,3.7,8
2026-06-25,LOC-008,3.9,6
2026-06-25,LOC-008,4.0,19
2026-06-26,LOC-008,4.3,8
2026-06-26,LOC-008,3.6,1
2026-06-26,LOC-008,5.0,32
2026-06-27,LOC-008,4.0,1
2026-06-27,LOC-008,4.0,1
2026-06-27,LOC-008,4.8,4
2026-06-27,LOC-008,5.0,5
2026-06-28,LOC-008,4.0,17
2026-06-28,LOC-008,4.6,38
2026-06-28,LOC-008,3.7,1
2026-06-28,LOC-008,4.1,11
2026-06-28,LOC-008,5.0,9
2026-06-29,LOC-008,3.6,3
2026-06-29,LOC-008,3.7,2
2026-06-29,LOC-008,4.1,6
2026-06-29,LOC-008,4.0,15
2026-06-29,LOC-008,4.6,14
2026-06-30,LOC-008,4.7,1
2026-06-30,LOC-008,3.9,7
2026-06-30,LOC-008,4.6,16
2026-01-01,LOC-009,4.4,1
2026-01-01,LOC-009,4.6,27
2026-01-01,LOC-009,4.3,4
2026-01-02,LOC-009,4.0,24
2026-01-02,LOC-009,4.2,3
2026-01-03,LOC-009,4.6,4
2026-01-03,LOC-009,4.5,1
2026-01-03,LOC-009,4.0,11
2026-01-04,LOC-009,4.4,54
2026-01-04,LOC-009,3.4,1
2026-01-05,LOC-009,4.3,14
2026-01-05,LOC-009,4.2,7
2026-01-05,LOC-009,4.1,24
2026-01-05,LOC-009,4.0,21
2026-01-06,LOC-009,2.7,31
2026-01-06,LOC-009,4.0,4
2026-01-06,LOC-009,4.5,10
2026-01-06,LOC-009,4.5,1
2026-01-07,LOC-009,4.2,8
2026-01-07,LOC-009,3.9,17
2026-01-07,LOC-009,3.5,5
2026-01-07,LOC-009,4.2,31
2026-01-07,LOC-009,3.3,3
2026-01-08,LOC-009,3.3,43
2026-01-08,LOC-009,4.1,25
2026-01-08,LOC-009,3.8,12
2026-01-08,LOC-009,3.3,30
2026-01-08,LOC-009,3.3,11
2026-01-09,LOC-009,4.0,1
2026-01-09,LOC-009,4.1,7
2026-01-09,LOC-009,4.5,2
2026-01-10,LOC-009,3.7,6
2026-01-10,LOC-009,4.2,16
2026-01-11,LOC-009,3.9,12
2026-01-11,LOC-009,2.5,45
2026-01-11,LOC-009,4.7,10
2026-01-11,LOC-009,4.5,5
2026-01-12,LOC-009,5.0,6
2026-01-12,LOC-009,3.8,2
2026-01-12,LOC-009,4.5,2
2026-01-14,LOC-009,4.5,2
2026-01-15,LOC-009,4.3,6
2026-01-15,LOC-009,4.5,18
2026-01-15,LOC-009,4.2,51
2026-01-15,LOC-009,4.1,3
2026-01-15,LOC-009,4.9,1
2026-01-15,LOC-009,4.2,4
2026-01-16,LOC-009,4.1,15
2026-01-16,LOC-009,4.3,18
2026-01-16,LOC-009,3.3,52
2026-01-17,LOC-009,4.6,11
2026-01-17,LOC-009,3.5,9
2026-01-18,LOC-009,3.6,2
2026-01-18,LOC-009,4.1,22
2026-01-18,LOC-009,3.5,8
2026-01-18,LOC-009,3.6,24
2026-01-18,LOC-009,4.3,1
2026-01-18,LOC-009,4.0,37
2026-01-18,LOC-009,4.1,20
2026-01-18,LOC-009,4.3,7
2026-01-19,LOC-009,4.2,11
2026-01-19,LOC-009,3.5,29
2026-01-19,LOC-009,4.8,6
2026-01-19,LOC-009,5.0,1
2026-01-19,LOC-009,4.1,2
2026-01-19,LOC-009,3.9,14
2026-01-20,LOC-009,3.8,7
2026-01-20,LOC-009,3.3,4
2026-01-21,LOC-009,4.7,16
2026-01-21,LOC-009,4.3,20
2026-01-21,LOC-009,4.9,6
2026-01-21,LOC-009,4.1,13
2026-01-21,LOC-009,3.8,7
2026-01-21,LOC-009,4.0,46
2026-01-21,LOC-009,3.9,3
2026-01-21,LOC-009,3.9,8
2026-01-21,LOC-009,4.2,2
2026-01-22,LOC-009,3.2,1
2026-01-22,LOC-009,4.1,1
2026-01-22,LOC-009,3.9,17
2026-01-22,LOC-009,4.6,34
2026-01-22,LOC-009,3.4,23
2026-01-23,LOC-009,4.1,21
2026-01-23,LOC-009,3.3,1
2026-01-23,LOC-009,3.8,1
2026-01-23,LOC-009,4.2,24
2026-01-23,LOC-009,3.7,1
2026-01-23,LOC-009,4.2,4
2026-01-23,LOC-009,4.5,13
2026-01-24,LOC-009,4.0,2
2026-01-24,LOC-009,4.0,11
2026-01-24,LOC-009,3.9,10
2026-01-24,LOC-009,5.0,29
2026-01-25,LOC-009,3.1,24
2026-01-26,LOC-009,4.3,19
2026-01-26,LOC-009,3.9,1
2026-01-27,LOC-009,4.4,21
2026-01-28,LOC-009,3.5,16
2026-01-28,LOC-009,4.3,20
2026-01-29,LOC-009,4.6,11
2026-01-29,LOC-009,5.0,25
2026-01-29,LOC-009,4.8,10
2026-01-29,LOC-009,3.9,18
2026-01-31,LOC-009,4.7,6
2026-01-31,LOC-009,3.8,1
2026-01-31,LOC-009,3.5,20
2026-01-31,LOC-009,4.1,19
2026-01-31,LOC-009,3.9,4
2026-02-01,LOC-009,5.0,5
2026-02-01,LOC-009,3.8,6
2026-02-01,LOC-009,4.8,36
2026-02-02,LOC-009,4.2,5
2026-02-02,LOC-009,3.9,1
2026-02-02,LOC-009,4.2,34
2026-02-02,LOC-009,2.6,12
2026-02-03,LOC-009,4.1,1
2026-02-03,LOC-009,4.3,34
2026-02-04,LOC-009,3.8,42
2026-02-04,LOC-009,4.4,7
2026-02-04,LOC-009,4.1,5
2026-02-04,LOC-009,3.8,2
2026-02-05,LOC-009,4.2,3
2026-02-05,LOC-009,3.5,8
2026-02-05,LOC-009,4.2,8
2026-02-05,LOC-009,4.2,40
2026-02-06,LOC-009,4.0,27
2026-02-07,LOC-009,4.5,4
2026-02-07,LOC-009,3.7,5
2026-02-07,LOC-009,4.0,39
2026-02-07,LOC-009,3.7,38
2026-02-07,LOC-009,4.3,43
2026-02-08,LOC-009,3.9,1
2026-02-08,LOC-009,3.7,9
2026-02-08,LOC-009,4.3,28
2026-02-08,LOC-009,4.2,4
2026-02-09,LOC-009,4.0,56
2026-02-09,LOC-009,3.4,17
2026-02-10,LOC-009,4.6,1
2026-02-11,LOC-009,3.9,6
2026-02-11,LOC-009,3.8,3
2026-02-11,LOC-009,4.0,6
2026-02-11,LOC-009,3.7,21
2026-02-12,LOC-009,4.5,10
2026-02-12,LOC-009,4.9,6
2026-02-13,LOC-009,4.8,3
2026-02-13,LOC-009,3.3,9
2026-02-13,LOC-009,3.2,2
2026-02-13,LOC-009,4.0,17
2026-02-13,LOC-009,3.1,20
2026-02-13,LOC-009,4.0,46
2026-02-14,LOC-009,3.8,18
2026-02-14,LOC-009,4.7,5
2026-02-14,LOC-009,3.4,17
2026-02-14,LOC-009,3.9,9
2026-02-15,LOC-009,3.8,33
2026-02-15,LOC-009,4.5,10
2026-02-15,LOC-009,3.8,5
2026-02-16,LOC-009,3.8,13
2026-02-16,LOC-009,4.8,5
2026-02-17,LOC-009,4.5,5
2026-02-17,LOC-009,4.8,3
2026-02-17,LOC-009,3.7,21
2026-02-18,LOC-009,4.1,22
2026-02-18,LOC-009,3.8,27
2026-02-18,LOC-009,3.5,6
2026-02-19,LOC-009,3.4,4
2026-02-19,LOC-009,4.5,31
2026-02-19,LOC-009,3.9,50
2026-02-20,LOC-009,4.1,4
2026-02-20,LOC-009,4.3,54
2026-02-21,LOC-009,3.7,26
2026-02-21,LOC-009,3.4,4
2026-02-21,LOC-009,5.0,38
2026-02-21,LOC-009,3.7,12
2026-02-22,LOC-009,4.0,11
2026-02-22,LOC-009,4.2,9
2026-02-22,LOC-009,4.2,6
2026-02-22,LOC-009,4.1,13
2026-02-23,LOC-009,4.3,10
2026-02-23,LOC-009,3.5,18
2026-02-24,LOC-009,4.4,5
2026-02-24,LOC-009,4.5,8
2026-02-24,LOC-009,3.8,3
2026-02-24,LOC-009,4.1,7
2026-02-25,LOC-009,3.4,30
2026-02-26,LOC-009,4.2,12
2026-02-26,LOC-009,4.2,9
2026-02-27,LOC-009,4.1,11
2026-02-28,LOC-009,4.3,41
2026-02-28,LOC-009,4.2,9
2026-02-28,LOC-009,3.2,3
2026-03-01,LOC-009,4.2,22
2026-03-02,LOC-009,2.9,2
2026-03-02,LOC-009,4.5,5
2026-03-02,LOC-009,5.0,18
2026-03-03,LOC-009,4.2,1
2026-03-03,LOC-009,5.0,1
2026-03-04,LOC-009,3.5,28
2026-03-04,LOC-009,3.4,16
2026-03-04,LOC-009,3.1,2
2026-03-04,LOC-009,4.1,4
2026-03-04,LOC-009,3.5,1
2026-03-05,LOC-009,3.7,7
2026-03-06,LOC-009,3.8,27
2026-03-06,LOC-009,4.6,10
2026-03-06,LOC-009,4.2,13
2026-03-07,LOC-009,3.7,17
2026-03-07,LOC-009,3.0,2
2026-03-07,LOC-009,4.4,8
2026-03-07,LOC-009,5.0,3
2026-03-08,LOC-009,5.0,17
2026-03-09,LOC-009,4.2,17
2026-03-10,LOC-009,3.9,9
2026-03-10,LOC-009,4.7,16
2026-03-10,LOC-009,4.2,22
2026-03-10,LOC-009,3.2,19
2026-03-11,LOC-009,3.8,29
2026-03-11,LOC-009,3.7,18
2026-03-11,LOC-009,3.3,21
2026-03-11,LOC-009,4.1,5
2026-03-11,LOC-009,4.3,13
2026-03-12,LOC-009,4.3,41
2026-03-12,LOC-009,4.3,2
2026-03-12,LOC-009,3.7,26
2026-03-12,LOC-009,4.4,53
2026-03-13,LOC-009,4.7,15
2026-03-13,LOC-009,4.3,32
2026-03-13,LOC-009,4.6,12
2026-03-13,LOC-009,4.8,1
2026-03-13,LOC-009,3.5,33
2026-03-13,LOC-009,4.2,28
2026-03-13,LOC-009,4.1,15
2026-03-14,LOC-009,4.8,1
2026-03-14,LOC-009,3.3,2
2026-03-14,LOC-009,3.8,8
2026-03-14,LOC-009,4.2,58
2026-03-15,LOC-009,4.7,24
2026-03-15,LOC-009,4.5,24
2026-03-15,LOC-009,2.8,19
2026-03-15,LOC-009,4.2,26
2026-03-15,LOC-009,4.9,5
2026-03-16,LOC-009,4.3,4
2026-03-16,LOC-009,4.5,1
2026-03-16,LOC-009,4.1,5
2026-03-16,LOC-009,4.5,10
2026-03-16,LOC-009,3.9,14
2026-03-16,LOC-009,4.8,26
2026-03-17,LOC-009,4.0,4
2026-03-17,LOC-009,4.4,28
2026-03-18,LOC-009,5.0,13
2026-03-18,LOC-009,3.5,10
2026-03-18,LOC-009,4.8,19
2026-03-19,LOC-009,3.7,12
2026-03-19,LOC-009,3.4,15
2026-03-20,LOC-009,4.4,9
2026-03-20,LOC-009,2.8,59
2026-03-20,LOC-009,4.0,3
2026-03-20,LOC-009,4.7,14
2026-03-20,LOC-009,3.5,30
2026-03-20,LOC-009,4.4,12
2026-03-20,LOC-009,3.8,14
2026-03-21,LOC-009,4.1,1
2026-03-21,LOC-009,4.1,2
2026-03-21,LOC-009,4.0,7
2026-03-21,LOC-009,4.2,22
2026-03-22,LOC-009,5.0,9
2026-03-22,LOC-009,3.7,105
2026-03-22,LOC-009,4.2,17
2026-03-23,LOC-009,4.3,7
2026-03-24,LOC-009,3.7,1
2026-03-24,LOC-009,3.4,5
2026-03-24,LOC-009,3.9,27
2026-03-25,LOC-009,3.9,7
2026-03-25,LOC-009,4.0,5
2026-03-25,LOC-009,3.1,1
2026-03-26,LOC-009,4.7,41
2026-03-26,LOC-009,3.9,41
2026-03-26,LOC-009,4.5,11
2026-03-26,LOC-009,4.7,11
2026-03-27,LOC-009,4.3,12
2026-03-27,LOC-009,4.3,25
2026-03-27,LOC-009,4.1,21
2026-03-28,LOC-009,3.3,22
2026-03-28,LOC-009,4.3,9
2026-03-29,LOC-009,3.8,33
2026-03-29,LOC-009,3.8,28
2026-03-30,LOC-009,4.3,7
2026-03-30,LOC-009,4.1,4
2026-03-30,LOC-009,4.5,4
2026-03-30,LOC-009,3.3,17
2026-03-30,LOC-009,4.2,7
2026-04-01,LOC-009,4.4,11
2026-04-01,LOC-009,3.4,1
2026-04-02,LOC-009,3.9,29
2026-04-02,LOC-009,4.0,5
2026-04-02,LOC-009,4.2,6
2026-04-03,LOC-009,4.0,7
2026-04-03,LOC-009,4.8,15
2026-04-03,LOC-009,4.7,4
2026-04-04,LOC-009,4.3,19
2026-04-05,LOC-009,3.8,5
2026-04-05,LOC-009,4.0,4
2026-04-06,LOC-009,3.6,26
2026-04-07,LOC-009,4.0,13
2026-04-07,LOC-009,3.6,1
2026-04-07,LOC-009,4.1,4
2026-04-07,LOC-009,3.4,20
2026-04-07,LOC-009,3.0,14
2026-04-07,LOC-009,4.6,12
2026-04-08,LOC-009,4.1,22
2026-04-09,LOC-009,4.5,6
2026-04-09,LOC-009,3.7,17
2026-04-09,LOC-009,4.0,8
2026-04-09,LOC-009,3.1,12
2026-04-09,LOC-009,3.9,3
2026-04-10,LOC-009,4.0,27
2026-04-10,LOC-009,4.1,1
2026-04-10,LOC-009,4.5,8
2026-04-10,LOC-009,4.7,15
2026-04-12,LOC-009,4.0,9
2026-04-12,LOC-009,4.6,4
2026-04-12,LOC-009,3.8,35
2026-04-13,LOC-009,3.9,23
2026-04-13,LOC-009,3.7,17
2026-04-14,LOC-009,4.1,16
2026-04-14,LOC-009,4.2,40
2026-04-15,LOC-009,3.9,14
2026-04-16,LOC-009,3.6,6
2026-04-16,LOC-009,3.1,5
2026-04-17,LOC-009,3.3,7
2026-04-17,LOC-009,4.3,3
2026-04-18,LOC-009,4.1,7
2026-04-18,LOC-009,4.4,67
2026-04-18,LOC-009,3.5,22
2026-04-18,LOC-009,4.5,27
2026-04-19,LOC-009,4.4,8
2026-04-19,LOC-009,4.9,37
2026-04-19,LOC-009,3.4,15
2026-04-20,LOC-009,4.4,23
2026-04-20,LOC-009,4.4,18
2026-04-21,LOC-009,3.8,9
2026-04-21,LOC-009,4.4,11
2026-04-22,LOC-009,3.5,7
2026-04-22,LOC-009,4.6,63
2026-04-22,LOC-009,5.0,25
2026-04-23,LOC-009,4.0,24
2026-04-23,LOC-009,3.0,1
2026-04-23,LOC-009,3.6,8
2026-04-24,LOC-009,3.8,10
2026-04-24,LOC-009,4.2,3
2026-04-24,LOC-009,3.9,7
2026-04-24,LOC-009,4.0,7
2026-04-25,LOC-009,3.7,2
2026-04-25,LOC-009,3.8,3
2026-04-25,LOC-009,4.2,18
2026-04-26,LOC-009,3.9,10
2026-04-26,LOC-009,4.0,1
2026-04-26,LOC-009,3.1,11
2026-04-27,LOC-009,3.1,35
2026-04-27,LOC-009,3.6,66
2026-04-27,LOC-009,4.0,2
2026-04-27,LOC-009,2.8,7
2026-04-27,LOC-009,3.7,14
2026-04-28,LOC-009,4.7,19
2026-04-28,LOC-009,3.5,8
2026-04-29,LOC-009,3.7,23
2026-04-29,LOC-009,4.6,22
2026-04-29,LOC-009,4.3,30
2026-04-29,LOC-009,4.2,27
2026-04-30,LOC-009,4.2,35
2026-04-30,LOC-009,3.4,17
2026-05-01,LOC-009,4.7,3
2026-05-01,LOC-009,3.6,12
2026-05-01,LOC-009,3.6,8
2026-05-01,LOC-009,3.2,31
2026-05-03,LOC-009,3.9,4
2026-05-03,LOC-009,4.9,2
2026-05-03,LOC-009,4.8,13
2026-05-04,LOC-009,4.3,8
2026-05-04,LOC-009,4.1,3
2026-05-04,LOC-009,3.6,9
2026-05-06,LOC-009,4.6,2
2026-05-06,LOC-009,3.8,16
2026-05-06,LOC-009,4.7,15
2026-05-07,LOC-009,5.0,20
2026-05-08,LOC-009,4.2,9
2026-05-08,LOC-009,3.6,3
2026-05-09,LOC-009,3.9,15
2026-05-09,LOC-009,3.9,7
2026-05-09,LOC-009,4.1,46
2026-05-09,LOC-009,4.4,19
2026-05-10,LOC-009,3.0,10
2026-05-10,LOC-009,3.8,3
2026-05-10,LOC-009,3.3,2
2026-05-10,LOC-009,4.1,8
2026-05-10,LOC-009,4.3,38
2026-05-10,LOC-009,3.2,10
2026-05-11,LOC-009,2.8,8
2026-05-11,LOC-009,4.0,10
2026-05-11,LOC-009,4.3,2
2026-05-11,LOC-009,3.8,2
2026-05-12,LOC-009,4.9,31
2026-05-12,LOC-009,4.3,14
2026-05-12,LOC-009,4.2,1
2026-05-12,LOC-009,4.2,1
2026-05-12,LOC-009,4.4,26
2026-05-12,LOC-009,4.4,9
2026-05-12,LOC-009,4.4,2
2026-05-12,LOC-009,3.7,12
2026-05-13,LOC-009,4.4,28
2026-05-13,LOC-009,2.9,2
2026-05-14,LOC-009,4.4,10
2026-05-14,LOC-009,4.1,9
2026-05-14,LOC-009,4.6,13
2026-05-15,LOC-009,4.2,28
2026-05-15,LOC-009,4.3,5
2026-05-15,LOC-009,4.5,7
2026-05-16,LOC-009,4.7,21
2026-05-16,LOC-009,4.2,3
2026-05-18,LOC-009,3.6,9
2026-05-19,LOC-009,4.6,14
2026-05-19,LOC-009,3.6,16
2026-05-19,LOC-009,2.9,8
2026-05-19,LOC-009,3.2,12
2026-05-19,LOC-009,4.3,5
2026-05-20,LOC-009,4.0,12
2026-05-20,LOC-009,4.2,4
2026-05-21,LOC-009,3.5,1
2026-05-21,LOC-009,3.3,8
2026-05-21,LOC-009,4.4,37
2026-05-22,LOC-009,4.4,29
2026-05-22,LOC-009,4.8,24
2026-05-22,LOC-009,5.0,21
2026-05-23,LOC-009,3.6,4
2026-05-24,LOC-009,4.2,11
2026-05-24,LOC-009,3.9,9
2026-05-25,LOC-009,3.8,5
2026-05-25,LOC-009,3.5,3
2026-05-25,LOC-009,3.8,1
2026-05-25,LOC-009,4.0,20
2026-05-25,LOC-009,3.6,24
2026-05-26,LOC-009,3.6,1
2026-05-27,LOC-009,4.0,9
2026-05-27,LOC-009,4.8,1
2026-05-27,LOC-009,4.2,26
2026-05-28,LOC-009,3.1,1
2026-05-28,LOC-009,3.9,45
2026-05-28,LOC-009,4.0,13
2026-05-28,LOC-009,4.7,15
2026-05-28,LOC-009,4.0,21
2026-05-29,LOC-009,3.4,36
2026-05-29,LOC-009,4.9,9
2026-05-30,LOC-009,4.9,4
2026-05-30,LOC-009,4.5,10
2026-05-30,LOC-009,4.2,27
2026-05-30,LOC-009,3.3,2
2026-05-31,LOC-009,4.5,7
2026-05-31,LOC-009,3.5,67
2026-05-31,LOC-009,4.0,42
2026-05-31,LOC-009,4.0,50
2026-05-31,LOC-009,4.5,7
2026-05-31,LOC-009,3.3,1
2026-05-31,LOC-009,4.4,15
2026-06-01,LOC-009,3.8,7
2026-06-01,LOC-009,4.0,4
2026-06-01,LOC-009,3.7,2
2026-06-02,LOC-009,3.5,7
2026-06-02,LOC-009,3.7,18
2026-06-02,LOC-009,4.5,16
2026-06-03,LOC-009,4.0,14
2026-06-03,LOC-009,4.1,1
2026-06-03,LOC-009,4.2,57
2026-06-03,LOC-009,4.1,17
2026-06-05,LOC-009,4.4,10
2026-06-05,LOC-009,3.9,16
2026-06-05,LOC-009,5.0,5
2026-06-05,LOC-009,3.7,6
2026-06-05,LOC-009,4.0,60
2026-06-06,LOC-009,3.6,8
2026-06-06,LOC-009,4.4,4
2026-06-07,LOC-009,4.7,8
2026-06-08,LOC-009,4.6,7
2026-06-09,LOC-009,5.0,1
2026-06-09,LOC-009,4.0,1
2026-06-09,LOC-009,3.8,2
2026-06-09,LOC-009,3.4,1
2026-06-09,LOC-009,4.1,17
2026-06-10,LOC-009,4.3,27
2026-06-10,LOC-009,4.3,10
2026-06-11,LOC-009,4.4,2
2026-06-11,LOC-009,3.5,6
2026-06-11,LOC-009,4.7,13
2026-06-12,LOC-009,3.6,27
2026-06-12,LOC-009,2.2,2
2026-06-13,LOC-009,4.7,11
2026-06-14,LOC-009,3.5,3
2026-06-14,LOC-009,4.5,1
2026-06-14,LOC-009,3.4,9
2026-06-14,LOC-009,4.0,58
2026-06-14,LOC-009,3.5,18
2026-06-15,LOC-009,3.9,1
2026-06-15,LOC-009,4.5,26
2026-06-15,LOC-009,4.1,12
2026-06-15,LOC-009,4.2,6
2026-06-15,LOC-009,4.0,24
2026-06-15,LOC-009,4.0,15
2026-06-16,LOC-009,3.6,45
2026-06-16,LOC-009,4.0,13
2026-06-17,LOC-009,3.7,51
2026-06-17,LOC-009,3.9,1
2026-06-17,LOC-009,4.5,15
2026-06-18,LOC-009,4.3,21
2026-06-18,LOC-009,4.5,49
2026-06-18,LOC-009,5.0,14
2026-06-18,LOC-009,4.0,5
2026-06-19,LOC-009,3.6,5
2026-06-19,LOC-009,3.8,22
2026-06-19,LOC-009,4.1,1
2026-06-19,LOC-009,4.4,3
2026-06-19,LOC-009,3.5,15
2026-06-20,LOC-009,4.4,7
2026-06-20,LOC-009,3.9,4
2026-06-21,LOC-009,4.1,1
2026-06-21,LOC-009,4.5,1
2026-06-22,LOC-009,3.7,5
2026-06-22,LOC-009,4.6,6
2026-06-22,LOC-009,3.8,22
2026-06-23,LOC-009,4.3,7
2026-06-23,LOC-009,4.2,3
2026-06-23,LOC-009,3.2,2
2026-06-24,LOC-009,4.7,1
2026-06-24,LOC-009,4.3,11
2026-06-24,LOC-009,4.0,15
2026-06-24,LOC-009,3.0,1
2026-06-24,LOC-009,2.7,5
2026-06-25,LOC-009,4.2,12
2026-06-26,LOC-009,3.6,14
2026-06-26,LOC-009,3.6,25
2026-06-28,LOC-009,4.6,7
2026-06-28,LOC-009,2.7,5
2026-06-28,LOC-009,4.6,49
2026-06-28,LOC-009,3.7,8
2026-06-29,LOC-009,3.9,10
2026-06-29,LOC-009,3.3,36
2026-06-29,LOC-009,4.2,65
2026-06-29,LOC-009,4.3,27
2026-06-29,LOC-009,4.2,57
2026-01-01,LOC-010,4.3,2
2026-01-02,LOC-010,4.7,4
2026-01-02,LOC-010,5.0,9
2026-01-02,LOC-010,5.0,7
2026-01-03,LOC-010,4.4,19
2026-01-03,LOC-010,5.0,6
2026-01-03,LOC-010,5.0,3
2026-01-03,LOC-010,4.6,3
2026-01-04,LOC-010,4.3,1
2026-01-04,LOC-010,5.0,52
2026-01-04,LOC-010,4.2,54
2026-01-05,LOC-010,5.0,32
2026-01-05,LOC-010,4.6,32
2026-01-05,LOC-010,4.2,7
2026-01-05,LOC-010,4.7,1
2026-01-06,LOC-010,3.4,13
2026-01-06,LOC-010,4.3,11
2026-01-06,LOC-010,5.0,38
2026-01-08,LOC-010,3.8,8
2026-01-08,LOC-010,4.1,14
2026-01-09,LOC-010,4.7,5
2026-01-09,LOC-010,3.3,4
2026-01-09,LOC-010,5.0,1
2026-01-09,LOC-010,3.8,22
2026-01-09,LOC-010,5.0,9
2026-01-10,LOC-010,4.4,8
2026-01-10,LOC-010,4.8,4
2026-01-10,LOC-010,3.9,105
2026-01-10,LOC-010,4.5,4
2026-01-10,LOC-010,4.4,27
2026-01-11,LOC-010,4.4,82
2026-01-11,LOC-010,4.8,5
2026-01-11,LOC-010,4.9,8
2026-01-12,LOC-010,4.8,24
2026-01-12,LOC-010,4.1,22
2026-01-12,LOC-010,5.0,26
2026-01-12,LOC-010,4.8,58
2026-01-12,LOC-010,5.0,12
2026-01-13,LOC-010,4.6,4
2026-01-14,LOC-010,4.0,10
2026-01-14,LOC-010,5.0,58
2026-01-14,LOC-010,5.0,1
2026-01-14,LOC-010,4.7,31
2026-01-14,LOC-010,4.0,9
2026-01-15,LOC-010,4.4,21
2026-01-15,LOC-010,4.7,7
2026-01-15,LOC-010,5.0,6
2026-01-16,LOC-010,4.3,5
2026-01-16,LOC-010,4.4,1
2026-01-16,LOC-010,4.0,4
2026-01-17,LOC-010,3.9,8
2026-01-18,LOC-010,4.6,20
2026-01-18,LOC-010,4.4,78
2026-01-18,LOC-010,4.3,29
2026-01-19,LOC-010,5.0,7
2026-01-20,LOC-010,5.0,3
2026-01-20,LOC-010,4.5,1
2026-01-20,LOC-010,3.9,35
2026-01-21,LOC-010,4.4,34
2026-01-21,LOC-010,5.0,44
2026-01-22,LOC-010,4.3,2
2026-01-22,LOC-010,4.0,8
2026-01-22,LOC-010,4.2,25
2026-01-22,LOC-010,3.6,54
2026-01-23,LOC-010,4.7,10
2026-01-23,LOC-010,4.7,8
2026-01-23,LOC-010,4.4,17
2026-01-23,LOC-010,4.1,21
2026-01-24,LOC-010,5.0,22
2026-01-24,LOC-010,5.0,31
2026-01-24,LOC-010,5.0,33
2026-01-24,LOC-010,5.0,12
2026-01-24,LOC-010,5.0,7
2026-01-25,LOC-010,3.9,9
2026-01-25,LOC-010,4.1,33
2026-01-25,LOC-010,4.1,3
2026-01-25,LOC-010,3.3,20
2026-01-25,LOC-010,4.6,18
2026-01-25,LOC-010,5.0,3
2026-01-26,LOC-010,4.5,6
2026-01-26,LOC-010,4.6,4
2026-01-26,LOC-010,3.6,4
2026-01-27,LOC-010,4.2,1
2026-01-27,LOC-010,5.0,30
2026-01-27,LOC-010,4.7,1
2026-01-27,LOC-010,4.5,2
2026-01-28,LOC-010,4.7,33
2026-01-28,LOC-010,4.7,1
2026-01-28,LOC-010,5.0,13
2026-01-29,LOC-010,4.7,10
2026-01-29,LOC-010,4.9,51
2026-01-29,LOC-010,3.5,18
2026-01-29,LOC-010,4.4,25
2026-01-30,LOC-010,4.8,17
2026-01-30,LOC-010,5.0,21
2026-01-30,LOC-010,4.3,5
2026-01-31,LOC-010,5.0,12
2026-01-31,LOC-010,4.2,7
2026-01-31,LOC-010,4.7,38
2026-01-31,LOC-010,4.1,8
2026-01-31,LOC-010,5.0,10
2026-02-01,LOC-010,3.5,7
2026-02-01,LOC-010,5.0,2
2026-02-01,LOC-010,3.9,26
2026-02-01,LOC-010,5.0,2
2026-02-01,LOC-010,4.8,47
2026-02-02,LOC-010,4.6,10
2026-02-03,LOC-010,5.0,7
2026-02-03,LOC-010,3.4,21
2026-02-03,LOC-010,3.9,3
2026-02-03,LOC-010,5.0,11
2026-02-03,LOC-010,4.8,29
2026-02-03,LOC-010,3.9,3
2026-02-03,LOC-010,3.7,1
2026-02-04,LOC-010,4.8,11
2026-02-04,LOC-010,4.3,4
2026-02-05,LOC-010,4.0,31
2026-02-05,LOC-010,3.7,8
2026-02-05,LOC-010,3.2,4
2026-02-06,LOC-010,4.7,1
2026-02-06,LOC-010,3.9,1
2026-02-06,LOC-010,5.0,1
2026-02-07,LOC-010,4.2,27
2026-02-07,LOC-010,4.2,18
2026-02-08,LOC-010,4.7,15
2026-02-08,LOC-010,4.0,35
2026-02-08,LOC-010,5.0,30
2026-02-09,LOC-010,4.7,15
2026-02-09,LOC-010,3.9,25
2026-02-09,LOC-010,4.6,23
2026-02-10,LOC-010,4.2,12
2026-02-10,LOC-010,3.9,3
2026-02-11,LOC-010,3.9,3
2026-02-11,LOC-010,4.7,1
2026-02-11,LOC-010,3.5,33
2026-02-11,LOC-010,3.6,37
2026-02-12,LOC-010,4.3,3
2026-02-13,LOC-010,4.9,1
2026-02-13,LOC-010,4.4,38
2026-02-13,LOC-010,3.8,1
2026-02-13,LOC-010,5.0,37
2026-02-13,LOC-010,5.0,41
2026-02-13,LOC-010,3.5,18
2026-02-14,LOC-010,4.1,1
2026-02-14,LOC-010,4.5,7
2026-02-14,LOC-010,5.0,4
2026-02-15,LOC-010,4.8,7
2026-02-15,LOC-010,4.6,19
2026-02-15,LOC-010,3.4,25
2026-02-16,LOC-010,4.5,24
2026-02-16,LOC-010,5.0,6
2026-02-16,LOC-010,5.0,12
2026-02-17,LOC-010,5.0,6
2026-02-17,LOC-010,4.2,5
2026-02-17,LOC-010,4.1,9
2026-02-17,LOC-010,5.0,25
2026-02-17,LOC-010,3.7,3
2026-02-17,LOC-010,4.0,10
2026-02-17,LOC-010,4.2,4
2026-02-17,LOC-010,4.2,5
2026-02-18,LOC-010,5.0,5
2026-02-18,LOC-010,4.4,1
2026-02-19,LOC-010,4.7,4
2026-02-19,LOC-010,4.4,7
2026-02-19,LOC-010,4.9,11
2026-02-19,LOC-010,4.7,4
2026-02-20,LOC-010,4.5,17
2026-02-20,LOC-010,4.9,36
2026-02-20,LOC-010,3.5,33
2026-02-20,LOC-010,4.8,18
2026-02-21,LOC-010,4.4,9
2026-02-21,LOC-010,5.0,1
2026-02-21,LOC-010,4.1,3
2026-02-22,LOC-010,3.5,5
2026-02-22,LOC-010,3.8,3
2026-02-22,LOC-010,4.7,5
2026-02-24,LOC-010,3.7,40
2026-02-24,LOC-010,3.5,4
2026-02-24,LOC-010,4.1,9
2026-02-24,LOC-010,5.0,1
2026-02-25,LOC-010,5.0,2
2026-02-25,LOC-010,4.5,18
2026-02-26,LOC-010,4.8,27
2026-02-27,LOC-010,4.9,2
2026-02-27,LOC-010,4.0,17
2026-02-27,LOC-010,4.7,7
2026-02-27,LOC-010,3.9,16
2026-02-27,LOC-010,5.0,4
2026-02-27,LOC-010,4.7,11
2026-02-28,LOC-010,4.5,3
2026-02-28,LOC-010,4.5,15
2026-02-28,LOC-010,3.5,10
2026-02-28,LOC-010,4.6,13
2026-03-01,LOC-010,4.9,4
2026-03-02,LOC-010,4.0,15
2026-03-02,LOC-010,4.6,6
2026-03-03,LOC-010,4.5,84
2026-03-03,LOC-010,4.7,16
2026-03-03,LOC-010,4.4,7
2026-03-03,LOC-010,4.0,18
2026-03-03,LOC-010,4.0,16
2026-03-04,LOC-010,4.6,48
2026-03-04,LOC-010,4.0,9
2026-03-04,LOC-010,4.8,14
2026-03-04,LOC-010,4.4,19
2026-03-04,LOC-010,5.0,1
2026-03-05,LOC-010,4.6,6
2026-03-05,LOC-010,4.9,15
2026-03-05,LOC-010,4.2,1
2026-03-05,LOC-010,4.7,11
2026-03-05,LOC-010,5.0,4
2026-03-06,LOC-010,5.0,71
2026-03-06,LOC-010,4.3,18
2026-03-07,LOC-010,5.0,22
2026-03-08,LOC-010,4.2,1
2026-03-08,LOC-010,4.4,9
2026-03-08,LOC-010,4.9,1
2026-03-09,LOC-010,4.1,3
2026-03-09,LOC-010,4.3,6
2026-03-09,LOC-010,4.4,27
2026-03-10,LOC-010,4.4,15
2026-03-10,LOC-010,4.7,4
2026-03-10,LOC-010,4.3,3
2026-03-11,LOC-010,4.3,3
2026-03-11,LOC-010,4.9,13
2026-03-11,LOC-010,4.9,1
2026-03-12,LOC-010,4.1,4
2026-03-12,LOC-010,4.4,35
2026-03-12,LOC-010,4.5,45
2026-03-13,LOC-010,4.1,4
2026-03-13,LOC-010,4.7,3
2026-03-13,LOC-010,4.9,4
2026-03-13,LOC-010,4.0,7
2026-03-14,LOC-010,4.8,42
2026-03-15,LOC-010,4.0,23
2026-03-15,LOC-010,4.2,11
2026-03-16,LOC-010,5.0,11
2026-03-17,LOC-010,4.9,5
2026-03-17,LOC-010,5.0,17
2026-03-17,LOC-010,4.5,10
2026-03-17,LOC-010,5.0,13
2026-03-18,LOC-010,5.0,31
2026-03-18,LOC-010,4.5,13
2026-03-18,LOC-010,4.5,1
2026-03-18,LOC-010,4.6,16
2026-03-18,LOC-010,5.0,7
2026-03-20,LOC-010,5.0,4
2026-03-20,LOC-010,4.6,3
2026-03-20,LOC-010,3.9,21
2026-03-20,LOC-010,4.4,8
2026-03-20,LOC-010,4.1,19
2026-03-22,LOC-010,5.0,39
2026-03-22,LOC-010,4.1,1
2026-03-24,LOC-010,5.0,11
2026-03-24,LOC-010,4.2,25
2026-03-24,LOC-010,4.8,9
2026-03-25,LOC-010,4.1,7
2026-03-25,LOC-010,4.2,10
2026-03-25,LOC-010,5.0,21
2026-03-25,LOC-010,5.0,9
2026-03-26,LOC-010,5.0,26
2026-03-26,LOC-010,4.9,5
2026-03-26,LOC-010,5.0,14
2026-03-26,LOC-010,4.4,65
2026-03-26,LOC-010,4.1,15
2026-03-27,LOC-010,4.7,1
2026-03-27,LOC-010,4.1,3
2026-03-27,LOC-010,3.5,16
2026-03-27,LOC-010,4.7,5
2026-03-29,LOC-010,4.2,6
2026-03-30,LOC-010,5.0,6
2026-03-30,LOC-010,4.4,6
2026-03-31,LOC-010,5.0,7
2026-03-31,LOC-010,4.6,8
2026-03-31,LOC-010,4.5,2
2026-03-31,LOC-010,5.0,28
2026-03-31,LOC-010,4.0,21
2026-04-01,LOC-010,3.9,1
2026-04-01,LOC-010,4.0,27
2026-04-01,LOC-010,3.8,3
2026-04-01,LOC-010,4.2,28
2026-04-01,LOC-010,4.0,5
2026-04-02,LOC-010,4.1,35
2026-04-02,LOC-010,4.8,77
2026-04-02,LOC-010,4.6,5
2026-04-02,LOC-010,4.7,25
2026-04-02,LOC-010,4.2,3
2026-04-03,LOC-010,5.0,4
2026-04-03,LOC-010,4.8,1
2026-04-03,LOC-010,4.8,21
2026-04-04,LOC-010,5.0,13
2026-04-04,LOC-010,4.8,1
2026-04-04,LOC-010,4.6,16
2026-04-05,LOC-010,3.8,16
2026-04-05,LOC-010,4.2,19
2026-04-05,LOC-010,3.4,1
2026-04-05,LOC-010,4.2,1
2026-04-06,LOC-010,4.5,54
2026-04-06,LOC-010,4.3,3
2026-04-06,LOC-010,4.2,3
2026-04-07,LOC-010,4.9,7
2026-04-07,LOC-010,4.6,5
2026-04-08,LOC-010,4.3,9
2026-04-09,LOC-010,5.0,15
2026-04-09,LOC-010,4.8,15
2026-04-10,LOC-010,4.7,3
2026-04-10,LOC-010,4.2,20
2026-04-10,LOC-010,4.3,1
2026-04-11,LOC-010,5.0,24
2026-04-12,LOC-010,4.6,16
2026-04-12,LOC-010,4.5,57
2026-04-13,LOC-010,3.7,10
2026-04-13,LOC-010,5.0,7
2026-04-13,LOC-010,4.7,1
2026-04-13,LOC-010,4.3,20
2026-04-13,LOC-010,4.1,14
2026-04-13,LOC-010,4.4,19
2026-04-13,LOC-010,4.0,6
2026-04-14,LOC-010,4.0,11
2026-04-14,LOC-010,5.0,43
2026-04-15,LOC-010,4.6,27
2026-04-15,LOC-010,4.0,24
2026-04-15,LOC-010,4.2,10
2026-04-15,LOC-010,4.0,2
2026-04-16,LOC-010,4.6,36
2026-04-16,LOC-010,3.9,21
2026-04-16,LOC-010,4.3,37
2026-04-17,LOC-010,5.0,21
2026-04-17,LOC-010,4.3,2
2026-04-17,LOC-010,4.4,13
2026-04-18,LOC-010,3.7,14
2026-04-18,LOC-010,5.0,26
2026-04-18,LOC-010,5.0,7
2026-04-18,LOC-010,4.2,20
2026-04-19,LOC-010,4.7,40
2026-04-19,LOC-010,4.3,11
2026-04-19,LOC-010,4.7,7
2026-04-20,LOC-010,4.5,8
2026-04-20,LOC-010,4.4,19
2026-04-21,LOC-010,4.1,5
2026-04-21,LOC-010,4.9,23
2026-04-21,LOC-010,3.9,20
2026-04-22,LOC-010,4.5,34
2026-04-23,LOC-010,4.4,7
2026-04-23,LOC-010,4.1,18
2026-04-23,LOC-010,4.7,31
2026-04-24,LOC-010,3.9,17
2026-04-24,LOC-010,5.0,26
2026-04-24,LOC-010,4.8,19
2026-04-24,LOC-010,5.0,2
2026-04-25,LOC-010,4.4,12
2026-04-25,LOC-010,5.0,7
2026-04-26,LOC-010,4.2,39
2026-04-26,LOC-010,4.2,1
2026-04-27,LOC-010,4.1,23
2026-04-27,LOC-010,5.0,5
2026-04-27,LOC-010,5.0,1
2026-04-28,LOC-010,4.4,1
2026-04-28,LOC-010,4.4,10
2026-04-28,LOC-010,5.0,29
2026-04-28,LOC-010,3.6,5
2026-04-28,LOC-010,4.2,39
2026-04-28,LOC-010,4.3,5
2026-04-28,LOC-010,4.9,34
2026-04-28,LOC-010,4.3,21
2026-04-30,LOC-010,3.9,18
2026-04-30,LOC-010,4.6,13
2026-05-01,LOC-010,4.4,5
2026-05-01,LOC-010,3.9,11
2026-05-01,LOC-010,5.0,6
2026-05-01,LOC-010,3.2,2
2026-05-02,LOC-010,4.2,5
2026-05-03,LOC-010,5.0,5
2026-05-03,LOC-010,4.0,18
2026-05-04,LOC-010,4.1,1
2026-05-04,LOC-010,4.9,11
2026-05-04,LOC-010,4.7,5
2026-05-05,LOC-010,5.0,10
2026-05-06,LOC-010,5.0,44
2026-05-06,LOC-010,4.7,4
2026-05-06,LOC-010,5.0,18
2026-05-07,LOC-010,4.5,13
2026-05-07,LOC-010,3.9,13
2026-05-08,LOC-010,5.0,8
2026-05-09,LOC-010,4.4,4
2026-05-09,LOC-010,4.3,5
2026-05-10,LOC-010,4.8,4
2026-05-10,LOC-010,4.2,2
2026-05-11,LOC-010,4.2,1
2026-05-11,LOC-010,4.5,3
2026-05-12,LOC-010,4.4,7
2026-05-12,LOC-010,4.2,48
2026-05-12,LOC-010,4.2,18
2026-05-12,LOC-010,4.3,3
2026-05-13,LOC-010,4.7,4
2026-05-13,LOC-010,4.6,6
2026-05-13,LOC-010,4.8,14
2026-05-13,LOC-010,4.5,5
2026-05-13,LOC-010,4.0,6
2026-05-14,LOC-010,3.6,16
2026-05-15,LOC-010,4.5,45
2026-05-15,LOC-010,4.0,17
2026-05-15,LOC-010,4.4,3
2026-05-16,LOC-010,4.8,1
2026-05-16,LOC-010,4.7,24
2026-05-18,LOC-010,4.6,1
2026-05-18,LOC-010,4.2,22
2026-05-18,LOC-010,4.1,1
2026-05-18,LOC-010,4.2,12
2026-05-19,LOC-010,4.7,6
2026-05-19,LOC-010,3.7,2
2026-05-19,LOC-010,4.4,4
2026-05-19,LOC-010,5.0,1
2026-05-19,LOC-010,5.0,56
2026-05-19,LOC-010,5.0,26
2026-05-20,LOC-010,4.9,5
2026-05-20,LOC-010,4.2,28
2026-05-21,LOC-010,5.0,45
2026-05-21,LOC-010,3.9,5
2026-05-21,LOC-010,4.7,2
2026-05-21,LOC-010,4.9,1
2026-05-23,LOC-010,4.7,19
2026-05-24,LOC-010,5.0,5
2026-05-24,LOC-010,4.4,5
2026-05-24,LOC-010,4.5,1
2026-05-24,LOC-010,4.9,31
2026-05-24,LOC-010,3.9,13
2026-05-24,LOC-010,4.2,12
2026-05-24,LOC-010,3.3,2
2026-05-25,LOC-010,4.6,53
2026-05-26,LOC-010,4.3,2
2026-05-26,LOC-010,4.3,6
2026-05-27,LOC-010,4.4,3
2026-05-27,LOC-010,4.1,28
2026-05-27,LOC-010,4.4,6
2026-05-28,LOC-010,3.9,23
2026-05-28,LOC-010,4.7,8
2026-05-28,LOC-010,4.1,1
2026-05-28,LOC-010,5.0,17
2026-05-29,LOC-010,4.0,2
2026-05-30,LOC-010,4.6,13
2026-05-30,LOC-010,4.7,1
2026-05-30,LOC-010,4.5,2
2026-05-30,LOC-010,4.5,3
2026-05-30,LOC-010,4.5,3
2026-05-31,LOC-010,3.7,33
2026-05-31,LOC-010,4.9,42
2026-06-01,LOC-010,4.0,1
2026-06-01,LOC-010,3.9,13
2026-06-01,LOC-010,5.0,1
2026-06-01,LOC-010,4.4,3
2026-06-01,LOC-010,4.6,1
2026-06-02,LOC-010,4.8,42
2026-06-02,LOC-010,3.8,3
2026-06-02,LOC-010,4.3,26
2026-06-03,LOC-010,4.1,1
2026-06-04,LOC-010,3.4,15
2026-06-04,LOC-010,4.1,33
2026-06-05,LOC-010,5.0,13
2026-06-05,LOC-010,4.5,24
2026-06-05,LOC-010,4.3,1
2026-06-06,LOC-010,4.1,6
2026-06-06,LOC-010,4.0,32
2026-06-06,LOC-010,4.6,1
2026-06-06,LOC-010,4.2,13
2026-06-07,LOC-010,4.9,40
2026-06-07,LOC-010,4.6,4
2026-06-07,LOC-010,5.0,7
2026-06-07,LOC-010,5.0,10
2026-06-07,LOC-010,5.0,1
2026-06-09,LOC-010,4.6,1
2026-06-10,LOC-010,4.4,10
2026-06-10,LOC-010,4.9,26
2026-06-11,LOC-010,4.2,30
2026-06-11,LOC-010,5.0,4
2026-06-12,LOC-010,5.0,3
2026-06-12,LOC-010,4.8,2
2026-06-12,LOC-010,4.8,10
2026-06-12,LOC-010,3.8,38
2026-06-12,LOC-010,4.8,8
2026-06-13,LOC-010,5.0,1
2026-06-13,LOC-010,4.4,1
2026-06-13,LOC-010,5.0,1
2026-06-14,LOC-010,5.0,21
2026-06-14,LOC-010,4.5,13
2026-06-14,LOC-010,5.0,29
2026-06-14,LOC-010,4.3,36
2026-06-14,LOC-010,3.7,27
2026-06-14,LOC-010,4.4,1
2026-06-15,LOC-010,3.7,46
2026-06-15,LOC-010,4.0,36
2026-06-15,LOC-010,4.6,12
2026-06-16,LOC-010,5.0,58
2026-06-16,LOC-010,5.0,39
2026-06-17,LOC-010,4.1,2
2026-06-18,LOC-010,4.9,1
2026-06-19,LOC-010,5.0,10
2026-06-19,LOC-010,5.0,21
2026-06-19,LOC-010,3.4,9
2026-06-20,LOC-010,4.6,6
2026-06-22,LOC-010,4.0,7
2026-06-22,LOC-010,4.4,1
2026-06-23,LOC-010,3.8,5
2026-06-24,LOC-010,4.5,21
2026-06-24,LOC-010,4.6,1
2026-06-24,LOC-010,4.4,1
2026-06-24,LOC-010,5.0,4
2026-06-24,LOC-010,5.0,11
2026-06-25,LOC-010,4.4,14
2026-06-26,LOC-010,5.0,3
2026-06-26,LOC-010,3.3,16
2026-06-26,LOC-010,4.6,12
2026-06-26,LOC-010,4.3,40
2026-06-26,LOC-010,4.6,13
2026-06-27,LOC-010,3.7,6
2026-06-27,LOC-010,4.0,1
2026-06-27,LOC-010,3.7,21
2026-06-28,LOC-010,4.7,26
2026-06-28,LOC-010,4.5,32
2026-06-28,LOC-010,4.3,7
2026-06-28,LOC-010,3.8,7
2026-06-29,LOC-010,4.4,2
2026-06-29,LOC-010,4.8,13
2026-06-30,LOC-010,4.7,5
2026-06-30,LOC-010,4.3,22
2026-06-30,LOC-010,5.0,15
2026-06-30,LOC-010,4.6,10
2026-01-01,LOC-011,3.6,9
2026-01-02,LOC-011,3.3,14
2026-01-02,LOC-011,4.0,16
2026-01-03,LOC-011,4.4,4
2026-01-03,LOC-011,3.8,5
2026-01-03,LOC-011,4.7,16
2026-01-03,LOC-011,4.3,12
2026-01-04,LOC-011,3.9,45
2026-01-04,LOC-011,3.8,1
2026-01-04,LOC-011,4.4,42
2026-01-05,LOC-011,4.8,13
2026-01-05,LOC-011,4.0,8
2026-01-06,LOC-011,4.0,25
2026-01-06,LOC-011,4.1,3
2026-01-06,LOC-011,3.3,1
2026-01-07,LOC-011,3.4,1
2026-01-07,LOC-011,3.7,1
2026-01-07,LOC-011,4.7,12
2026-01-08,LOC-011,2.9,28
2026-01-08,LOC-011,4.6,12
2026-01-08,LOC-011,4.1,11
2026-01-08,LOC-011,3.6,12
2026-01-08,LOC-011,4.6,2
2026-01-08,LOC-011,3.3,1
2026-01-09,LOC-011,4.1,40
2026-01-10,LOC-011,4.5,4
2026-01-10,LOC-011,3.3,39
2026-01-10,LOC-011,4.8,1
2026-01-10,LOC-011,3.6,47
2026-01-11,LOC-011,4.3,2
2026-01-11,LOC-011,3.5,44
2026-01-11,LOC-011,4.2,7
2026-01-12,LOC-011,3.6,49
2026-01-12,LOC-011,3.4,20
2026-01-12,LOC-011,4.5,7
2026-01-12,LOC-011,3.8,10
2026-01-13,LOC-011,3.5,3
2026-01-13,LOC-011,3.9,9
2026-01-13,LOC-011,4.0,40
2026-01-14,LOC-011,4.1,11
2026-01-14,LOC-011,4.9,3
2026-01-14,LOC-011,4.2,1
2026-01-14,LOC-011,4.1,14
2026-01-14,LOC-011,4.2,1
2026-01-14,LOC-011,3.9,4
2026-01-14,LOC-011,3.9,14
2026-01-15,LOC-011,4.1,16
2026-01-15,LOC-011,4.1,2
2026-01-15,LOC-011,3.8,22
2026-01-15,LOC-011,4.0,20
2026-01-16,LOC-011,4.3,1
2026-01-16,LOC-011,3.3,43
2026-01-17,LOC-011,3.9,32
2026-01-18,LOC-011,4.2,28
2026-01-18,LOC-011,4.3,1
2026-01-18,LOC-011,4.6,12
2026-01-19,LOC-011,4.8,2
2026-01-19,LOC-011,4.7,23
2026-01-19,LOC-011,4.3,6
2026-01-19,LOC-011,4.6,1
2026-01-19,LOC-011,4.2,46
2026-01-20,LOC-011,3.9,26
2026-01-21,LOC-011,4.6,13
2026-01-21,LOC-011,4.2,4
2026-01-21,LOC-011,4.0,16
2026-01-21,LOC-011,3.8,5
2026-01-22,LOC-011,4.0,9
2026-01-22,LOC-011,2.7,17
2026-01-22,LOC-011,4.0,24
2026-01-23,LOC-011,3.8,14
2026-01-23,LOC-011,4.2,7
2026-01-23,LOC-011,3.9,30
2026-01-24,LOC-011,3.8,29
2026-01-24,LOC-011,3.9,19
2026-01-25,LOC-011,4.1,1
2026-01-27,LOC-011,4.1,1
2026-01-27,LOC-011,3.6,4
2026-01-27,LOC-011,2.6,5
2026-01-28,LOC-011,3.4,9
2026-01-28,LOC-011,4.3,11
2026-01-29,LOC-011,4.4,13
2026-01-29,LOC-011,4.4,35
2026-01-29,LOC-011,3.9,18
2026-01-29,LOC-011,4.2,2
2026-01-30,LOC-011,4.1,9
2026-01-30,LOC-011,3.6,8
2026-01-30,LOC-011,3.5,5
2026-01-30,LOC-011,4.0,9
2026-01-30,LOC-011,4.4,35
2026-01-31,LOC-011,3.7,8
2026-01-31,LOC-011,4.3,12
2026-01-31,LOC-011,4.3,30
2026-01-31,LOC-011,3.7,17
2026-02-01,LOC-011,4.3,17
2026-02-01,LOC-011,3.9,3
2026-02-01,LOC-011,3.8,59
2026-02-02,LOC-011,4.1,10
2026-02-03,LOC-011,4.5,2
2026-02-04,LOC-011,4.2,13
2026-02-04,LOC-011,2.9,5
2026-02-04,LOC-011,4.3,1
2026-02-05,LOC-011,5.0,1
2026-02-05,LOC-011,5.0,14
2026-02-05,LOC-011,3.7,1
2026-02-05,LOC-011,3.5,4
2026-02-05,LOC-011,4.3,12
2026-02-05,LOC-011,2.9,2
2026-02-06,LOC-011,4.0,23
2026-02-06,LOC-011,4.7,4
2026-02-06,LOC-011,4.8,6
2026-02-06,LOC-011,3.5,7
2026-02-07,LOC-011,4.3,24
2026-02-07,LOC-011,3.6,1
2026-02-08,LOC-011,5.0,1
2026-02-08,LOC-011,4.3,2
2026-02-08,LOC-011,4.5,1
2026-02-08,LOC-011,4.0,12
2026-02-09,LOC-011,3.3,6
2026-02-09,LOC-011,4.3,9
2026-02-09,LOC-011,3.6,1
2026-02-09,LOC-011,3.7,1
2026-02-09,LOC-011,4.5,3
2026-02-10,LOC-011,4.2,4
2026-02-10,LOC-011,3.2,45
2026-02-10,LOC-011,3.3,2
2026-02-10,LOC-011,4.2,45
2026-02-11,LOC-011,3.8,3
2026-02-11,LOC-011,4.4,1
2026-02-11,LOC-011,2.5,19
2026-02-12,LOC-011,3.9,9
2026-02-12,LOC-011,5.0,19
2026-02-12,LOC-011,3.7,20
2026-02-12,LOC-011,5.0,13
2026-02-12,LOC-011,3.6,9
2026-02-13,LOC-011,3.6,3
2026-02-13,LOC-011,3.8,32
2026-02-13,LOC-011,4.1,29
2026-02-14,LOC-011,3.2,3
2026-02-14,LOC-011,3.6,16
2026-02-14,LOC-011,3.5,1
2026-02-14,LOC-011,3.3,24
2026-02-15,LOC-011,4.7,8
2026-02-15,LOC-011,3.8,21
2026-02-15,LOC-011,4.3,15
2026-02-15,LOC-011,3.3,6
2026-02-16,LOC-011,3.1,39
2026-02-16,LOC-011,4.2,30
2026-02-16,LOC-011,4.1,1
2026-02-16,LOC-011,4.7,2
2026-02-16,LOC-011,5.0,2
2026-02-16,LOC-011,4.1,79
2026-02-17,LOC-011,4.1,3
2026-02-18,LOC-011,3.6,6
2026-02-18,LOC-011,3.6,30
2026-02-19,LOC-011,3.8,29
2026-02-19,LOC-011,4.2,8
2026-02-19,LOC-011,3.4,14
2026-02-20,LOC-011,3.5,1
2026-02-21,LOC-011,3.6,24
2026-02-21,LOC-011,4.4,34
2026-02-22,LOC-011,4.1,1
2026-02-22,LOC-011,4.3,14
2026-02-22,LOC-011,3.6,19
2026-02-22,LOC-011,3.5,9
2026-02-23,LOC-011,3.7,12
2026-02-23,LOC-011,3.9,2
2026-02-23,LOC-011,4.0,21
2026-02-23,LOC-011,3.9,38
2026-02-24,LOC-011,3.6,27
2026-02-24,LOC-011,4.1,10
2026-02-26,LOC-011,3.4,12
2026-02-26,LOC-011,3.8,7
2026-02-27,LOC-011,4.0,21
2026-02-27,LOC-011,5.0,2
2026-02-28,LOC-011,2.9,2
2026-02-28,LOC-011,4.1,5
2026-03-01,LOC-011,4.2,21
2026-03-01,LOC-011,3.4,1
2026-03-01,LOC-011,4.1,36
2026-03-01,LOC-011,3.0,1
2026-03-02,LOC-011,3.6,16
2026-03-02,LOC-011,4.3,30
2026-03-03,LOC-011,3.5,40
2026-03-03,LOC-011,4.0,29
2026-03-03,LOC-011,3.8,21
2026-03-03,LOC-011,4.2,12
2026-03-03,LOC-011,4.4,1
2026-03-04,LOC-011,3.9,1
2026-03-04,LOC-011,5.0,4
2026-03-04,LOC-011,4.9,16
2026-03-05,LOC-011,3.9,7
2026-03-05,LOC-011,3.6,37
2026-03-05,LOC-011,4.0,8
2026-03-06,LOC-011,4.7,5
2026-03-06,LOC-011,3.3,15
2026-03-07,LOC-011,3.9,43
2026-03-07,LOC-011,3.9,6
2026-03-07,LOC-011,4.4,10
2026-03-07,LOC-011,4.3,1
2026-03-07,LOC-011,3.1,1
2026-03-08,LOC-011,4.0,8
2026-03-08,LOC-011,3.4,45
2026-03-09,LOC-011,4.7,5
2026-03-09,LOC-011,4.3,32
2026-03-09,LOC-011,4.4,45
2026-03-09,LOC-011,3.6,62
2026-03-10,LOC-011,3.8,12
2026-03-10,LOC-011,4.3,20
2026-03-10,LOC-011,4.7,21
2026-03-10,LOC-011,3.4,1
2026-03-11,LOC-011,4.0,22
2026-03-11,LOC-011,4.2,10
2026-03-11,LOC-011,4.2,44
2026-03-12,LOC-011,3.1,1
2026-03-12,LOC-011,3.9,21
2026-03-13,LOC-011,4.8,1
2026-03-13,LOC-011,3.9,23
2026-03-13,LOC-011,3.5,15
2026-03-13,LOC-011,4.1,28
2026-03-14,LOC-011,3.8,7
2026-03-14,LOC-011,4.8,1
2026-03-14,LOC-011,3.8,53
2026-03-16,LOC-011,4.1,21
2026-03-16,LOC-011,4.5,17
2026-03-16,LOC-011,3.7,12
2026-03-17,LOC-011,3.7,33
2026-03-17,LOC-011,4.2,13
2026-03-17,LOC-011,3.3,5
2026-03-17,LOC-011,4.5,1
2026-03-17,LOC-011,3.8,19
2026-03-18,LOC-011,4.2,27
2026-03-19,LOC-011,4.3,1
2026-03-19,LOC-011,4.1,19
2026-03-20,LOC-011,4.4,7
2026-03-20,LOC-011,4.1,27
2026-03-20,LOC-011,4.4,26
2026-03-20,LOC-011,3.6,9
2026-03-20,LOC-011,3.7,7
2026-03-21,LOC-011,3.8,32
2026-03-21,LOC-011,4.0,6
2026-03-21,LOC-011,3.5,50
2026-03-22,LOC-011,4.7,6
2026-03-22,LOC-011,3.6,27
2026-03-23,LOC-011,4.4,15
2026-03-23,LOC-011,4.2,29
2026-03-23,LOC-011,4.2,11
2026-03-24,LOC-011,5.0,3
2026-03-24,LOC-011,3.5,37
2026-03-24,LOC-011,4.5,30
2026-03-25,LOC-011,4.8,85
2026-03-25,LOC-011,4.3,14
2026-03-25,LOC-011,4.1,1
2026-03-26,LOC-011,3.5,57
2026-03-26,LOC-011,4.6,5
2026-03-26,LOC-011,4.4,7
2026-03-26,LOC-011,4.4,16
2026-03-26,LOC-011,3.8,1
2026-03-26,LOC-011,4.0,2
2026-03-26,LOC-011,4.1,23
2026-03-26,LOC-011,3.5,1
2026-03-27,LOC-011,5.0,9
2026-03-27,LOC-011,3.3,27
2026-03-27,LOC-011,4.3,19
2026-03-27,LOC-011,3.8,15
2026-03-28,LOC-011,3.2,1
2026-03-28,LOC-011,3.4,9
2026-03-28,LOC-011,4.5,3
2026-03-29,LOC-011,3.8,1
2026-03-29,LOC-011,4.3,10
2026-03-29,LOC-011,4.0,1
2026-03-30,LOC-011,4.5,15
2026-03-30,LOC-011,4.9,20
2026-03-30,LOC-011,4.5,7
2026-04-01,LOC-011,4.5,40
2026-04-01,LOC-011,3.9,9
2026-04-01,LOC-011,4.2,17
2026-04-01,LOC-011,4.0,1
2026-04-01,LOC-011,4.5,9
2026-04-01,LOC-011,3.6,38
2026-04-02,LOC-011,4.6,25
2026-04-03,LOC-011,4.1,19
2026-04-03,LOC-011,3.9,7
2026-04-03,LOC-011,4.7,71
2026-04-04,LOC-011,3.6,2
2026-04-05,LOC-011,4.4,27
2026-04-05,LOC-011,4.0,1
2026-04-05,LOC-011,4.0,14
2026-04-05,LOC-011,4.7,99
2026-04-06,LOC-011,4.8,2
2026-04-06,LOC-011,4.5,15
2026-04-06,LOC-011,3.6,16
2026-04-06,LOC-011,4.7,75
2026-04-07,LOC-011,4.6,3
2026-04-07,LOC-011,3.7,1
2026-04-08,LOC-011,5.0,20
2026-04-08,LOC-011,3.5,34
2026-04-08,LOC-011,4.6,13
2026-04-09,LOC-011,3.9,5
2026-04-09,LOC-011,4.9,45
2026-04-10,LOC-011,4.2,3
2026-04-10,LOC-011,3.1,8
2026-04-10,LOC-011,3.3,50
2026-04-11,LOC-011,2.6,26
2026-04-11,LOC-011,3.1,8
2026-04-11,LOC-011,3.8,15
2026-04-11,LOC-011,3.6,29
2026-04-11,LOC-011,4.1,5
2026-04-11,LOC-011,4.7,23
2026-04-11,LOC-011,4.4,22
2026-04-11,LOC-011,3.7,2
2026-04-11,LOC-011,5.0,13
2026-04-11,LOC-011,4.0,23
2026-04-12,LOC-011,3.8,1
2026-04-12,LOC-011,4.3,2
2026-04-13,LOC-011,3.9,5
2026-04-13,LOC-011,4.3,1
2026-04-13,LOC-011,4.5,13
2026-04-14,LOC-011,4.9,38
2026-04-14,LOC-011,3.5,18
2026-04-14,LOC-011,3.7,37
2026-04-14,LOC-011,3.0,2
2026-04-15,LOC-011,4.7,21
2026-04-15,LOC-011,4.1,2
2026-04-15,LOC-011,4.7,5
2026-04-15,LOC-011,4.5,5
2026-04-15,LOC-011,4.9,3
2026-04-17,LOC-011,3.8,33
2026-04-17,LOC-011,4.6,12
2026-04-18,LOC-011,3.0,62
2026-04-19,LOC-011,4.7,3
2026-04-19,LOC-011,4.1,11
2026-04-19,LOC-011,4.0,1
2026-04-20,LOC-011,4.2,18
2026-04-20,LOC-011,4.3,9
2026-04-20,LOC-011,3.0,4
2026-04-20,LOC-011,3.6,8
2026-04-22,LOC-011,2.8,1
2026-04-22,LOC-011,3.5,5
2026-04-22,LOC-011,3.9,1
2026-04-23,LOC-011,3.2,10
2026-04-23,LOC-011,3.5,5
2026-04-23,LOC-011,4.0,9
2026-04-23,LOC-011,3.4,5
2026-04-24,LOC-011,3.7,29
2026-04-25,LOC-011,3.7,9
2026-04-25,LOC-011,3.4,18
2026-04-25,LOC-011,4.5,9
2026-04-25,LOC-011,4.3,7
2026-04-26,LOC-011,4.1,32
2026-04-26,LOC-011,3.9,14
2026-04-26,LOC-011,4.7,64
2026-04-26,LOC-011,2.9,24
2026-04-27,LOC-011,4.5,11
2026-04-27,LOC-011,3.3,4
2026-04-28,LOC-011,4.2,2
2026-04-28,LOC-011,4.1,7
2026-04-28,LOC-011,3.6,73
2026-04-28,LOC-011,3.1,12
2026-04-28,LOC-011,4.3,21
2026-04-28,LOC-011,4.3,11
2026-04-29,LOC-011,4.0,54
2026-04-29,LOC-011,3.6,2
2026-04-29,LOC-011,4.1,1
2026-04-29,LOC-011,3.5,1
2026-04-29,LOC-011,4.5,1
2026-04-30,LOC-011,4.8,18
2026-04-30,LOC-011,3.2,1
2026-04-30,LOC-011,3.3,8
2026-05-01,LOC-011,3.7,28
2026-05-01,LOC-011,4.9,18
2026-05-02,LOC-011,4.1,19
2026-05-02,LOC-011,4.0,28
2026-05-02,LOC-011,4.6,8
2026-05-02,LOC-011,4.2,8
2026-05-02,LOC-011,5.0,6
2026-05-02,LOC-011,4.1,3
2026-05-03,LOC-011,3.7,6
2026-05-03,LOC-011,3.5,7
2026-05-04,LOC-011,4.7,23
2026-05-04,LOC-011,4.0,8
2026-05-05,LOC-011,3.8,26
2026-05-05,LOC-011,4.0,2
2026-05-06,LOC-011,4.1,8
2026-05-06,LOC-011,4.8,3
2026-05-07,LOC-011,4.5,1
2026-05-07,LOC-011,4.2,28
2026-05-07,LOC-011,4.0,6
2026-05-08,LOC-011,3.7,1
2026-05-09,LOC-011,3.3,3
2026-05-09,LOC-011,3.4,11
2026-05-09,LOC-011,4.2,12
2026-05-10,LOC-011,3.1,9
2026-05-11,LOC-011,4.9,3
2026-05-11,LOC-011,3.5,24
2026-05-11,LOC-011,4.0,4
2026-05-12,LOC-011,4.3,21
2026-05-12,LOC-011,3.7,2
2026-05-12,LOC-011,3.9,6
2026-05-13,LOC-011,4.1,38
2026-05-15,LOC-011,3.9,5
2026-05-15,LOC-011,4.1,22
2026-05-16,LOC-011,3.7,11
2026-05-16,LOC-011,3.9,9
2026-05-16,LOC-011,4.7,40
2026-05-17,LOC-011,5.0,41
2026-05-17,LOC-011,3.6,13
2026-05-18,LOC-011,3.7,7
2026-05-18,LOC-011,3.7,7
2026-05-18,LOC-011,3.8,18
2026-05-19,LOC-011,4.4,5
2026-05-19,LOC-011,3.7,48
2026-05-19,LOC-011,4.1,2
2026-05-19,LOC-011,3.7,22
2026-05-20,LOC-011,4.4,1
2026-05-20,LOC-011,4.3,39
2026-05-20,LOC-011,3.6,6
2026-05-21,LOC-011,3.7,50
2026-05-21,LOC-011,4.8,17
2026-05-21,LOC-011,3.4,20
2026-05-21,LOC-011,3.4,47
2026-05-22,LOC-011,3.3,12
2026-05-22,LOC-011,3.4,4
2026-05-23,LOC-011,3.2,11
2026-05-23,LOC-011,4.1,34
2026-05-23,LOC-011,4.5,6
2026-05-23,LOC-011,3.2,14
2026-05-24,LOC-011,4.6,22
2026-05-24,LOC-011,3.8,9
2026-05-24,LOC-011,3.7,3
2026-05-24,LOC-011,5.0,1
2026-05-24,LOC-011,4.7,6
2026-05-24,LOC-011,3.9,37
2026-05-24,LOC-011,5.0,18
2026-05-24,LOC-011,4.2,3
2026-05-25,LOC-011,3.1,11
2026-05-25,LOC-011,4.0,2
2026-05-25,LOC-011,3.4,16
2026-05-26,LOC-011,3.7,14
2026-05-26,LOC-011,4.2,22
2026-05-27,LOC-011,4.2,1
2026-05-27,LOC-011,4.0,3
2026-05-27,LOC-011,4.0,14
2026-05-28,LOC-011,3.3,1
2026-05-28,LOC-011,3.8,21
2026-05-28,LOC-011,4.8,13
2026-05-28,LOC-011,3.0,15
2026-05-28,LOC-011,4.4,9
2026-05-29,LOC-011,4.8,1
2026-05-29,LOC-011,4.6,10
2026-05-29,LOC-011,3.6,5
2026-05-29,LOC-011,3.9,7
2026-05-30,LOC-011,3.7,21
2026-05-30,LOC-011,4.7,12
2026-05-31,LOC-011,4.5,10
2026-05-31,LOC-011,4.0,8
2026-05-31,LOC-011,3.6,22
2026-06-01,LOC-011,3.3,8
2026-06-01,LOC-011,4.7,1
2026-06-01,LOC-011,4.4,19
2026-06-01,LOC-011,4.4,7
2026-06-02,LOC-011,4.5,1
2026-06-02,LOC-011,3.9,6
2026-06-03,LOC-011,3.7,1
2026-06-04,LOC-011,4.4,5
2026-06-04,LOC-011,2.7,18
2026-06-05,LOC-011,4.3,8
2026-06-05,LOC-011,4.5,1
2026-06-05,LOC-011,3.5,10
2026-06-06,LOC-011,4.7,25
2026-06-07,LOC-011,4.2,11
2026-06-07,LOC-011,3.8,21
2026-06-07,LOC-011,5.0,4
2026-06-08,LOC-011,5.0,46
2026-06-08,LOC-011,4.1,3
2026-06-09,LOC-011,3.9,53
2026-06-10,LOC-011,3.5,13
2026-06-10,LOC-011,3.8,21
2026-06-10,LOC-011,3.8,2
2026-06-11,LOC-011,4.3,10
2026-06-11,LOC-011,3.9,8
2026-06-11,LOC-011,4.4,8
2026-06-11,LOC-011,4.4,21
2026-06-11,LOC-011,4.6,2
2026-06-11,LOC-011,3.5,10
2026-06-12,LOC-011,4.2,27
2026-06-13,LOC-011,4.4,15
2026-06-13,LOC-011,4.6,3
2026-06-13,LOC-011,3.7,6
2026-06-14,LOC-011,3.9,19
2026-06-14,LOC-011,4.0,5
2026-06-14,LOC-011,4.1,47
2026-06-14,LOC-011,4.3,13
2026-06-14,LOC-011,3.6,51
2026-06-15,LOC-011,5.0,43
2026-06-15,LOC-011,4.3,10
2026-06-16,LOC-011,4.1,20
2026-06-16,LOC-011,4.3,49
2026-06-16,LOC-011,3.9,6
2026-06-17,LOC-011,3.9,11
2026-06-17,LOC-011,4.3,2
2026-06-18,LOC-011,4.3,1
2026-06-18,LOC-011,4.2,23
2026-06-18,LOC-011,4.3,11
2026-06-18,LOC-011,3.1,4
2026-06-18,LOC-011,5.0,14
2026-06-19,LOC-011,4.1,14
2026-06-19,LOC-011,4.2,41
2026-06-20,LOC-011,3.6,12
2026-06-20,LOC-011,4.2,34
2026-06-20,LOC-011,3.8,20
2026-06-20,LOC-011,3.8,40
2026-06-20,LOC-011,3.7,36
2026-06-20,LOC-011,4.8,15
2026-06-20,LOC-011,4.1,6
2026-06-21,LOC-011,4.4,29
2026-06-22,LOC-011,3.6,1
2026-06-22,LOC-011,4.4,10
2026-06-22,LOC-011,4.6,23
2026-06-22,LOC-011,3.8,32
2026-06-23,LOC-011,4.8,11
2026-06-23,LOC-011,3.9,40
2026-06-23,LOC-011,3.1,13
2026-06-23,LOC-011,4.4,28
2026-06-23,LOC-011,3.4,2
2026-06-23,LOC-011,4.6,2
2026-06-24,LOC-011,3.8,5
2026-06-24,LOC-011,4.6,13
2026-06-25,LOC-011,4.0,2
2026-06-25,LOC-011,4.1,10
2026-06-25,LOC-011,4.8,19
2026-06-25,LOC-011,4.3,31
2026-06-25,LOC-011,3.1,9
2026-06-26,LOC-011,3.5,7
2026-06-26,LOC-011,4.8,8
2026-06-26,LOC-011,4.0,7
2026-06-26,LOC-011,4.1,29
2026-06-27,LOC-011,3.7,15
2026-06-28,LOC-011,4.1,4
2026-06-28,LOC-011,4.9,4
2026-06-28,LOC-011,4.5,16
2026-06-28,LOC-011,4.7,21
2026-06-28,LOC-011,4.6,27
2026-06-29,LOC-011,4.4,10
2026-06-29,LOC-011,3.9,3
2026-06-29,LOC-011,3.1,18
2026-06-29,LOC-011,4.3,21
2026-06-29,LOC-011,4.1,12
2026-06-30,LOC-011,4.2,19
2026-06-30,LOC-011,3.1,2
2026-06-30,LOC-011,4.0,26
2026-01-01,LOC-012,4.2,2
2026-01-01,LOC-012,4.2,45
2026-01-01,LOC-012,4.0,5
2026-01-01,LOC-012,4.4,12
2026-01-01,LOC-012,4.5,1
2026-01-01,LOC-012,4.5,1
2026-01-02,LOC-012,4.3,1
2026-01-02,LOC-012,4.7,47
2026-01-03,LOC-012,3.9,3
2026-01-03,LOC-012,4.7,7
2026-01-03,LOC-012,4.0,35
2026-01-03,LOC-012,4.6,3
2026-01-03,LOC-012,5.0,23
2026-01-03,LOC-012,5.0,4
2026-01-03,LOC-012,4.1,25
2026-01-04,LOC-012,4.3,63
2026-01-04,LOC-012,4.2,9
2026-01-04,LOC-012,3.9,39
2026-01-05,LOC-012,4.2,3
2026-01-05,LOC-012,4.1,13
2026-01-05,LOC-012,4.8,26
2026-01-05,LOC-012,3.1,3
2026-01-05,LOC-012,5.0,49
2026-01-06,LOC-012,5.0,18
2026-01-06,LOC-012,4.9,1
2026-01-07,LOC-012,4.3,23
2026-01-07,LOC-012,4.6,7
2026-01-07,LOC-012,5.0,39
2026-01-08,LOC-012,4.6,3
2026-01-08,LOC-012,4.3,1
2026-01-08,LOC-012,4.4,8
2026-01-08,LOC-012,5.0,7
2026-01-09,LOC-012,4.6,19
2026-01-09,LOC-012,3.2,40
2026-01-09,LOC-012,4.3,25
2026-01-09,LOC-012,4.7,10
2026-01-10,LOC-012,4.0,23
2026-01-10,LOC-012,3.5,67
2026-01-10,LOC-012,4.3,48
2026-01-11,LOC-012,4.2,4
2026-01-11,LOC-012,4.6,6
2026-01-11,LOC-012,3.7,7
2026-01-11,LOC-012,4.3,2
2026-01-12,LOC-012,4.6,4
2026-01-12,LOC-012,4.8,18
2026-01-12,LOC-012,4.5,4
2026-01-12,LOC-012,4.5,24
2026-01-12,LOC-012,4.9,4
2026-01-13,LOC-012,4.0,15
2026-01-13,LOC-012,4.2,31
2026-01-13,LOC-012,4.8,31
2026-01-14,LOC-012,4.2,5
2026-01-14,LOC-012,3.9,33
2026-01-14,LOC-012,4.4,1
2026-01-14,LOC-012,5.0,1
2026-01-14,LOC-012,5.0,45
2026-01-15,LOC-012,4.8,1
2026-01-15,LOC-012,4.7,21
2026-01-15,LOC-012,4.2,46
2026-01-15,LOC-012,5.0,1
2026-01-15,LOC-012,4.1,11
2026-01-15,LOC-012,4.4,3
2026-01-16,LOC-012,4.4,8
2026-01-16,LOC-012,3.9,17
2026-01-16,LOC-012,4.7,1
2026-01-17,LOC-012,3.9,2
2026-01-17,LOC-012,4.3,1
2026-01-18,LOC-012,5.0,13
2026-01-18,LOC-012,4.3,23
2026-01-18,LOC-012,4.7,15
2026-01-18,LOC-012,3.7,7
2026-01-18,LOC-012,3.9,7
2026-01-19,LOC-012,5.0,6
2026-01-19,LOC-012,3.9,10
2026-01-20,LOC-012,5.0,1
2026-01-20,LOC-012,4.5,3
2026-01-20,LOC-012,4.8,13
2026-01-22,LOC-012,4.1,7
2026-01-22,LOC-012,4.7,35
2026-01-22,LOC-012,4.7,1
2026-01-22,LOC-012,4.0,4
2026-01-23,LOC-012,4.6,1
2026-01-23,LOC-012,4.3,72
2026-01-23,LOC-012,4.8,19
2026-01-23,LOC-012,4.2,42
2026-01-23,LOC-012,3.8,6
2026-01-24,LOC-012,3.9,29
2026-01-24,LOC-012,3.7,14
2026-01-24,LOC-012,4.4,29
2026-01-24,LOC-012,4.5,17
2026-01-25,LOC-012,4.1,4
2026-01-25,LOC-012,5.0,48
2026-01-26,LOC-012,4.5,19
2026-01-26,LOC-012,4.9,6
2026-01-26,LOC-012,4.1,12
2026-01-26,LOC-012,4.8,8
2026-01-26,LOC-012,4.1,13
2026-01-27,LOC-012,5.0,21
2026-01-27,LOC-012,4.0,1
2026-01-27,LOC-012,4.7,7
2026-01-27,LOC-012,4.9,4
2026-01-27,LOC-012,4.9,5
2026-01-27,LOC-012,4.6,7
2026-01-27,LOC-012,4.2,16
2026-01-28,LOC-012,4.7,7
2026-01-28,LOC-012,4.6,1
2026-01-28,LOC-012,5.0,16
2026-01-29,LOC-012,4.2,51
2026-01-29,LOC-012,5.0,32
2026-01-29,LOC-012,4.5,19
2026-01-30,LOC-012,4.8,26
2026-01-30,LOC-012,5.0,9
2026-01-31,LOC-012,5.0,3
2026-01-31,LOC-012,3.3,6
2026-01-31,LOC-012,4.5,3
2026-01-31,LOC-012,3.8,10
2026-01-31,LOC-012,4.4,13
2026-02-01,LOC-012,4.3,9
2026-02-01,LOC-012,4.4,15
2026-02-01,LOC-012,3.7,11
2026-02-01,LOC-012,3.7,2
2026-02-01,LOC-012,4.4,9
2026-02-02,LOC-012,4.9,9
2026-02-02,LOC-012,5.0,8
2026-02-03,LOC-012,4.2,22
2026-02-03,LOC-012,4.7,9
2026-02-03,LOC-012,3.8,11
2026-02-03,LOC-012,4.5,16
2026-02-04,LOC-012,4.7,7
2026-02-04,LOC-012,4.7,3
2026-02-05,LOC-012,4.7,43
2026-02-05,LOC-012,4.3,1
2026-02-05,LOC-012,4.1,4
2026-02-06,LOC-012,4.7,6
2026-02-06,LOC-012,4.8,1
2026-02-06,LOC-012,5.0,20
2026-02-07,LOC-012,4.6,31
2026-02-07,LOC-012,4.0,23
2026-02-08,LOC-012,4.3,18
2026-02-08,LOC-012,5.0,7
2026-02-08,LOC-012,4.0,22
2026-02-09,LOC-012,4.3,3
2026-02-09,LOC-012,4.2,6
2026-02-09,LOC-012,4.7,22
2026-02-09,LOC-012,4.3,15
2026-02-10,LOC-012,5.0,9
2026-02-10,LOC-012,5.0,14
2026-02-10,LOC-012,4.7,34
2026-02-10,LOC-012,4.2,1
2026-02-11,LOC-012,4.5,21
2026-02-11,LOC-012,4.2,36
2026-02-12,LOC-012,5.0,1
2026-02-12,LOC-012,3.7,13
2026-02-13,LOC-012,3.9,4
2026-02-13,LOC-012,4.1,4
2026-02-13,LOC-012,4.5,26
2026-02-13,LOC-012,3.8,20
2026-02-13,LOC-012,5.0,9
2026-02-14,LOC-012,3.7,16
2026-02-14,LOC-012,4.6,21
2026-02-14,LOC-012,4.4,6
2026-02-15,LOC-012,5.0,14
2026-02-15,LOC-012,5.0,1
2026-02-15,LOC-012,5.0,1
2026-02-16,LOC-012,3.4,23
2026-02-16,LOC-012,5.0,32
2026-02-16,LOC-012,4.8,4
2026-02-17,LOC-012,4.4,1
2026-02-18,LOC-012,4.8,1
2026-02-18,LOC-012,5.0,8
2026-02-18,LOC-012,4.0,16
2026-02-19,LOC-012,4.2,9
2026-02-19,LOC-012,3.8,8
2026-02-19,LOC-012,3.8,19
2026-02-19,LOC-012,4.3,1
2026-02-19,LOC-012,4.2,7
2026-02-20,LOC-012,3.9,13
2026-02-20,LOC-012,4.1,22
2026-02-20,LOC-012,4.5,3
2026-02-20,LOC-012,4.7,1
2026-02-21,LOC-012,3.5,10
2026-02-21,LOC-012,3.4,31
2026-02-21,LOC-012,4.2,55
2026-02-22,LOC-012,4.7,9
2026-02-22,LOC-012,3.8,10
2026-02-22,LOC-012,4.5,10
2026-02-22,LOC-012,5.0,31
2026-02-23,LOC-012,4.4,3
2026-02-23,LOC-012,4.4,31
2026-02-23,LOC-012,3.8,8
2026-02-24,LOC-012,4.8,14
2026-02-24,LOC-012,5.0,5
2026-02-24,LOC-012,4.5,4
2026-02-25,LOC-012,4.8,1
2026-02-25,LOC-012,4.2,14
2026-02-25,LOC-012,4.3,26
2026-02-25,LOC-012,3.8,3
2026-02-25,LOC-012,4.2,10
2026-02-26,LOC-012,4.6,14
2026-02-26,LOC-012,4.5,7
2026-02-26,LOC-012,4.1,33
2026-02-26,LOC-012,3.8,23
2026-02-26,LOC-012,4.7,3
2026-02-26,LOC-012,5.0,12
2026-02-26,LOC-012,4.9,10
2026-02-26,LOC-012,4.6,6
2026-02-27,LOC-012,4.8,27
2026-02-27,LOC-012,3.7,26
2026-02-27,LOC-012,4.3,9
2026-02-28,LOC-012,4.7,14
2026-02-28,LOC-012,4.6,20
2026-02-28,LOC-012,4.3,36
2026-02-28,LOC-012,4.5,1
2026-02-28,LOC-012,4.1,26
2026-03-01,LOC-012,4.9,12
2026-03-02,LOC-012,4.7,16
2026-03-02,LOC-012,4.6,5
2026-03-02,LOC-012,4.7,28
2026-03-02,LOC-012,4.2,2
2026-03-02,LOC-012,4.0,15
2026-03-02,LOC-012,4.2,4
2026-03-02,LOC-012,5.0,45
2026-03-03,LOC-012,4.5,14
2026-03-04,LOC-012,4.7,24
2026-03-04,LOC-012,4.7,13
2026-03-04,LOC-012,4.3,13
2026-03-04,LOC-012,5.0,56
2026-03-04,LOC-012,4.3,6
2026-03-05,LOC-012,4.4,22
2026-03-05,LOC-012,4.6,28
2026-03-05,LOC-012,4.0,3
2026-03-05,LOC-012,4.4,4
2026-03-05,LOC-012,3.9,13
2026-03-05,LOC-012,4.2,10
2026-03-05,LOC-012,5.0,23
2026-03-06,LOC-012,4.6,19
2026-03-06,LOC-012,5.0,28
2026-03-06,LOC-012,4.1,25
2026-03-06,LOC-012,4.5,40
2026-03-06,LOC-012,4.1,18
2026-03-07,LOC-012,4.1,2
2026-03-07,LOC-012,4.9,1
2026-03-07,LOC-012,4.5,26
2026-03-07,LOC-012,5.0,23
2026-03-07,LOC-012,5.0,24
2026-03-08,LOC-012,5.0,1
2026-03-09,LOC-012,4.5,1
2026-03-09,LOC-012,4.4,24
2026-03-10,LOC-012,3.9,8
2026-03-10,LOC-012,4.3,1
2026-03-11,LOC-012,4.1,13
2026-03-12,LOC-012,4.5,13
2026-03-12,LOC-012,4.4,15
2026-03-13,LOC-012,4.6,30
2026-03-13,LOC-012,4.7,8
2026-03-13,LOC-012,4.9,15
2026-03-14,LOC-012,4.6,21
2026-03-15,LOC-012,4.2,8
2026-03-16,LOC-012,3.7,33
2026-03-16,LOC-012,4.9,5
2026-03-16,LOC-012,3.0,6
2026-03-16,LOC-012,3.6,1
2026-03-16,LOC-012,4.6,1
2026-03-16,LOC-012,5.0,5
2026-03-17,LOC-012,3.9,18
2026-03-17,LOC-012,4.9,12
2026-03-18,LOC-012,5.0,56
2026-03-18,LOC-012,5.0,16
2026-03-18,LOC-012,4.1,10
2026-03-19,LOC-012,5.0,1
2026-03-19,LOC-012,5.0,7
2026-03-19,LOC-012,4.7,4
2026-03-19,LOC-012,5.0,12
2026-03-20,LOC-012,3.6,48
2026-03-21,LOC-012,4.4,8
2026-03-22,LOC-012,3.4,26
2026-03-22,LOC-012,4.5,6
2026-03-24,LOC-012,3.9,20
2026-03-24,LOC-012,4.3,40
2026-03-24,LOC-012,4.0,2
2026-03-25,LOC-012,4.3,1
2026-03-27,LOC-012,3.6,21
2026-03-27,LOC-012,4.7,11
2026-03-27,LOC-012,4.4,41
2026-03-27,LOC-012,4.7,1
2026-03-28,LOC-012,5.0,7
2026-03-29,LOC-012,4.2,7
2026-03-29,LOC-012,4.4,2
2026-03-30,LOC-012,5.0,9
2026-03-30,LOC-012,4.5,1
2026-03-30,LOC-012,4.1,4
2026-03-31,LOC-012,4.9,37
2026-03-31,LOC-012,3.8,8
2026-03-31,LOC-012,4.1,4
2026-03-31,LOC-012,5.0,3
2026-04-01,LOC-012,4.4,22
2026-04-01,LOC-012,5.0,5
2026-04-03,LOC-012,4.4,33
2026-04-03,LOC-012,4.4,7
2026-04-03,LOC-012,5.0,9
2026-04-04,LOC-012,4.5,4
2026-04-04,LOC-012,4.3,2
2026-04-04,LOC-012,4.2,12
2026-04-04,LOC-012,4.1,1
2026-04-05,LOC-012,4.9,19
2026-04-05,LOC-012,3.9,5
2026-04-05,LOC-012,5.0,12
2026-04-06,LOC-012,4.4,8
2026-04-06,LOC-012,4.0,61
2026-04-07,LOC-012,4.6,5
2026-04-07,LOC-012,4.5,8
2026-04-07,LOC-012,4.1,35
2026-04-08,LOC-012,4.5,12
2026-04-08,LOC-012,4.6,17
2026-04-09,LOC-012,4.8,36
2026-04-09,LOC-012,4.2,1
2026-04-10,LOC-012,4.9,12
2026-04-10,LOC-012,3.6,7
2026-04-10,LOC-012,4.8,3
2026-04-10,LOC-012,4.5,1
2026-04-12,LOC-012,4.7,27
2026-04-12,LOC-012,4.8,24
2026-04-12,LOC-012,4.0,10
2026-04-13,LOC-012,4.4,26
2026-04-13,LOC-012,4.4,41
2026-04-13,LOC-012,4.6,20
2026-04-13,LOC-012,5.0,14
2026-04-13,LOC-012,4.8,2
2026-04-13,LOC-012,3.8,1
2026-04-14,LOC-012,5.0,21
2026-04-14,LOC-012,5.0,25
2026-04-15,LOC-012,4.1,25
2026-04-15,LOC-012,4.3,26
2026-04-15,LOC-012,4.2,20
2026-04-15,LOC-012,4.5,4
2026-04-15,LOC-012,4.0,8
2026-04-15,LOC-012,4.8,4
2026-04-15,LOC-012,4.4,6
2026-04-16,LOC-012,4.7,10
2026-04-16,LOC-012,5.0,1
2026-04-16,LOC-012,3.7,30
2026-04-16,LOC-012,4.3,2
2026-04-16,LOC-012,4.6,11
2026-04-17,LOC-012,4.0,23
2026-04-17,LOC-012,5.0,9
2026-04-18,LOC-012,4.3,37
2026-04-18,LOC-012,4.8,15
2026-04-19,LOC-012,4.9,10
2026-04-19,LOC-012,4.0,45
2026-04-20,LOC-012,3.9,4
2026-04-20,LOC-012,4.3,33
2026-04-20,LOC-012,5.0,10
2026-04-21,LOC-012,3.4,1
2026-04-21,LOC-012,4.6,2
2026-04-21,LOC-012,5.0,2
2026-04-21,LOC-012,4.1,10
2026-04-21,LOC-012,4.4,18
2026-04-21,LOC-012,4.7,39
2026-04-22,LOC-012,4.8,7
2026-04-22,LOC-012,3.8,6
2026-04-22,LOC-012,5.0,1
2026-04-23,LOC-012,5.0,24
2026-04-23,LOC-012,4.4,50
2026-04-23,LOC-012,3.8,7
2026-04-24,LOC-012,3.8,26
2026-04-24,LOC-012,5.0,2
2026-04-24,LOC-012,4.6,28
2026-04-24,LOC-012,4.5,1
2026-04-25,LOC-012,4.5,25
2026-04-25,LOC-012,3.9,18
2026-04-25,LOC-012,4.0,63
2026-04-25,LOC-012,3.9,19
2026-04-26,LOC-012,4.8,5
2026-04-26,LOC-012,4.0,1
2026-04-27,LOC-012,4.3,4
2026-04-27,LOC-012,4.1,2
2026-04-27,LOC-012,4.7,9
2026-04-28,LOC-012,5.0,3
2026-04-28,LOC-012,4.3,27
2026-04-29,LOC-012,5.0,16
2026-04-29,LOC-012,5.0,12
2026-04-30,LOC-012,4.1,15
2026-04-30,LOC-012,4.6,1
2026-04-30,LOC-012,4.2,5
2026-04-30,LOC-012,4.1,4
2026-04-30,LOC-012,4.8,20
2026-05-02,LOC-012,4.1,3
2026-05-02,LOC-012,4.7,21
2026-05-03,LOC-012,3.9,18
2026-05-03,LOC-012,3.3,1
2026-05-04,LOC-012,4.7,1
2026-05-04,LOC-012,4.8,6
2026-05-04,LOC-012,4.5,7
2026-05-04,LOC-012,5.0,1
2026-05-05,LOC-012,5.0,8
2026-05-05,LOC-012,5.0,18
2026-05-05,LOC-012,4.2,5
2026-05-05,LOC-012,4.0,12
2026-05-05,LOC-012,4.0,2
2026-05-06,LOC-012,3.8,33
2026-05-06,LOC-012,3.9,5
2026-05-06,LOC-012,5.0,14
2026-05-07,LOC-012,4.2,9
2026-05-07,LOC-012,4.2,4
2026-05-07,LOC-012,4.7,9
2026-05-08,LOC-012,5.0,18
2026-05-08,LOC-012,5.0,7
2026-05-09,LOC-012,4.8,39
2026-05-09,LOC-012,4.7,18
2026-05-09,LOC-012,4.7,3
2026-05-09,LOC-012,4.0,11
2026-05-09,LOC-012,5.0,15
2026-05-10,LOC-012,4.7,32
2026-05-10,LOC-012,4.4,1
2026-05-10,LOC-012,3.6,15
2026-05-11,LOC-012,4.8,9
2026-05-11,LOC-012,4.6,4
2026-05-11,LOC-012,5.0,31
2026-05-11,LOC-012,4.0,24
2026-05-11,LOC-012,3.9,41
2026-05-11,LOC-012,4.4,2
2026-05-12,LOC-012,5.0,15
2026-05-13,LOC-012,4.4,13
2026-05-14,LOC-012,5.0,29
2026-05-14,LOC-012,4.7,7
2026-05-15,LOC-012,4.4,1
2026-05-15,LOC-012,4.8,1
2026-05-15,LOC-012,3.6,1
2026-05-15,LOC-012,3.9,3
2026-05-16,LOC-012,3.8,7
2026-05-17,LOC-012,4.4,2
2026-05-17,LOC-012,4.1,7
2026-05-18,LOC-012,5.0,10
2026-05-19,LOC-012,5.0,6
2026-05-20,LOC-012,4.4,1
2026-05-20,LOC-012,4.5,30
2026-05-20,LOC-012,3.9,14
2026-05-20,LOC-012,5.0,1
2026-05-20,LOC-012,4.6,2
2026-05-21,LOC-012,5.0,3
2026-05-21,LOC-012,4.2,12
2026-05-21,LOC-012,4.9,7
2026-05-21,LOC-012,4.6,2
2026-05-21,LOC-012,4.0,6
2026-05-22,LOC-012,4.7,28
2026-05-23,LOC-012,4.5,1
2026-05-23,LOC-012,4.6,6
2026-05-23,LOC-012,4.0,1
2026-05-23,LOC-012,4.6,18
2026-05-23,LOC-012,4.6,9
2026-05-24,LOC-012,4.4,8
2026-05-24,LOC-012,4.7,18
2026-05-25,LOC-012,4.5,39
2026-05-25,LOC-012,5.0,1
2026-05-25,LOC-012,3.9,5
2026-05-25,LOC-012,4.3,2
2026-05-25,LOC-012,4.1,13
2026-05-26,LOC-012,3.9,62
2026-05-26,LOC-012,5.0,29
2026-05-26,LOC-012,4.3,20
2026-05-26,LOC-012,4.5,1
2026-05-27,LOC-012,5.0,14
2026-05-27,LOC-012,3.6,14
2026-05-28,LOC-012,5.0,79
2026-05-28,LOC-012,4.7,13
2026-05-29,LOC-012,3.7,12
2026-05-29,LOC-012,4.0,18
2026-05-30,LOC-012,4.3,1
2026-05-30,LOC-012,4.9,22
2026-05-30,LOC-012,4.1,2
2026-05-31,LOC-012,4.5,6
2026-05-31,LOC-012,4.9,3
2026-05-31,LOC-012,4.9,8
2026-05-31,LOC-012,4.7,68
2026-06-01,LOC-012,4.2,2
2026-06-02,LOC-012,4.5,4
2026-06-02,LOC-012,3.7,4
2026-06-02,LOC-012,4.4,68
2026-06-03,LOC-012,4.8,35
2026-06-03,LOC-012,4.3,10
2026-06-03,LOC-012,4.0,20
2026-06-04,LOC-012,4.6,23
2026-06-04,LOC-012,5.0,3
2026-06-04,LOC-012,5.0,12
2026-06-05,LOC-012,4.5,10
2026-06-05,LOC-012,4.4,7
2026-06-06,LOC-012,4.6,4
2026-06-06,LOC-012,3.4,21
2026-06-07,LOC-012,4.5,62
2026-06-07,LOC-012,4.6,8
2026-06-08,LOC-012,4.5,28
2026-06-08,LOC-012,4.7,9
2026-06-08,LOC-012,3.9,19
2026-06-08,LOC-012,4.8,8
2026-06-09,LOC-012,4.6,7
2026-06-09,LOC-012,4.0,32
2026-06-10,LOC-012,5.0,13
2026-06-11,LOC-012,4.6,7
2026-06-11,LOC-012,4.2,53
2026-06-11,LOC-012,4.2,31
2026-06-11,LOC-012,4.9,9
2026-06-12,LOC-012,4.2,3
2026-06-12,LOC-012,3.4,5
2026-06-12,LOC-012,4.5,7
2026-06-13,LOC-012,4.2,1
2026-06-13,LOC-012,3.9,4
2026-06-14,LOC-012,4.3,8
2026-06-14,LOC-012,4.5,2
2026-06-14,LOC-012,4.4,14
2026-06-15,LOC-012,4.1,36
2026-06-15,LOC-012,4.1,22
2026-06-16,LOC-012,4.1,8
2026-06-16,LOC-012,4.6,4
2026-06-16,LOC-012,4.7,9
2026-06-17,LOC-012,4.8,2
2026-06-17,LOC-012,4.2,1
2026-06-17,LOC-012,4.3,14
2026-06-18,LOC-012,4.5,7
2026-06-18,LOC-012,3.5,6
2026-06-18,LOC-012,4.7,3
2026-06-18,LOC-012,5.0,72
2026-06-20,LOC-012,4.9,1
2026-06-21,LOC-012,4.3,3
2026-06-21,LOC-012,4.6,1
2026-06-21,LOC-012,4.4,6
2026-06-22,LOC-012,4.0,2
2026-06-23,LOC-012,4.1,6
2026-06-23,LOC-012,3.9,7
2026-06-23,LOC-012,4.8,20
2026-06-25,LOC-012,3.9,12
2026-06-26,LOC-012,4.2,7
2026-06-26,LOC-012,5.0,5
2026-06-27,LOC-012,5.0,5
2026-06-27,LOC-012,5.0,1
2026-06-27,LOC-012,4.0,25
2026-06-27,LOC-012,5.0,11
2026-06-28,LOC-012,4.5,1
2026-06-28,LOC-012,5.0,13
2026-06-28,LOC-012,4.5,7
2026-06-28,LOC-012,4.6,20
2026-06-29,LOC-012,3.8,12
2026-06-30,LOC-012,4.3,1
2026-06-30,LOC-012,4.2,9
2026-06-30,LOC-012,4.5,1
2026-01-01,LOC-013,5.0,5
2026-01-01,LOC-013,5.0,5
2026-01-02,LOC-013,5.0,1
2026-01-02,LOC-013,4.6,4
2026-01-02,LOC-013,4.5,4
2026-01-02,LOC-013,4.4,5
2026-01-02,LOC-013,5.0,29
2026-01-03,LOC-013,4.6,26
2026-01-03,LOC-013,5.0,16
2026-01-03,LOC-013,4.4,1
2026-01-04,LOC-013,3.5,35
2026-01-05,LOC-013,5.0,58
2026-01-05,LOC-013,4.1,11
2026-01-05,LOC-013,4.0,15
2026-01-05,LOC-013,4.1,1
2026-01-06,LOC-013,4.3,5
2026-01-06,LOC-013,4.4,18
2026-01-07,LOC-013,4.5,1
2026-01-07,LOC-013,5.0,37
2026-01-07,LOC-013,4.2,29
2026-01-08,LOC-013,4.6,1
2026-01-08,LOC-013,3.9,23
2026-01-08,LOC-013,4.1,1
2026-01-08,LOC-013,4.2,17
2026-01-09,LOC-013,4.8,18
2026-01-09,LOC-013,4.3,3
2026-01-09,LOC-013,5.0,6
2026-01-10,LOC-013,4.6,11
2026-01-11,LOC-013,4.6,12
2026-01-11,LOC-013,4.6,13
2026-01-11,LOC-013,4.2,7
2026-01-11,LOC-013,4.2,11
2026-01-12,LOC-013,4.9,3
2026-01-13,LOC-013,5.0,6
2026-01-13,LOC-013,4.4,25
2026-01-13,LOC-013,3.2,3
2026-01-16,LOC-013,4.8,1
2026-01-16,LOC-013,4.5,29
2026-01-17,LOC-013,4.6,38
2026-01-18,LOC-013,5.0,1
2026-01-18,LOC-013,5.0,1
2026-01-19,LOC-013,4.7,10
2026-01-19,LOC-013,4.9,1
2026-01-19,LOC-013,4.6,26
2026-01-20,LOC-013,4.4,12
2026-01-21,LOC-013,4.7,1
2026-01-21,LOC-013,4.1,13
2026-01-22,LOC-013,5.0,12
2026-01-23,LOC-013,4.9,13
2026-01-24,LOC-013,5.0,2
2026-01-24,LOC-013,4.9,12
2026-01-24,LOC-013,3.6,3
2026-01-25,LOC-013,5.0,1
2026-01-25,LOC-013,4.8,27
2026-01-26,LOC-013,4.8,4
2026-01-26,LOC-013,5.0,6
2026-01-26,LOC-013,4.9,4
2026-01-26,LOC-013,4.2,13
2026-01-26,LOC-013,4.0,1
2026-01-26,LOC-013,4.4,11
2026-01-27,LOC-013,4.1,10
2026-01-27,LOC-013,5.0,18
2026-01-28,LOC-013,3.6,10
2026-01-28,LOC-013,4.6,25
2026-01-28,LOC-013,4.8,7
2026-01-28,LOC-013,4.4,22
2026-01-28,LOC-013,4.2,28
2026-01-28,LOC-013,4.4,10
2026-01-29,LOC-013,5.0,12
2026-01-29,LOC-013,5.0,10
2026-01-30,LOC-013,4.4,17
2026-01-30,LOC-013,5.0,4
2026-01-31,LOC-013,4.7,41
2026-01-31,LOC-013,4.8,48
2026-01-31,LOC-013,4.1,5
2026-01-31,LOC-013,5.0,15
2026-01-31,LOC-013,5.0,21
2026-02-01,LOC-013,4.5,1
2026-02-01,LOC-013,5.0,2
2026-02-02,LOC-013,4.5,17
2026-02-02,LOC-013,4.2,8
2026-02-03,LOC-013,5.0,35
2026-02-03,LOC-013,4.3,30
2026-02-03,LOC-013,4.2,29
2026-02-04,LOC-013,4.0,2
2026-02-04,LOC-013,4.4,14
2026-02-05,LOC-013,5.0,38
2026-02-06,LOC-013,5.0,20
2026-02-06,LOC-013,4.8,3
2026-02-07,LOC-013,5.0,34
2026-02-08,LOC-013,4.8,5
2026-02-08,LOC-013,4.8,15
2026-02-08,LOC-013,3.7,24
2026-02-08,LOC-013,5.0,12
2026-02-08,LOC-013,5.0,11
2026-02-09,LOC-013,4.0,7
2026-02-09,LOC-013,4.4,13
2026-02-09,LOC-013,5.0,38
2026-02-09,LOC-013,4.5,9
2026-02-10,LOC-013,5.0,17
2026-02-10,LOC-013,4.8,34
2026-02-10,LOC-013,4.9,45
2026-02-10,LOC-013,5.0,7
2026-02-11,LOC-013,4.8,4
2026-02-11,LOC-013,4.4,8
2026-02-11,LOC-013,4.9,1
2026-02-11,LOC-013,5.0,6
2026-02-11,LOC-013,4.3,11
2026-02-11,LOC-013,4.7,30
2026-02-12,LOC-013,4.2,10
2026-02-12,LOC-013,5.0,21
2026-02-12,LOC-013,4.9,8
2026-02-12,LOC-013,4.8,56
2026-02-13,LOC-013,4.5,1
2026-02-13,LOC-013,4.3,3
2026-02-13,LOC-013,4.7,6
2026-02-13,LOC-013,4.5,12
2026-02-13,LOC-013,4.0,17
2026-02-13,LOC-013,4.7,8
2026-02-14,LOC-013,4.1,20
2026-02-15,LOC-013,5.0,25
2026-02-15,LOC-013,3.6,5
2026-02-15,LOC-013,4.5,6
2026-02-15,LOC-013,4.4,8
2026-02-15,LOC-013,4.5,9
2026-02-16,LOC-013,4.4,13
2026-02-16,LOC-013,5.0,1
2026-02-17,LOC-013,4.1,3
2026-02-17,LOC-013,4.3,64
2026-02-17,LOC-013,3.8,5
2026-02-18,LOC-013,4.3,2
2026-02-18,LOC-013,4.4,22
2026-02-19,LOC-013,4.6,61
2026-02-19,LOC-013,3.8,24
2026-02-19,LOC-013,4.8,1
2026-02-20,LOC-013,4.0,1
2026-02-20,LOC-013,4.8,11
2026-02-20,LOC-013,4.1,2
2026-02-20,LOC-013,4.5,1
2026-02-20,LOC-013,4.7,24
2026-02-21,LOC-013,4.9,4
2026-02-21,LOC-013,3.7,4
2026-02-21,LOC-013,4.4,11
2026-02-21,LOC-013,5.0,5
2026-02-21,LOC-013,3.8,1
2026-02-22,LOC-013,3.6,51
2026-02-22,LOC-013,5.0,10
2026-02-22,LOC-013,4.2,1
2026-02-22,LOC-013,4.4,4
2026-02-23,LOC-013,4.8,27
2026-02-23,LOC-013,3.4,10
2026-02-23,LOC-013,4.8,16
2026-02-23,LOC-013,5.0,12
2026-02-23,LOC-013,5.0,1
2026-02-23,LOC-013,4.8,2
2026-02-23,LOC-013,4.4,41
2026-02-23,LOC-013,4.7,7
2026-02-24,LOC-013,5.0,22
2026-02-24,LOC-013,4.6,6
2026-02-24,LOC-013,3.6,3
2026-02-25,LOC-013,4.7,3
2026-02-25,LOC-013,4.2,9
2026-02-25,LOC-013,4.4,6
2026-02-25,LOC-013,5.0,1
2026-02-26,LOC-013,4.7,19
2026-02-27,LOC-013,5.0,7
2026-02-27,LOC-013,4.8,3
2026-02-27,LOC-013,4.7,31
2026-02-27,LOC-013,4.2,22
2026-02-28,LOC-013,4.9,22
2026-02-28,LOC-013,4.6,3
2026-02-28,LOC-013,4.5,11
2026-02-28,LOC-013,5.0,5
2026-03-01,LOC-013,4.7,10
2026-03-01,LOC-013,5.0,3
2026-03-01,LOC-013,4.7,1
2026-03-01,LOC-013,5.0,7
2026-03-01,LOC-013,4.1,17
2026-03-02,LOC-013,4.8,14
2026-03-02,LOC-013,4.6,3
2026-03-02,LOC-013,5.0,1
2026-03-02,LOC-013,4.8,16
2026-03-02,LOC-013,3.9,7
2026-03-03,LOC-013,4.4,20
2026-03-03,LOC-013,4.1,15
2026-03-04,LOC-013,4.4,13
2026-03-04,LOC-013,4.8,7
2026-03-04,LOC-013,4.9,15
2026-03-04,LOC-013,3.6,8
2026-03-05,LOC-013,4.6,42
2026-03-05,LOC-013,4.1,5
2026-03-05,LOC-013,3.7,13
2026-03-06,LOC-013,4.3,8
2026-03-06,LOC-013,4.1,5
2026-03-06,LOC-013,5.0,46
2026-03-07,LOC-013,5.0,3
2026-03-07,LOC-013,4.8,16
2026-03-07,LOC-013,4.9,7
2026-03-07,LOC-013,5.0,22
2026-03-07,LOC-013,4.6,6
2026-03-07,LOC-013,4.1,10
2026-03-07,LOC-013,4.2,1
2026-03-07,LOC-013,5.0,3
2026-03-07,LOC-013,5.0,3
2026-03-07,LOC-013,5.0,82
2026-03-07,LOC-013,5.0,2
2026-03-07,LOC-013,5.0,34
2026-03-08,LOC-013,4.9,22
2026-03-08,LOC-013,4.4,7
2026-03-08,LOC-013,4.5,1
2026-03-09,LOC-013,4.8,1
2026-03-09,LOC-013,4.1,1
2026-03-09,LOC-013,4.8,14
2026-03-09,LOC-013,5.0,36
2026-03-10,LOC-013,5.0,25
2026-03-10,LOC-013,4.7,18
2026-03-10,LOC-013,5.0,83
2026-03-10,LOC-013,5.0,1
2026-03-10,LOC-013,4.9,1
2026-03-10,LOC-013,4.2,1
2026-03-10,LOC-013,4.3,7
2026-03-11,LOC-013,3.9,7
2026-03-12,LOC-013,4.8,1
2026-03-12,LOC-013,4.6,10
2026-03-12,LOC-013,4.0,23
2026-03-13,LOC-013,4.1,18
2026-03-13,LOC-013,5.0,12
2026-03-13,LOC-013,4.0,2
2026-03-14,LOC-013,4.9,7
2026-03-14,LOC-013,4.5,1
2026-03-14,LOC-013,4.4,21
2026-03-15,LOC-013,5.0,34
2026-03-15,LOC-013,4.4,1
2026-03-15,LOC-013,5.0,31
2026-03-15,LOC-013,4.8,11
2026-03-15,LOC-013,5.0,17
2026-03-15,LOC-013,4.3,1
2026-03-15,LOC-013,5.0,1
2026-03-16,LOC-013,4.1,30
2026-03-16,LOC-013,4.0,8
2026-03-17,LOC-013,5.0,52
2026-03-18,LOC-013,4.5,2
2026-03-18,LOC-013,5.0,1
2026-03-18,LOC-013,5.0,14
2026-03-18,LOC-013,4.0,4
2026-03-18,LOC-013,4.6,71
2026-03-18,LOC-013,4.6,39
2026-03-19,LOC-013,4.2,9
2026-03-20,LOC-013,4.9,11
2026-03-20,LOC-013,4.3,67
2026-03-20,LOC-013,4.8,3
2026-03-21,LOC-013,5.0,13
2026-03-21,LOC-013,4.5,4
2026-03-21,LOC-013,5.0,10
2026-03-22,LOC-013,4.0,14
2026-03-23,LOC-013,4.7,1
2026-03-23,LOC-013,4.3,12
2026-03-23,LOC-013,4.7,5
2026-03-23,LOC-013,4.7,13
2026-03-23,LOC-013,4.5,8
2026-03-24,LOC-013,4.9,4
2026-03-25,LOC-013,4.4,13
2026-03-26,LOC-013,5.0,8
2026-03-26,LOC-013,4.0,51
2026-03-27,LOC-013,4.2,7
2026-03-27,LOC-013,5.0,8
2026-03-28,LOC-013,4.7,49
2026-03-29,LOC-013,4.5,15
2026-03-29,LOC-013,4.6,21
2026-03-29,LOC-013,4.2,3
2026-03-29,LOC-013,4.4,1
2026-03-29,LOC-013,5.0,24
2026-03-30,LOC-013,4.4,73
2026-03-30,LOC-013,4.7,25
2026-03-30,LOC-013,4.4,34
2026-03-30,LOC-013,4.0,31
2026-03-31,LOC-013,4.1,1
2026-03-31,LOC-013,5.0,16
2026-04-01,LOC-013,4.4,2
2026-04-01,LOC-013,5.0,45
2026-04-02,LOC-013,4.1,32
2026-04-02,LOC-013,4.8,32
2026-04-02,LOC-013,5.0,3
2026-04-02,LOC-013,4.3,63
2026-04-02,LOC-013,4.1,1
2026-04-02,LOC-013,4.7,14
2026-04-03,LOC-013,4.1,16
2026-04-04,LOC-013,3.8,4
2026-04-04,LOC-013,4.5,11
2026-04-04,LOC-013,4.5,5
2026-04-04,LOC-013,4.1,16
2026-04-05,LOC-013,4.6,12
2026-04-05,LOC-013,4.2,3
2026-04-06,LOC-013,4.6,39
2026-04-06,LOC-013,4.4,12
2026-04-07,LOC-013,4.0,11
2026-04-07,LOC-013,4.8,1
2026-04-09,LOC-013,5.0,2
2026-04-09,LOC-013,4.6,28
2026-04-09,LOC-013,4.5,18
2026-04-09,LOC-013,5.0,16
2026-04-09,LOC-013,4.0,18
2026-04-10,LOC-013,4.6,42
2026-04-10,LOC-013,5.0,1
2026-04-11,LOC-013,4.1,39
2026-04-11,LOC-013,4.3,9
2026-04-11,LOC-013,4.9,13
2026-04-11,LOC-013,4.7,3
2026-04-12,LOC-013,4.7,5
2026-04-12,LOC-013,5.0,2
2026-04-13,LOC-013,5.0,13
2026-04-13,LOC-013,4.0,4
2026-04-14,LOC-013,4.8,46
2026-04-14,LOC-013,3.8,7
2026-04-14,LOC-013,5.0,47
2026-04-15,LOC-013,5.0,3
2026-04-15,LOC-013,4.0,24
2026-04-15,LOC-013,5.0,5
2026-04-15,LOC-013,4.5,36
2026-04-16,LOC-013,4.0,27
2026-04-16,LOC-013,5.0,16
2026-04-16,LOC-013,4.5,52
2026-04-16,LOC-013,5.0,6
2026-04-17,LOC-013,4.1,4
2026-04-17,LOC-013,4.4,6
2026-04-17,LOC-013,3.5,5
2026-04-18,LOC-013,4.0,3
2026-04-18,LOC-013,3.8,33
2026-04-18,LOC-013,4.1,2
2026-04-19,LOC-013,4.9,11
2026-04-19,LOC-013,4.6,17
2026-04-19,LOC-013,4.6,3
2026-04-19,LOC-013,4.4,1
2026-04-20,LOC-013,4.5,12
2026-04-20,LOC-013,5.0,24
2026-04-20,LOC-013,5.0,16
2026-04-20,LOC-013,5.0,10
2026-04-20,LOC-013,5.0,3
2026-04-21,LOC-013,4.7,15
2026-04-21,LOC-013,3.9,5
2026-04-22,LOC-013,4.7,4
2026-04-22,LOC-013,4.5,1
2026-04-22,LOC-013,4.7,1
2026-04-23,LOC-013,4.3,3
2026-04-24,LOC-013,4.0,3
2026-04-24,LOC-013,4.4,3
2026-04-24,LOC-013,3.8,3
2026-04-25,LOC-013,4.1,3
2026-04-25,LOC-013,4.8,2
2026-04-25,LOC-013,4.1,1
2026-04-25,LOC-013,5.0,28
2026-04-25,LOC-013,4.0,7
2026-04-26,LOC-013,4.6,10
2026-04-26,LOC-013,4.7,1
2026-04-26,LOC-013,4.5,6
2026-04-26,LOC-013,4.8,1
2026-04-26,LOC-013,4.4,7
2026-04-26,LOC-013,4.2,17
2026-04-26,LOC-013,5.0,9
2026-04-26,LOC-013,4.3,5
2026-04-26,LOC-013,5.0,23
2026-04-26,LOC-013,3.9,6
2026-04-26,LOC-013,5.0,1
2026-04-27,LOC-013,4.8,7
2026-04-27,LOC-013,4.0,17
2026-04-27,LOC-013,4.9,4
2026-04-27,LOC-013,5.0,20
2026-04-28,LOC-013,4.8,15
2026-04-28,LOC-013,4.7,35
2026-04-29,LOC-013,4.1,6
2026-04-29,LOC-013,4.4,3
2026-04-29,LOC-013,4.0,21
2026-04-29,LOC-013,5.0,75
2026-04-30,LOC-013,4.4,12
2026-04-30,LOC-013,3.7,1
2026-04-30,LOC-013,4.7,1
2026-05-01,LOC-013,4.3,5
2026-05-01,LOC-013,4.7,1
2026-05-02,LOC-013,5.0,3
2026-05-02,LOC-013,4.8,21
2026-05-02,LOC-013,4.4,55
2026-05-03,LOC-013,5.0,30
2026-05-04,LOC-013,4.7,6
2026-05-04,LOC-013,5.0,20
2026-05-05,LOC-013,5.0,4
2026-05-05,LOC-013,4.7,6
2026-05-05,LOC-013,5.0,10
2026-05-05,LOC-013,5.0,2
2026-05-05,LOC-013,5.0,19
2026-05-06,LOC-013,5.0,68
2026-05-06,LOC-013,4.6,44
2026-05-06,LOC-013,4.9,34
2026-05-06,LOC-013,4.4,1
2026-05-06,LOC-013,5.0,19
2026-05-07,LOC-013,4.1,10
2026-05-07,LOC-013,5.0,22
2026-05-07,LOC-013,4.8,17
2026-05-07,LOC-013,4.8,9
2026-05-08,LOC-013,5.0,18
2026-05-08,LOC-013,4.7,14
2026-05-08,LOC-013,4.6,3
2026-05-09,LOC-013,5.0,39
2026-05-09,LOC-013,4.8,11
2026-05-09,LOC-013,4.6,16
2026-05-10,LOC-013,5.0,1
2026-05-10,LOC-013,5.0,3
2026-05-10,LOC-013,5.0,11
2026-05-10,LOC-013,4.2,4
2026-05-11,LOC-013,5.0,41
2026-05-11,LOC-013,4.2,4
2026-05-11,LOC-013,4.7,14
2026-05-11,LOC-013,3.8,4
2026-05-11,LOC-013,4.4,9
2026-05-11,LOC-013,5.0,14
2026-05-12,LOC-013,4.7,5
2026-05-12,LOC-013,4.9,7
2026-05-13,LOC-013,4.6,38
2026-05-13,LOC-013,4.8,49
2026-05-13,LOC-013,4.9,1
2026-05-14,LOC-013,5.0,16
2026-05-14,LOC-013,5.0,1
2026-05-15,LOC-013,4.3,61
2026-05-16,LOC-013,4.0,3
2026-05-16,LOC-013,4.6,31
2026-05-17,LOC-013,4.2,15
2026-05-17,LOC-013,5.0,1
2026-05-17,LOC-013,4.9,1
2026-05-17,LOC-013,4.4,18
2026-05-17,LOC-013,4.6,1
2026-05-17,LOC-013,3.7,19
2026-05-17,LOC-013,5.0,14
2026-05-18,LOC-013,4.8,23
2026-05-18,LOC-013,4.2,13
2026-05-19,LOC-013,3.7,32
2026-05-19,LOC-013,4.8,5
2026-05-19,LOC-013,4.8,1
2026-05-20,LOC-013,5.0,10
2026-05-20,LOC-013,4.0,21
2026-05-20,LOC-013,4.5,22
2026-05-21,LOC-013,4.2,13
2026-05-21,LOC-013,5.0,15
2026-05-21,LOC-013,4.8,1
2026-05-21,LOC-013,4.1,16
2026-05-22,LOC-013,4.6,2
2026-05-23,LOC-013,4.7,14
2026-05-23,LOC-013,5.0,3
2026-05-23,LOC-013,4.7,11
2026-05-23,LOC-013,3.8,7
2026-05-23,LOC-013,4.7,15
2026-05-23,LOC-013,5.0,6
2026-05-23,LOC-013,4.9,13
2026-05-24,LOC-013,4.5,12
2026-05-24,LOC-013,5.0,17
2026-05-24,LOC-013,4.8,29
2026-05-24,LOC-013,4.8,21
2026-05-25,LOC-013,4.4,12
2026-05-25,LOC-013,4.4,7
2026-05-27,LOC-013,4.1,10
2026-05-27,LOC-013,4.3,6
2026-05-27,LOC-013,5.0,10
2026-05-28,LOC-013,4.2,9
2026-05-28,LOC-013,3.8,13
2026-05-29,LOC-013,4.7,12
2026-05-29,LOC-013,5.0,1
2026-05-29,LOC-013,3.8,7
2026-05-29,LOC-013,5.0,23
2026-05-30,LOC-013,5.0,4
2026-05-30,LOC-013,5.0,31
2026-05-30,LOC-013,4.7,19
2026-05-30,LOC-013,4.0,23
2026-05-31,LOC-013,4.3,8
2026-06-01,LOC-013,4.8,3
2026-06-01,LOC-013,5.0,1
2026-06-01,LOC-013,3.9,9
2026-06-01,LOC-013,3.6,6
2026-06-01,LOC-013,4.8,2
2026-06-02,LOC-013,5.0,1
2026-06-02,LOC-013,5.0,43
2026-06-02,LOC-013,4.2,8
2026-06-02,LOC-013,4.6,13
2026-06-03,LOC-013,4.8,4
2026-06-04,LOC-013,4.4,1
2026-06-04,LOC-013,5.0,29
2026-06-05,LOC-013,4.3,67
2026-06-05,LOC-013,4.3,11
2026-06-05,LOC-013,4.5,23
2026-06-05,LOC-013,4.6,19
2026-06-06,LOC-013,3.7,5
2026-06-06,LOC-013,4.6,2
2026-06-07,LOC-013,4.3,6
2026-06-07,LOC-013,5.0,20
2026-06-08,LOC-013,4.8,8
2026-06-08,LOC-013,4.4,25
2026-06-08,LOC-013,5.0,13
2026-06-08,LOC-013,4.3,1
2026-06-08,LOC-013,5.0,8
2026-06-08,LOC-013,4.1,1
2026-06-08,LOC-013,4.8,37
2026-06-09,LOC-013,5.0,17
2026-06-09,LOC-013,4.3,2
2026-06-11,LOC-013,5.0,2
2026-06-12,LOC-013,4.3,17
2026-06-12,LOC-013,5.0,1
2026-06-12,LOC-013,4.9,17
2026-06-12,LOC-013,4.2,5
2026-06-13,LOC-013,4.6,1
2026-06-14,LOC-013,4.4,11
2026-06-15,LOC-013,3.2,4
2026-06-15,LOC-013,4.7,11
2026-06-15,LOC-013,5.0,37
2026-06-15,LOC-013,5.0,54
2026-06-15,LOC-013,3.7,4
2026-06-16,LOC-013,4.6,44
2026-06-16,LOC-013,5.0,17
2026-06-16,LOC-013,4.5,8
2026-06-16,LOC-013,5.0,1
2026-06-17,LOC-013,5.0,32
2026-06-17,LOC-013,4.7,4
2026-06-18,LOC-013,5.0,16
2026-06-18,LOC-013,4.9,8
2026-06-19,LOC-013,4.2,29
2026-06-19,LOC-013,4.4,21
2026-06-19,LOC-013,4.8,6
2026-06-19,LOC-013,4.4,5
2026-06-20,LOC-013,4.6,45
2026-06-20,LOC-013,4.2,48
2026-06-20,LOC-013,4.8,56
2026-06-21,LOC-013,4.3,9
2026-06-21,LOC-013,4.3,4
2026-06-22,LOC-013,4.0,18
2026-06-22,LOC-013,5.0,3
2026-06-22,LOC-013,4.1,6
2026-06-22,LOC-013,4.5,1
2026-06-22,LOC-013,4.2,4
2026-06-22,LOC-013,3.9,19
2026-06-22,LOC-013,4.3,3
2026-06-23,LOC-013,4.7,25
2026-06-24,LOC-013,4.7,7
2026-06-24,LOC-013,4.7,2
2026-06-25,LOC-013,4.9,1
2026-06-25,LOC-013,5.0,1
2026-06-27,LOC-013,4.1,1
2026-06-27,LOC-013,5.0,2
2026-06-27,LOC-013,5.0,59
2026-06-27,LOC-013,4.4,21
2026-06-27,LOC-013,5.0,1
2026-06-27,LOC-013,4.8,9
2026-06-27,LOC-013,4.6,25
2026-06-28,LOC-013,5.0,13
2026-06-28,LOC-013,5.0,5
2026-06-28,LOC-013,4.0,9
2026-06-29,LOC-013,4.9,5
2026-06-29,LOC-013,4.9,1
2026-06-29,LOC-013,5.0,4
2026-06-29,LOC-013,4.7,23
2026-06-30,LOC-013,4.1,3
2026-06-30,LOC-013,4.3,4
2026-06-30,LOC-013,4.7,15
2026-06-30,LOC-013,5.0,1
2026-01-01,LOC-014,4.0,43
2026-01-02,LOC-014,4.1,1
2026-01-02,LOC-014,3.8,14
2026-01-04,LOC-014,3.9,36
2026-01-04,LOC-014,4.0,20
2026-01-05,LOC-014,4.1,28
2026-01-06,LOC-014,4.1,22
2026-01-06,LOC-014,4.4,30
2026-01-06,LOC-014,3.8,1
2026-01-06,LOC-014,4.5,1
2026-01-07,LOC-014,4.1,39
2026-01-07,LOC-014,5.0,39
2026-01-07,LOC-014,4.4,38
2026-01-08,LOC-014,4.5,1
2026-01-08,LOC-014,3.2,3
2026-01-09,LOC-014,4.3,24
2026-01-09,LOC-014,4.8,11
2026-01-10,LOC-014,3.3,38
2026-01-10,LOC-014,3.5,6
2026-01-10,LOC-014,4.1,32
2026-01-10,LOC-014,4.9,10
2026-01-11,LOC-014,4.9,27
2026-01-11,LOC-014,4.6,1
2026-01-11,LOC-014,3.7,1
2026-01-11,LOC-014,4.3,18
2026-01-11,LOC-014,5.0,6
2026-01-12,LOC-014,3.4,3
2026-01-12,LOC-014,4.7,9
2026-01-12,LOC-014,4.1,5
2026-01-12,LOC-014,4.0,2
2026-01-12,LOC-014,4.4,9
2026-01-13,LOC-014,4.0,5
2026-01-13,LOC-014,3.6,14
2026-01-13,LOC-014,5.0,8
2026-01-13,LOC-014,4.4,3
2026-01-13,LOC-014,3.5,22
2026-01-14,LOC-014,4.9,14
2026-01-14,LOC-014,4.8,11
2026-01-14,LOC-014,4.1,28
2026-01-14,LOC-014,4.0,17
2026-01-14,LOC-014,4.7,2
2026-01-15,LOC-014,4.7,7
2026-01-15,LOC-014,3.1,10
2026-01-15,LOC-014,4.0,36
2026-01-15,LOC-014,3.7,16
2026-01-15,LOC-014,4.1,10
2026-01-16,LOC-014,4.3,27
2026-01-16,LOC-014,3.9,8
2026-01-16,LOC-014,4.1,3
2026-01-16,LOC-014,4.8,60
2026-01-17,LOC-014,4.0,21
2026-01-17,LOC-014,4.4,3
2026-01-17,LOC-014,3.9,31
2026-01-19,LOC-014,3.8,2
2026-01-19,LOC-014,4.4,89
2026-01-19,LOC-014,3.3,5
2026-01-19,LOC-014,4.2,30
2026-01-20,LOC-014,4.1,1
2026-01-21,LOC-014,3.4,22
2026-01-21,LOC-014,4.8,2
2026-01-22,LOC-014,4.9,27
2026-01-22,LOC-014,5.0,20
2026-01-22,LOC-014,4.0,11
2026-01-22,LOC-014,3.6,7
2026-01-23,LOC-014,4.7,7
2026-01-23,LOC-014,4.9,11
2026-01-24,LOC-014,3.5,46
2026-01-25,LOC-014,4.2,77
2026-01-25,LOC-014,4.6,59
2026-01-25,LOC-014,4.3,21
2026-01-25,LOC-014,5.0,56
2026-01-26,LOC-014,4.0,29
2026-01-26,LOC-014,4.0,9
2026-01-26,LOC-014,4.8,10
2026-01-26,LOC-014,4.8,9
2026-01-27,LOC-014,3.6,9
2026-01-27,LOC-014,3.6,19
2026-01-27,LOC-014,4.7,8
2026-01-28,LOC-014,4.8,65
2026-01-28,LOC-014,3.9,41
2026-01-29,LOC-014,3.9,43
2026-01-29,LOC-014,4.1,29
2026-01-30,LOC-014,4.8,9
2026-01-30,LOC-014,4.5,3
2026-01-30,LOC-014,4.6,3
2026-01-30,LOC-014,3.9,14
2026-01-31,LOC-014,4.3,14
2026-01-31,LOC-014,4.5,1
2026-01-31,LOC-014,3.7,1
2026-02-01,LOC-014,3.0,15
2026-02-01,LOC-014,4.6,2
2026-02-01,LOC-014,3.8,26
2026-02-02,LOC-014,4.0,13
2026-02-02,LOC-014,4.2,8
2026-02-03,LOC-014,4.1,12
2026-02-03,LOC-014,4.4,4
2026-02-04,LOC-014,4.8,34
2026-02-05,LOC-014,4.4,21
2026-02-05,LOC-014,3.5,2
2026-02-05,LOC-014,3.5,1
2026-02-06,LOC-014,4.4,30
2026-02-06,LOC-014,5.0,2
2026-02-06,LOC-014,4.3,1
2026-02-07,LOC-014,4.5,34
2026-02-07,LOC-014,4.8,12
2026-02-07,LOC-014,3.1,18
2026-02-07,LOC-014,4.0,4
2026-02-08,LOC-014,4.3,32
2026-02-08,LOC-014,4.6,1
2026-02-08,LOC-014,4.8,21
2026-02-08,LOC-014,4.7,1
2026-02-09,LOC-014,3.9,12
2026-02-09,LOC-014,3.2,29
2026-02-09,LOC-014,4.5,13
2026-02-09,LOC-014,3.8,19
2026-02-10,LOC-014,4.2,21
2026-02-10,LOC-014,4.5,10
2026-02-11,LOC-014,4.4,16
2026-02-11,LOC-014,3.9,1
2026-02-11,LOC-014,4.5,25
2026-02-11,LOC-014,3.1,19
2026-02-12,LOC-014,4.3,5
2026-02-12,LOC-014,3.9,54
2026-02-12,LOC-014,4.1,24
2026-02-13,LOC-014,3.8,1
2026-02-13,LOC-014,4.1,1
2026-02-13,LOC-014,3.7,2
2026-02-13,LOC-014,4.1,33
2026-02-13,LOC-014,4.5,14
2026-02-14,LOC-014,4.8,42
2026-02-14,LOC-014,3.6,1
2026-02-15,LOC-014,4.9,48
2026-02-15,LOC-014,3.3,1
2026-02-15,LOC-014,4.3,2
2026-02-16,LOC-014,4.4,2
2026-02-16,LOC-014,4.0,41
2026-02-16,LOC-014,3.5,13
2026-02-17,LOC-014,3.4,34
2026-02-17,LOC-014,4.1,37
2026-02-18,LOC-014,5.0,24
2026-02-18,LOC-014,4.6,3
2026-02-18,LOC-014,4.2,3
2026-02-19,LOC-014,5.0,6
2026-02-19,LOC-014,4.7,9
2026-02-19,LOC-014,5.0,10
2026-02-19,LOC-014,3.9,39
2026-02-20,LOC-014,4.3,21
2026-02-20,LOC-014,3.9,4
2026-02-20,LOC-014,3.9,2
2026-02-21,LOC-014,3.4,18
2026-02-22,LOC-014,4.7,20
2026-02-23,LOC-014,3.8,9
2026-02-23,LOC-014,5.0,2
2026-02-23,LOC-014,4.3,12
2026-02-23,LOC-014,4.1,12
2026-02-24,LOC-014,5.0,64
2026-02-25,LOC-014,3.9,47
2026-02-25,LOC-014,4.0,73
2026-02-25,LOC-014,3.1,60
2026-02-26,LOC-014,4.7,1
2026-02-26,LOC-014,4.1,8
2026-02-26,LOC-014,4.2,14
2026-02-27,LOC-014,4.7,21
2026-02-27,LOC-014,4.3,8
2026-02-27,LOC-014,3.3,11
2026-03-01,LOC-014,3.8,14
2026-03-02,LOC-014,4.3,11
2026-03-03,LOC-014,4.3,14
2026-03-03,LOC-014,4.4,3
2026-03-03,LOC-014,5.0,36
2026-03-03,LOC-014,3.3,22
2026-03-04,LOC-014,4.1,5
2026-03-04,LOC-014,4.5,7
2026-03-04,LOC-014,4.5,16
2026-03-04,LOC-014,3.3,6
2026-03-04,LOC-014,4.5,8
2026-03-05,LOC-014,3.6,2
2026-03-05,LOC-014,3.5,16
2026-03-06,LOC-014,3.8,20
2026-03-06,LOC-014,3.9,11
2026-03-06,LOC-014,4.0,4
2026-03-07,LOC-014,4.6,6
2026-03-07,LOC-014,3.8,30
2026-03-07,LOC-014,3.5,26
2026-03-08,LOC-014,3.4,51
2026-03-08,LOC-014,3.2,16
2026-03-08,LOC-014,4.8,12
2026-03-08,LOC-014,3.6,14
2026-03-09,LOC-014,3.7,13
2026-03-09,LOC-014,4.7,7
2026-03-10,LOC-014,4.1,13
2026-03-10,LOC-014,3.5,35
2026-03-10,LOC-014,4.4,12
2026-03-10,LOC-014,4.3,3
2026-03-10,LOC-014,4.3,7
2026-03-10,LOC-014,3.5,6
2026-03-11,LOC-014,4.1,41
2026-03-11,LOC-014,4.2,14
2026-03-11,LOC-014,3.5,31
2026-03-11,LOC-014,4.7,35
2026-03-12,LOC-014,3.8,12
2026-03-13,LOC-014,3.6,14
2026-03-13,LOC-014,3.9,4
2026-03-13,LOC-014,4.0,64
2026-03-13,LOC-014,3.1,7
2026-03-14,LOC-014,4.5,1
2026-03-15,LOC-014,4.6,4
2026-03-15,LOC-014,3.7,44
2026-03-16,LOC-014,4.3,2
2026-03-16,LOC-014,4.6,37
2026-03-16,LOC-014,4.1,8
2026-03-16,LOC-014,4.1,12
2026-03-16,LOC-014,3.8,1
2026-03-16,LOC-014,3.6,5
2026-03-16,LOC-014,3.9,21
2026-03-16,LOC-014,4.2,1
2026-03-16,LOC-014,3.3,1
2026-03-17,LOC-014,4.1,7
2026-03-17,LOC-014,4.0,2
2026-03-17,LOC-014,4.7,1
2026-03-18,LOC-014,4.9,3
2026-03-18,LOC-014,4.6,15
2026-03-18,LOC-014,4.7,1
2026-03-18,LOC-014,4.9,6
2026-03-19,LOC-014,4.4,1
2026-03-19,LOC-014,4.3,44
2026-03-19,LOC-014,3.5,1
2026-03-20,LOC-014,4.3,28
2026-03-20,LOC-014,5.0,32
2026-03-20,LOC-014,3.9,67
2026-03-20,LOC-014,4.5,1
2026-03-20,LOC-014,3.7,3
2026-03-21,LOC-014,3.9,1
2026-03-21,LOC-014,4.3,18
2026-03-21,LOC-014,4.2,2
2026-03-22,LOC-014,4.7,23
2026-03-22,LOC-014,4.2,8
2026-03-22,LOC-014,4.3,7
2026-03-23,LOC-014,4.2,25
2026-03-24,LOC-014,3.8,31
2026-03-24,LOC-014,4.3,4
2026-03-25,LOC-014,4.4,41
2026-03-25,LOC-014,3.5,7
2026-03-25,LOC-014,3.8,20
2026-03-26,LOC-014,4.2,5
2026-03-27,LOC-014,4.5,7
2026-03-27,LOC-014,3.8,3
2026-03-27,LOC-014,4.2,12
2026-03-27,LOC-014,4.1,13
2026-03-27,LOC-014,4.9,1
2026-03-27,LOC-014,3.9,9
2026-03-27,LOC-014,4.4,26
2026-03-28,LOC-014,3.5,45
2026-03-29,LOC-014,3.6,4
2026-03-29,LOC-014,4.3,41
2026-03-29,LOC-014,4.3,13
2026-03-29,LOC-014,4.8,10
2026-03-30,LOC-014,4.2,3
2026-03-30,LOC-014,4.8,65
2026-03-30,LOC-014,4.3,2
2026-03-31,LOC-014,4.0,28
2026-03-31,LOC-014,4.5,23
2026-04-01,LOC-014,4.4,21
2026-04-01,LOC-014,4.2,15
2026-04-02,LOC-014,4.3,20
2026-04-02,LOC-014,4.8,21
2026-04-02,LOC-014,3.6,1
2026-04-02,LOC-014,4.3,15
2026-04-02,LOC-014,3.7,2
2026-04-03,LOC-014,4.7,12
2026-04-03,LOC-014,4.5,8
2026-04-04,LOC-014,3.6,8
2026-04-04,LOC-014,4.5,10
2026-04-04,LOC-014,4.4,48
2026-04-05,LOC-014,4.3,33
2026-04-05,LOC-014,4.2,4
2026-04-05,LOC-014,4.5,2
2026-04-06,LOC-014,4.9,11
2026-04-06,LOC-014,3.6,1
2026-04-07,LOC-014,4.4,2
2026-04-07,LOC-014,4.5,24
2026-04-08,LOC-014,4.0,5
2026-04-08,LOC-014,4.2,1
2026-04-09,LOC-014,3.9,24
2026-04-09,LOC-014,4.6,6
2026-04-10,LOC-014,4.1,21
2026-04-10,LOC-014,3.9,14
2026-04-10,LOC-014,4.5,61
2026-04-10,LOC-014,3.5,17
2026-04-11,LOC-014,4.6,15
2026-04-12,LOC-014,5.0,9
2026-04-12,LOC-014,4.7,1
2026-04-14,LOC-014,3.8,1
2026-04-14,LOC-014,4.0,5
2026-04-14,LOC-014,4.3,3
2026-04-14,LOC-014,4.3,1
2026-04-14,LOC-014,4.3,38
2026-04-15,LOC-014,3.5,33
2026-04-16,LOC-014,4.1,8
2026-04-16,LOC-014,4.5,14
2026-04-17,LOC-014,3.3,38
2026-04-17,LOC-014,2.9,3
2026-04-17,LOC-014,3.0,1
2026-04-18,LOC-014,4.7,9
2026-04-18,LOC-014,4.0,54
2026-04-19,LOC-014,5.0,9
2026-04-19,LOC-014,4.1,5
2026-04-19,LOC-014,2.9,1
2026-04-19,LOC-014,4.5,8
2026-04-20,LOC-014,4.3,3
2026-04-20,LOC-014,4.1,7
2026-04-21,LOC-014,4.4,22
2026-04-22,LOC-014,3.7,23
2026-04-23,LOC-014,4.3,4
2026-04-24,LOC-014,4.5,18
2026-04-24,LOC-014,3.9,7
2026-04-24,LOC-014,4.4,6
2026-04-25,LOC-014,3.9,3
2026-04-25,LOC-014,4.2,9
2026-04-26,LOC-014,3.8,27
2026-04-27,LOC-014,4.4,2
2026-04-27,LOC-014,3.8,25
2026-04-27,LOC-014,3.9,1
2026-04-27,LOC-014,4.1,6
2026-04-28,LOC-014,4.5,2
2026-04-28,LOC-014,4.4,8
2026-04-28,LOC-014,5.0,2
2026-04-29,LOC-014,5.0,17
2026-04-29,LOC-014,4.3,4
2026-04-30,LOC-014,4.9,38
2026-04-30,LOC-014,4.5,30
2026-04-30,LOC-014,3.7,61
2026-04-30,LOC-014,4.2,1
2026-04-30,LOC-014,3.7,26
2026-05-01,LOC-014,3.9,9
2026-05-01,LOC-014,5.0,79
2026-05-01,LOC-014,4.8,23
2026-05-01,LOC-014,4.6,3
2026-05-01,LOC-014,4.7,1
2026-05-01,LOC-014,3.4,3
2026-05-01,LOC-014,3.4,30
2026-05-01,LOC-014,5.0,58
2026-05-01,LOC-014,4.4,27
2026-05-02,LOC-014,4.0,5
2026-05-02,LOC-014,4.9,1
2026-05-03,LOC-014,3.1,10
2026-05-03,LOC-014,4.6,10
2026-05-03,LOC-014,5.0,1
2026-05-03,LOC-014,4.3,13
2026-05-03,LOC-014,4.2,30
2026-05-05,LOC-014,3.9,17
2026-05-06,LOC-014,4.3,42
2026-05-06,LOC-014,4.6,1
2026-05-06,LOC-014,4.6,8
2026-05-06,LOC-014,4.1,1
2026-05-08,LOC-014,3.9,21
2026-05-08,LOC-014,4.3,4
2026-05-08,LOC-014,4.5,10
2026-05-09,LOC-014,3.5,52
2026-05-10,LOC-014,4.6,1
2026-05-10,LOC-014,3.5,5
2026-05-11,LOC-014,3.9,11
2026-05-11,LOC-014,4.9,7
2026-05-12,LOC-014,3.2,16
2026-05-12,LOC-014,4.8,9
2026-05-12,LOC-014,4.6,28
2026-05-12,LOC-014,4.1,1
2026-05-13,LOC-014,4.1,1
2026-05-13,LOC-014,3.8,6
2026-05-14,LOC-014,3.5,14
2026-05-14,LOC-014,3.8,5
2026-05-14,LOC-014,4.1,6
2026-05-14,LOC-014,3.0,1
2026-05-15,LOC-014,4.4,7
2026-05-15,LOC-014,3.9,13
2026-05-15,LOC-014,4.6,2
2026-05-15,LOC-014,4.2,21
2026-05-15,LOC-014,4.0,9
2026-05-15,LOC-014,4.1,5
2026-05-16,LOC-014,4.4,6
2026-05-16,LOC-014,4.5,1
2026-05-16,LOC-014,3.5,8
2026-05-17,LOC-014,4.1,34
2026-05-17,LOC-014,3.8,43
2026-05-17,LOC-014,4.8,8
2026-05-17,LOC-014,4.5,8
2026-05-17,LOC-014,4.3,4
2026-05-17,LOC-014,3.3,7
2026-05-18,LOC-014,3.9,58
2026-05-18,LOC-014,3.8,27
2026-05-19,LOC-014,4.0,29
2026-05-19,LOC-014,4.8,7
2026-05-20,LOC-014,4.1,8
2026-05-20,LOC-014,3.8,24
2026-05-20,LOC-014,4.5,22
2026-05-20,LOC-014,3.7,5
2026-05-22,LOC-014,4.8,28
2026-05-22,LOC-014,4.4,9
2026-05-22,LOC-014,4.3,5
2026-05-22,LOC-014,3.9,3
2026-05-22,LOC-014,4.2,19
2026-05-22,LOC-014,3.8,1
2026-05-22,LOC-014,3.6,3
2026-05-23,LOC-014,4.1,39
2026-05-23,LOC-014,4.8,6
2026-05-23,LOC-014,3.1,4
2026-05-24,LOC-014,4.3,2
2026-05-24,LOC-014,4.0,10
2026-05-24,LOC-014,4.3,7
2026-05-24,LOC-014,3.7,17
2026-05-24,LOC-014,5.0,9
2026-05-24,LOC-014,4.4,9
2026-05-24,LOC-014,4.0,12
2026-05-25,LOC-014,4.4,1
2026-05-25,LOC-014,3.5,22
2026-05-25,LOC-014,4.3,3
2026-05-26,LOC-014,3.3,4
2026-05-26,LOC-014,4.6,8
2026-05-26,LOC-014,4.2,1
2026-05-27,LOC-014,3.6,10
2026-05-27,LOC-014,4.3,4
2026-05-27,LOC-014,3.7,33
2026-05-27,LOC-014,4.1,29
2026-05-27,LOC-014,3.2,11
2026-05-28,LOC-014,3.8,20
2026-05-28,LOC-014,5.0,10
2026-05-28,LOC-014,4.2,13
2026-05-29,LOC-014,4.6,1
2026-05-29,LOC-014,3.9,16
2026-05-29,LOC-014,4.1,39
2026-05-30,LOC-014,4.0,5
2026-05-30,LOC-014,4.8,10
2026-05-30,LOC-014,3.7,2
2026-05-30,LOC-014,3.6,19
2026-05-31,LOC-014,4.6,1
2026-05-31,LOC-014,4.2,4
2026-05-31,LOC-014,4.6,23
2026-05-31,LOC-014,3.9,9
2026-05-31,LOC-014,4.2,4
2026-05-31,LOC-014,4.1,9
2026-06-01,LOC-014,3.7,3
2026-06-01,LOC-014,4.2,18
2026-06-02,LOC-014,4.1,1
2026-06-02,LOC-014,3.8,1
2026-06-03,LOC-014,4.4,39
2026-06-03,LOC-014,3.5,32
2026-06-03,LOC-014,4.5,5
2026-06-03,LOC-014,3.8,15
2026-06-03,LOC-014,4.2,16
2026-06-04,LOC-014,4.5,8
2026-06-04,LOC-014,4.1,11
2026-06-04,LOC-014,3.0,1
2026-06-04,LOC-014,3.6,12
2026-06-04,LOC-014,4.2,7
2026-06-04,LOC-014,4.0,3
2026-06-05,LOC-014,4.6,12
2026-06-05,LOC-014,5.0,6
2026-06-06,LOC-014,4.7,3
2026-06-08,LOC-014,4.7,1
2026-06-08,LOC-014,4.2,1
2026-06-09,LOC-014,4.8,9
2026-06-09,LOC-014,4.0,7
2026-06-10,LOC-014,4.0,3
2026-06-10,LOC-014,4.1,13
2026-06-10,LOC-014,4.3,1
2026-06-11,LOC-014,3.3,33
2026-06-12,LOC-014,3.7,35
2026-06-12,LOC-014,4.7,75
2026-06-12,LOC-014,4.4,46
2026-06-12,LOC-014,4.4,1
2026-06-13,LOC-014,4.0,2
2026-06-13,LOC-014,3.9,13
2026-06-14,LOC-014,4.4,10
2026-06-14,LOC-014,3.5,1
2026-06-14,LOC-014,5.0,2
2026-06-14,LOC-014,4.3,34
2026-06-15,LOC-014,4.8,33
2026-06-15,LOC-014,4.1,23
2026-06-15,LOC-014,4.6,3
2026-06-15,LOC-014,5.0,11
2026-06-16,LOC-014,4.7,11
2026-06-16,LOC-014,3.9,13
2026-06-16,LOC-014,4.1,5
2026-06-16,LOC-014,4.2,10
2026-06-16,LOC-014,3.4,15
2026-06-16,LOC-014,3.9,4
2026-06-16,LOC-014,3.4,31
2026-06-16,LOC-014,4.7,1
2026-06-17,LOC-014,4.6,13
2026-06-17,LOC-014,4.9,1
2026-06-17,LOC-014,3.6,48
2026-06-17,LOC-014,5.0,1
2026-06-17,LOC-014,4.3,3
2026-06-17,LOC-014,4.0,1
2026-06-18,LOC-014,3.3,1
2026-06-18,LOC-014,3.6,3
2026-06-19,LOC-014,4.3,4
2026-06-19,LOC-014,3.5,21
2026-06-20,LOC-014,4.0,25
2026-06-21,LOC-014,5.0,1
2026-06-21,LOC-014,3.3,47
2026-06-21,LOC-014,4.4,1
2026-06-22,LOC-014,3.3,17
2026-06-22,LOC-014,4.3,2
2026-06-22,LOC-014,4.6,27
2026-06-23,LOC-014,4.2,3
2026-06-23,LOC-014,4.2,6
2026-06-23,LOC-014,4.6,71
2026-06-23,LOC-014,3.3,2
2026-06-23,LOC-014,5.0,5
2026-06-23,LOC-014,3.6,44
2026-06-24,LOC-014,4.0,30
2026-06-24,LOC-014,3.8,34
2026-06-24,LOC-014,4.3,3
2026-06-24,LOC-014,4.2,2
2026-06-24,LOC-014,4.9,1
2026-06-25,LOC-014,4.6,1
2026-06-26,LOC-014,3.9,4
2026-06-26,LOC-014,4.4,15
2026-06-26,LOC-014,4.1,17
2026-06-27,LOC-014,3.9,42
2026-06-27,LOC-014,4.2,46
2026-06-27,LOC-014,3.6,5
2026-06-27,LOC-014,4.9,20
2026-06-28,LOC-014,3.6,25
2026-06-28,LOC-014,4.1,13
2026-06-28,LOC-014,4.0,1
2026-06-28,LOC-014,3.9,10
2026-06-28,LOC-014,4.7,21
2026-06-29,LOC-014,3.6,15
2026-06-29,LOC-014,4.9,40
2026-06-29,LOC-014,3.7,7
2026-06-29,LOC-014,4.5,14
2026-06-30,LOC-014,3.7,31
2026-06-30,LOC-014,4.7,15
2026-06-30,LOC-014,3.5,13
2026-06-30,LOC-014,3.6,3
2026-06-30,LOC-014,3.5,7
2026-01-01,LOC-015,4.3,2
2026-01-02,LOC-015,3.9,3
2026-01-02,LOC-015,4.7,6
2026-01-02,LOC-015,5.0,9
2026-01-03,LOC-015,4.4,8
2026-01-03,LOC-015,4.0,26
2026-01-03,LOC-015,5.0,9
2026-01-03,LOC-015,4.0,18
2026-01-03,LOC-015,4.9,2
2026-01-03,LOC-015,5.0,7
2026-01-04,LOC-015,5.0,27
2026-01-04,LOC-015,4.8,14
2026-01-05,LOC-015,4.9,41
2026-01-05,LOC-015,5.0,5
2026-01-05,LOC-015,4.5,27
2026-01-05,LOC-015,4.9,10
2026-01-06,LOC-015,4.0,19
2026-01-06,LOC-015,5.0,1
2026-01-06,LOC-015,5.0,1
2026-01-07,LOC-015,5.0,4
2026-01-07,LOC-015,4.4,20
2026-01-07,LOC-015,4.3,12
2026-01-07,LOC-015,4.5,13
2026-01-08,LOC-015,5.0,14
2026-01-08,LOC-015,5.0,64
2026-01-08,LOC-015,3.7,11
2026-01-08,LOC-015,5.0,18
2026-01-08,LOC-015,4.4,7
2026-01-08,LOC-015,3.8,11
2026-01-09,LOC-015,4.1,20
2026-01-09,LOC-015,5.0,2
2026-01-09,LOC-015,5.0,24
2026-01-09,LOC-015,4.5,3
2026-01-09,LOC-015,4.5,28
2026-01-10,LOC-015,4.9,6
2026-01-10,LOC-015,5.0,8
2026-01-10,LOC-015,4.9,3
2026-01-10,LOC-015,4.3,8
2026-01-11,LOC-015,4.5,16
2026-01-11,LOC-015,4.3,8
2026-01-12,LOC-015,5.0,1
2026-01-12,LOC-015,4.0,56
2026-01-12,LOC-015,4.5,4
2026-01-12,LOC-015,5.0,65
2026-01-13,LOC-015,4.3,10
2026-01-13,LOC-015,4.7,8
2026-01-13,LOC-015,4.8,4
2026-01-14,LOC-015,4.0,35
2026-01-14,LOC-015,4.0,30
2026-01-15,LOC-015,5.0,3
2026-01-16,LOC-015,5.0,2
2026-01-18,LOC-015,5.0,4
2026-01-18,LOC-015,4.5,1
2026-01-18,LOC-015,5.0,14
2026-01-19,LOC-015,5.0,15
2026-01-20,LOC-015,5.0,7
2026-01-20,LOC-015,3.9,11
2026-01-21,LOC-015,5.0,2
2026-01-21,LOC-015,4.9,13
2026-01-21,LOC-015,5.0,4
2026-01-22,LOC-015,5.0,3
2026-01-22,LOC-015,5.0,29
2026-01-22,LOC-015,4.1,2
2026-01-22,LOC-015,4.3,2
2026-01-23,LOC-015,4.2,7
2026-01-23,LOC-015,4.9,2
2026-01-23,LOC-015,5.0,17
2026-01-24,LOC-015,4.9,1
2026-01-24,LOC-015,3.8,12
2026-01-24,LOC-015,4.8,32
2026-01-25,LOC-015,4.8,1
2026-01-26,LOC-015,4.9,33
2026-01-27,LOC-015,5.0,3
2026-01-27,LOC-015,5.0,5
2026-01-28,LOC-015,5.0,11
2026-01-28,LOC-015,4.9,6
2026-01-29,LOC-015,5.0,11
2026-01-29,LOC-015,4.9,39
2026-01-29,LOC-015,5.0,8
2026-01-30,LOC-015,5.0,8
2026-01-30,LOC-015,5.0,2
2026-01-30,LOC-015,3.8,1
2026-01-31,LOC-015,3.7,6
2026-01-31,LOC-015,5.0,6
2026-02-01,LOC-015,4.9,8
2026-02-01,LOC-015,5.0,31
2026-02-01,LOC-015,3.8,32
2026-02-02,LOC-015,4.9,17
2026-02-02,LOC-015,4.5,13
2026-02-02,LOC-015,4.4,20
2026-02-02,LOC-015,4.7,28
2026-02-02,LOC-015,3.9,15
2026-02-03,LOC-015,5.0,6
2026-02-03,LOC-015,4.6,8
2026-02-03,LOC-015,4.7,7
2026-02-04,LOC-015,4.1,1
2026-02-04,LOC-015,3.8,9
2026-02-04,LOC-015,4.9,1
2026-02-05,LOC-015,4.8,8
2026-02-05,LOC-015,4.8,2
2026-02-05,LOC-015,4.4,38
2026-02-05,LOC-015,5.0,1
2026-02-05,LOC-015,5.0,31
2026-02-06,LOC-015,4.5,26
2026-02-06,LOC-015,4.6,1
2026-02-06,LOC-015,4.3,20
2026-02-07,LOC-015,4.4,3
2026-02-08,LOC-015,4.5,4
2026-02-08,LOC-015,4.9,7
2026-02-08,LOC-015,4.7,2
2026-02-09,LOC-015,4.9,4
2026-02-09,LOC-015,4.6,4
2026-02-10,LOC-015,4.3,6
2026-02-11,LOC-015,4.7,21
2026-02-11,LOC-015,4.5,8
2026-02-11,LOC-015,4.5,4
2026-02-11,LOC-015,5.0,5
2026-02-11,LOC-015,5.0,52
2026-02-12,LOC-015,3.8,1
2026-02-15,LOC-015,4.6,5
2026-02-16,LOC-015,4.7,63
2026-02-16,LOC-015,5.0,5
2026-02-16,LOC-015,3.7,14
2026-02-17,LOC-015,4.5,24
2026-02-17,LOC-015,5.0,4
2026-02-18,LOC-015,5.0,10
2026-02-19,LOC-015,4.7,8
2026-02-19,LOC-015,5.0,6
2026-02-20,LOC-015,5.0,37
2026-02-21,LOC-015,4.3,3
2026-02-21,LOC-015,5.0,6
2026-02-21,LOC-015,4.4,1
2026-02-22,LOC-015,4.7,1
2026-02-22,LOC-015,5.0,7
2026-02-23,LOC-015,4.7,42
2026-02-23,LOC-015,5.0,16
2026-02-23,LOC-015,4.5,2
2026-02-23,LOC-015,5.0,20
2026-02-24,LOC-015,4.9,3
2026-02-24,LOC-015,5.0,8
2026-02-24,LOC-015,5.0,16
2026-02-24,LOC-015,4.4,4
2026-02-25,LOC-015,4.4,18
2026-02-25,LOC-015,5.0,3
2026-02-25,LOC-015,3.8,6
2026-02-25,LOC-015,4.2,15
2026-02-25,LOC-015,5.0,1
2026-02-25,LOC-015,4.6,34
2026-02-25,LOC-015,4.6,19
2026-02-25,LOC-015,4.6,22
2026-02-26,LOC-015,5.0,21
2026-02-26,LOC-015,4.4,3
2026-02-26,LOC-015,3.9,1
2026-02-26,LOC-015,4.8,17
2026-02-26,LOC-015,5.0,1
2026-02-26,LOC-015,4.7,59
2026-02-27,LOC-015,4.6,1
2026-02-28,LOC-015,5.0,8
2026-02-28,LOC-015,5.0,14
2026-02-28,LOC-015,5.0,1
2026-02-28,LOC-015,3.9,1
2026-02-28,LOC-015,5.0,5
2026-03-01,LOC-015,4.6,11
2026-03-01,LOC-015,5.0,8
2026-03-01,LOC-015,4.6,38
2026-03-01,LOC-015,5.0,1
2026-03-01,LOC-015,4.2,8
2026-03-01,LOC-015,5.0,2
2026-03-02,LOC-015,4.7,11
2026-03-02,LOC-015,4.8,9
2026-03-02,LOC-015,4.3,13
2026-03-02,LOC-015,4.4,27
2026-03-02,LOC-015,5.0,9
2026-03-02,LOC-015,4.6,16
2026-03-03,LOC-015,4.9,6
2026-03-04,LOC-015,4.4,1
2026-03-04,LOC-015,5.0,1
2026-03-04,LOC-015,5.0,18
2026-03-04,LOC-015,4.6,10
2026-03-04,LOC-015,5.0,22
2026-03-05,LOC-015,4.9,29
2026-03-05,LOC-015,4.7,28
2026-03-05,LOC-015,4.8,10
2026-03-05,LOC-015,4.1,39
2026-03-05,LOC-015,4.5,5
2026-03-05,LOC-015,4.6,12
2026-03-06,LOC-015,5.0,16
2026-03-06,LOC-015,4.3,30
2026-03-07,LOC-015,5.0,1
2026-03-07,LOC-015,4.3,6
2026-03-08,LOC-015,4.8,13
2026-03-08,LOC-015,5.0,7
2026-03-10,LOC-015,4.4,33
2026-03-10,LOC-015,5.0,23
2026-03-10,LOC-015,4.4,16
2026-03-10,LOC-015,4.8,25
2026-03-11,LOC-015,5.0,12
2026-03-11,LOC-015,4.4,5
2026-03-12,LOC-015,4.4,6
2026-03-12,LOC-015,5.0,1
2026-03-13,LOC-015,4.8,1
2026-03-13,LOC-015,4.2,9
2026-03-13,LOC-015,4.2,1
2026-03-13,LOC-015,5.0,7
2026-03-14,LOC-015,5.0,22
2026-03-14,LOC-015,5.0,1
2026-03-15,LOC-015,5.0,2
2026-03-15,LOC-015,4.9,16
2026-03-16,LOC-015,4.6,1
2026-03-16,LOC-015,5.0,32
2026-03-16,LOC-015,4.6,1
2026-03-16,LOC-015,4.4,4
2026-03-16,LOC-015,4.8,39
2026-03-17,LOC-015,4.8,1
2026-03-17,LOC-015,4.7,9
2026-03-17,LOC-015,4.5,1
2026-03-18,LOC-015,5.0,2
2026-03-18,LOC-015,4.2,1
2026-03-18,LOC-015,4.7,5
2026-03-18,LOC-015,4.6,13
2026-03-21,LOC-015,4.5,4
2026-03-21,LOC-015,5.0,6
2026-03-23,LOC-015,4.5,1
2026-03-23,LOC-015,4.9,21
2026-03-24,LOC-015,4.7,13
2026-03-24,LOC-015,4.0,29
2026-03-25,LOC-015,4.9,11
2026-03-26,LOC-015,4.7,2
2026-03-26,LOC-015,4.9,11
2026-03-26,LOC-015,4.5,30
2026-03-27,LOC-015,4.5,6
2026-03-27,LOC-015,4.9,2
2026-03-28,LOC-015,4.9,27
2026-03-28,LOC-015,5.0,9
2026-03-29,LOC-015,4.7,12
2026-03-29,LOC-015,4.2,8
2026-03-29,LOC-015,4.3,17
2026-03-30,LOC-015,4.6,18
2026-03-30,LOC-015,4.2,28
2026-03-30,LOC-015,5.0,5
2026-03-30,LOC-015,5.0,1
2026-03-31,LOC-015,4.5,1
2026-04-01,LOC-015,4.3,43
2026-04-01,LOC-015,4.8,28
2026-04-02,LOC-015,5.0,8
2026-04-02,LOC-015,4.5,30
2026-04-02,LOC-015,5.0,20
2026-04-03,LOC-015,5.0,7
2026-04-03,LOC-015,4.5,11
2026-04-04,LOC-015,5.0,4
2026-04-04,LOC-015,5.0,21
2026-04-04,LOC-015,3.6,2
2026-04-05,LOC-015,4.8,9
2026-04-05,LOC-015,4.9,1
2026-04-06,LOC-015,4.5,1
2026-04-06,LOC-015,5.0,35
2026-04-06,LOC-015,4.8,16
2026-04-06,LOC-015,4.6,8
2026-04-08,LOC-015,4.6,2
2026-04-08,LOC-015,5.0,13
2026-04-08,LOC-015,4.2,25
2026-04-09,LOC-015,4.5,1
2026-04-10,LOC-015,5.0,7
2026-04-10,LOC-015,5.0,1
2026-04-10,LOC-015,4.3,2
2026-04-10,LOC-015,4.4,33
2026-04-12,LOC-015,4.7,6
2026-04-12,LOC-015,4.1,4
2026-04-13,LOC-015,5.0,28
2026-04-13,LOC-015,5.0,18
2026-04-15,LOC-015,4.2,10
2026-04-16,LOC-015,4.9,2
2026-04-16,LOC-015,5.0,56
2026-04-17,LOC-015,4.7,1
2026-04-17,LOC-015,4.4,3
2026-04-18,LOC-015,4.7,25
2026-04-18,LOC-015,4.2,4
2026-04-19,LOC-015,4.5,9
2026-04-19,LOC-015,4.7,23
2026-04-19,LOC-015,4.1,24
2026-04-20,LOC-015,4.4,29
2026-04-20,LOC-015,4.9,7
2026-04-20,LOC-015,4.5,25
2026-04-20,LOC-015,4.6,15
2026-04-21,LOC-015,5.0,19
2026-04-22,LOC-015,4.7,7
2026-04-22,LOC-015,5.0,13
2026-04-22,LOC-015,4.8,4
2026-04-22,LOC-015,3.6,31
2026-04-22,LOC-015,4.2,1
2026-04-22,LOC-015,4.3,61
2026-04-22,LOC-015,4.8,1
2026-04-22,LOC-015,5.0,18
2026-04-23,LOC-015,5.0,2
2026-04-23,LOC-015,4.3,30
2026-04-23,LOC-015,4.2,32
2026-04-23,LOC-015,4.8,41
2026-04-23,LOC-015,5.0,23
2026-04-24,LOC-015,5.0,42
2026-04-24,LOC-015,4.5,9
2026-04-24,LOC-015,4.9,11
2026-04-25,LOC-015,5.0,8
2026-04-25,LOC-015,5.0,5
2026-04-26,LOC-015,4.8,7
2026-04-26,LOC-015,4.8,1
2026-04-26,LOC-015,5.0,35
2026-04-26,LOC-015,5.0,16
2026-04-26,LOC-015,4.5,1
2026-04-27,LOC-015,4.8,8
2026-04-28,LOC-015,4.2,5
2026-04-28,LOC-015,4.5,1
2026-04-28,LOC-015,4.7,19
2026-04-28,LOC-015,4.1,23
2026-04-28,LOC-015,4.7,4
2026-04-28,LOC-015,5.0,15
2026-04-29,LOC-015,4.9,4
2026-04-29,LOC-015,4.8,46
2026-04-29,LOC-015,3.8,37
2026-04-29,LOC-015,5.0,11
2026-04-30,LOC-015,4.4,5
2026-04-30,LOC-015,4.3,7
2026-05-02,LOC-015,4.0,28
2026-05-03,LOC-015,4.5,70
2026-05-03,LOC-015,5.0,50
2026-05-03,LOC-015,5.0,15
2026-05-03,LOC-015,4.8,32
2026-05-03,LOC-015,4.8,2
2026-05-04,LOC-015,4.4,6
2026-05-04,LOC-015,4.0,7
2026-05-04,LOC-015,5.0,6
2026-05-05,LOC-015,4.8,18
2026-05-05,LOC-015,5.0,51
2026-05-06,LOC-015,4.2,16
2026-05-06,LOC-015,5.0,2
2026-05-06,LOC-015,4.9,27
2026-05-06,LOC-015,3.7,1
2026-05-06,LOC-015,3.8,46
2026-05-06,LOC-015,4.1,2
2026-05-07,LOC-015,4.9,5
2026-05-08,LOC-015,5.0,2
2026-05-08,LOC-015,4.7,1
2026-05-08,LOC-015,4.2,5
2026-05-09,LOC-015,4.5,2
2026-05-09,LOC-015,4.8,7
2026-05-09,LOC-015,4.7,23
2026-05-10,LOC-015,5.0,4
2026-05-10,LOC-015,4.8,11
2026-05-10,LOC-015,5.0,11
2026-05-11,LOC-015,5.0,1
2026-05-11,LOC-015,4.0,13
2026-05-11,LOC-015,4.5,12
2026-05-11,LOC-015,4.0,1
2026-05-12,LOC-015,5.0,9
2026-05-12,LOC-015,4.6,5
2026-05-12,LOC-015,4.8,19
2026-05-13,LOC-015,5.0,1
2026-05-14,LOC-015,4.2,1
2026-05-15,LOC-015,4.6,20
2026-05-15,LOC-015,4.9,27
2026-05-15,LOC-015,5.0,16
2026-05-15,LOC-015,4.4,1
2026-05-15,LOC-015,5.0,1
2026-05-17,LOC-015,5.0,34
2026-05-17,LOC-015,4.7,3
2026-05-17,LOC-015,5.0,16
2026-05-17,LOC-015,4.6,18
2026-05-18,LOC-015,4.1,1
2026-05-18,LOC-015,5.0,19
2026-05-18,LOC-015,5.0,7
2026-05-18,LOC-015,5.0,10
2026-05-18,LOC-015,4.6,24
2026-05-19,LOC-015,4.9,30
2026-05-19,LOC-015,5.0,17
2026-05-19,LOC-015,5.0,1
2026-05-20,LOC-015,4.5,59
2026-05-20,LOC-015,4.6,1
2026-05-20,LOC-015,4.7,24
2026-05-20,LOC-015,5.0,1
2026-05-21,LOC-015,5.0,7
2026-05-21,LOC-015,4.7,37
2026-05-22,LOC-015,5.0,5
2026-05-22,LOC-015,4.8,11
2026-05-22,LOC-015,4.0,5
2026-05-22,LOC-015,4.8,11
2026-05-22,LOC-015,3.6,1
2026-05-23,LOC-015,4.9,11
2026-05-23,LOC-015,4.0,20
2026-05-23,LOC-015,4.2,12
2026-05-23,LOC-015,5.0,52
2026-05-24,LOC-015,4.2,5
2026-05-24,LOC-015,5.0,21
2026-05-24,LOC-015,5.0,2
2026-05-24,LOC-015,5.0,13
2026-05-25,LOC-015,4.4,26
2026-05-25,LOC-015,5.0,4
2026-05-25,LOC-015,4.7,4
2026-05-25,LOC-015,4.6,4
2026-05-25,LOC-015,4.4,13
2026-05-25,LOC-015,4.6,21
2026-05-26,LOC-015,4.2,3
2026-05-26,LOC-015,4.8,4
2026-05-26,LOC-015,4.5,1
2026-05-26,LOC-015,3.7,48
2026-05-26,LOC-015,4.9,18
2026-05-27,LOC-015,5.0,5
2026-05-27,LOC-015,5.0,22
2026-05-27,LOC-015,4.9,12
2026-05-28,LOC-015,4.7,38
2026-05-28,LOC-015,5.0,16
2026-05-28,LOC-015,4.2,2
2026-05-28,LOC-015,5.0,4
2026-05-28,LOC-015,4.5,5
2026-05-28,LOC-015,4.0,10
2026-05-29,LOC-015,4.2,1
2026-05-29,LOC-015,4.9,17
2026-05-30,LOC-015,4.7,16
2026-05-30,LOC-015,5.0,6
2026-05-31,LOC-015,3.7,7
2026-05-31,LOC-015,4.8,13
2026-05-31,LOC-015,4.7,5
2026-06-01,LOC-015,5.0,1
2026-06-02,LOC-015,4.4,10
2026-06-02,LOC-015,5.0,4
2026-06-02,LOC-015,4.2,11
2026-06-02,LOC-015,5.0,1
2026-06-03,LOC-015,4.4,9
2026-06-03,LOC-015,4.9,6
2026-06-03,LOC-015,5.0,26
2026-06-03,LOC-015,4.3,15
2026-06-03,LOC-015,4.4,38
2026-06-03,LOC-015,5.0,11
2026-06-04,LOC-015,5.0,29
2026-06-04,LOC-015,4.8,8
2026-06-04,LOC-015,5.0,16
2026-06-05,LOC-015,4.4,41
2026-06-05,LOC-015,4.2,1
2026-06-05,LOC-015,4.5,6
2026-06-05,LOC-015,4.8,15
2026-06-06,LOC-015,4.8,7
2026-06-06,LOC-015,5.0,3
2026-06-06,LOC-015,4.9,4
2026-06-06,LOC-015,4.9,15
2026-06-06,LOC-015,4.7,2
2026-06-06,LOC-015,5.0,19
2026-06-07,LOC-015,5.0,42
2026-06-07,LOC-015,4.8,6
2026-06-07,LOC-015,4.2,1
2026-06-07,LOC-015,4.6,4
2026-06-08,LOC-015,5.0,4
2026-06-08,LOC-015,5.0,7
2026-06-09,LOC-015,5.0,38
2026-06-09,LOC-015,4.1,13
2026-06-09,LOC-015,5.0,30
2026-06-10,LOC-015,4.8,2
2026-06-11,LOC-015,3.3,4
2026-06-12,LOC-015,5.0,34
2026-06-12,LOC-015,4.7,10
2026-06-12,LOC-015,4.7,3
2026-06-12,LOC-015,4.2,22
2026-06-13,LOC-015,4.0,1
2026-06-13,LOC-015,4.4,15
2026-06-13,LOC-015,4.9,8
2026-06-14,LOC-015,5.0,33
2026-06-14,LOC-015,4.8,35
2026-06-14,LOC-015,4.1,16
2026-06-16,LOC-015,4.3,4
2026-06-17,LOC-015,4.6,2
2026-06-17,LOC-015,3.7,12
2026-06-17,LOC-015,4.4,7
2026-06-17,LOC-015,5.0,6
2026-06-17,LOC-015,4.2,1
2026-06-17,LOC-015,3.7,1
2026-06-18,LOC-015,4.5,36
2026-06-18,LOC-015,4.8,3
2026-06-18,LOC-015,4.5,1
2026-06-18,LOC-015,5.0,35
2026-06-19,LOC-015,3.7,3
2026-06-19,LOC-015,5.0,14
2026-06-19,LOC-015,4.9,5
2026-06-19,LOC-015,4.8,9
2026-06-20,LOC-015,5.0,17
2026-06-20,LOC-015,4.4,3
2026-06-20,LOC-015,5.0,12
2026-06-21,LOC-015,4.6,1
2026-06-21,LOC-015,4.3,31
2026-06-21,LOC-015,4.9,8
2026-06-22,LOC-015,4.2,1
2026-06-22,LOC-015,5.0,3
2026-06-22,LOC-015,4.3,10
2026-06-23,LOC-015,4.4,3
2026-06-23,LOC-015,4.7,24
2026-06-23,LOC-015,4.2,4
2026-06-24,LOC-015,4.4,4
2026-06-24,LOC-015,5.0,18
2026-06-24,LOC-015,4.7,11
2026-06-25,LOC-015,4.2,20
2026-06-25,LOC-015,4.6,1
2026-06-26,LOC-015,5.0,2
2026-06-26,LOC-015,4.2,6
2026-06-26,LOC-015,4.4,1
2026-06-26,LOC-015,5.0,6
2026-06-26,LOC-015,4.7,20
2026-06-26,LOC-015,4.3,6
2026-06-26,LOC-015,4.0,18
2026-06-27,LOC-015,4.7,4
2026-06-27,LOC-015,4.5,8
2026-06-28,LOC-015,4.9,3
2026-06-28,LOC-015,5.0,22
2026-06-28,LOC-015,5.0,11
2026-06-28,LOC-015,4.5,13
2026-06-29,LOC-015,4.7,3
2026-06-29,LOC-015,4.2,14
2026-06-30,LOC-015,5.0,13
2026-06-30,LOC-015,4.4,5
2026-06-30,LOC-015,4.1,14
2026-01-01,LOC-016,4.5,15
2026-01-02,LOC-016,5.0,6
2026-01-02,LOC-016,5.0,33
2026-01-02,LOC-016,4.8,41
2026-01-02,LOC-016,4.3,22
2026-01-03,LOC-016,5.0,2
2026-01-03,LOC-016,4.6,6
2026-01-03,LOC-016,5.0,33
2026-01-03,LOC-016,4.9,3
2026-01-04,LOC-016,4.7,33
2026-01-04,LOC-016,4.0,1
2026-01-04,LOC-016,4.5,7
2026-01-04,LOC-016,4.3,1
2026-01-05,LOC-016,4.1,11
2026-01-06,LOC-016,4.0,20
2026-01-06,LOC-016,4.5,52
2026-01-06,LOC-016,4.9,5
2026-01-06,LOC-016,4.4,5
2026-01-06,LOC-016,3.4,56
2026-01-07,LOC-016,4.2,4
2026-01-07,LOC-016,4.7,1
2026-01-07,LOC-016,4.6,19
2026-01-07,LOC-016,4.4,4
2026-01-08,LOC-016,4.2,10
2026-01-08,LOC-016,5.0,10
2026-01-08,LOC-016,5.0,11
2026-01-08,LOC-016,4.0,6
2026-01-09,LOC-016,4.4,9
2026-01-09,LOC-016,3.9,26
2026-01-09,LOC-016,5.0,2
2026-01-09,LOC-016,4.3,8
2026-01-09,LOC-016,4.2,1
2026-01-10,LOC-016,4.4,3
2026-01-10,LOC-016,4.6,2
2026-01-10,LOC-016,4.0,1
2026-01-11,LOC-016,4.9,7
2026-01-11,LOC-016,3.9,1
2026-01-11,LOC-016,3.7,3
2026-01-11,LOC-016,5.0,15
2026-01-12,LOC-016,4.8,1
2026-01-12,LOC-016,4.5,42
2026-01-12,LOC-016,5.0,2
2026-01-12,LOC-016,3.9,13
2026-01-12,LOC-016,4.2,21
2026-01-12,LOC-016,5.0,11
2026-01-12,LOC-016,3.9,34
2026-01-13,LOC-016,4.0,4
2026-01-13,LOC-016,4.7,24
2026-01-13,LOC-016,4.2,8
2026-01-14,LOC-016,4.4,9
2026-01-14,LOC-016,4.1,18
2026-01-14,LOC-016,4.1,18
2026-01-14,LOC-016,4.2,1
2026-01-14,LOC-016,4.7,18
2026-01-15,LOC-016,4.7,3
2026-01-15,LOC-016,5.0,7
2026-01-15,LOC-016,5.0,96
2026-01-15,LOC-016,5.0,4
2026-01-15,LOC-016,3.9,2
2026-01-15,LOC-016,4.6,57
2026-01-15,LOC-016,3.9,23
2026-01-15,LOC-016,4.8,10
2026-01-16,LOC-016,4.8,3
2026-01-16,LOC-016,4.6,8
2026-01-17,LOC-016,4.8,34
2026-01-17,LOC-016,4.9,5
2026-01-17,LOC-016,4.7,12
2026-01-18,LOC-016,4.7,8
2026-01-18,LOC-016,4.5,1
2026-01-18,LOC-016,5.0,1
2026-01-18,LOC-016,4.8,3
2026-01-19,LOC-016,5.0,50
2026-01-19,LOC-016,4.3,44
2026-01-19,LOC-016,5.0,1
2026-01-19,LOC-016,3.6,1
2026-01-20,LOC-016,4.2,12
2026-01-20,LOC-016,4.5,18
2026-01-20,LOC-016,5.0,18
2026-01-20,LOC-016,4.2,4
2026-01-20,LOC-016,4.4,35
2026-01-20,LOC-016,4.7,4
2026-01-21,LOC-016,4.4,9
2026-01-22,LOC-016,4.0,2
2026-01-22,LOC-016,4.3,16
2026-01-22,LOC-016,5.0,11
2026-01-23,LOC-016,5.0,34
2026-01-23,LOC-016,4.5,7
2026-01-23,LOC-016,4.7,10
2026-01-24,LOC-016,4.7,16
2026-01-25,LOC-016,5.0,22
2026-01-25,LOC-016,4.4,38
2026-01-25,LOC-016,3.8,2
2026-01-26,LOC-016,4.2,1
2026-01-26,LOC-016,5.0,25
2026-01-27,LOC-016,4.7,3
2026-01-27,LOC-016,4.7,5
2026-01-27,LOC-016,4.6,17
2026-01-27,LOC-016,3.8,2
2026-01-28,LOC-016,4.1,4
2026-01-28,LOC-016,4.7,6
2026-01-28,LOC-016,4.4,2
2026-01-28,LOC-016,3.7,35
2026-01-28,LOC-016,4.8,7
2026-01-29,LOC-016,4.5,12
2026-01-29,LOC-016,4.1,35
2026-01-30,LOC-016,5.0,15
2026-01-30,LOC-016,4.3,34
2026-01-30,LOC-016,3.9,1
2026-01-30,LOC-016,4.4,11
2026-01-30,LOC-016,5.0,3
2026-01-30,LOC-016,4.8,13
2026-01-31,LOC-016,4.8,23
2026-01-31,LOC-016,4.9,12
2026-01-31,LOC-016,4.8,4
2026-01-31,LOC-016,5.0,3
2026-02-01,LOC-016,4.5,28
2026-02-01,LOC-016,4.2,3
2026-02-01,LOC-016,4.5,2
2026-02-02,LOC-016,5.0,24
2026-02-04,LOC-016,5.0,17
2026-02-04,LOC-016,4.7,8
2026-02-04,LOC-016,4.7,1
2026-02-04,LOC-016,4.3,51
2026-02-05,LOC-016,4.3,5
2026-02-05,LOC-016,5.0,26
2026-02-05,LOC-016,4.7,57
2026-02-06,LOC-016,4.3,2
2026-02-07,LOC-016,4.8,1
2026-02-07,LOC-016,5.0,75
2026-02-07,LOC-016,4.7,3
2026-02-07,LOC-016,5.0,3
2026-02-08,LOC-016,4.0,1
2026-02-08,LOC-016,4.2,1
2026-02-08,LOC-016,5.0,9
2026-02-09,LOC-016,4.7,15
2026-02-09,LOC-016,3.9,3
2026-02-10,LOC-016,4.9,9
2026-02-10,LOC-016,4.4,1
2026-02-10,LOC-016,5.0,6
2026-02-10,LOC-016,5.0,14
2026-02-12,LOC-016,5.0,25
2026-02-12,LOC-016,5.0,6
2026-02-12,LOC-016,3.3,21
2026-02-13,LOC-016,4.3,19
2026-02-13,LOC-016,5.0,4
2026-02-13,LOC-016,4.1,14
2026-02-13,LOC-016,4.7,1
2026-02-14,LOC-016,4.6,2
2026-02-14,LOC-016,5.0,1
2026-02-14,LOC-016,4.8,21
2026-02-15,LOC-016,5.0,8
2026-02-15,LOC-016,4.2,24
2026-02-16,LOC-016,5.0,32
2026-02-16,LOC-016,5.0,26
2026-02-16,LOC-016,4.9,4
2026-02-17,LOC-016,4.2,31
2026-02-17,LOC-016,5.0,5
2026-02-18,LOC-016,5.0,7
2026-02-18,LOC-016,4.3,15
2026-02-19,LOC-016,4.4,31
2026-02-19,LOC-016,5.0,1
2026-02-19,LOC-016,4.6,16
2026-02-19,LOC-016,4.6,3
2026-02-19,LOC-016,4.3,10
2026-02-19,LOC-016,4.2,1
2026-02-19,LOC-016,4.5,11
2026-02-20,LOC-016,5.0,1
2026-02-20,LOC-016,4.3,8
2026-02-20,LOC-016,5.0,1
2026-02-20,LOC-016,4.7,9
2026-02-20,LOC-016,5.0,7
2026-02-21,LOC-016,4.8,18
2026-02-22,LOC-016,4.2,15
2026-02-22,LOC-016,3.9,36
2026-02-23,LOC-016,5.0,5
2026-02-23,LOC-016,4.3,3
2026-02-23,LOC-016,4.0,1
2026-02-23,LOC-016,5.0,26
2026-02-23,LOC-016,3.8,21
2026-02-23,LOC-016,4.5,9
2026-02-23,LOC-016,4.3,30
2026-02-23,LOC-016,3.9,36
2026-02-24,LOC-016,4.9,13
2026-02-24,LOC-016,5.0,2
2026-02-24,LOC-016,3.9,40
2026-02-24,LOC-016,4.8,36
2026-02-24,LOC-016,4.4,7
2026-02-24,LOC-016,4.0,1
2026-02-24,LOC-016,5.0,21
2026-02-25,LOC-016,4.6,12
2026-02-26,LOC-016,5.0,29
2026-02-26,LOC-016,4.9,28
2026-02-26,LOC-016,4.0,7
2026-02-26,LOC-016,3.7,15
2026-02-27,LOC-016,4.9,36
2026-02-27,LOC-016,5.0,1
2026-02-27,LOC-016,4.0,2
2026-02-28,LOC-016,3.9,11
2026-02-28,LOC-016,4.8,3
2026-02-28,LOC-016,4.1,9
2026-02-28,LOC-016,3.5,18
2026-03-01,LOC-016,4.3,5
2026-03-01,LOC-016,3.9,1
2026-03-02,LOC-016,4.0,10
2026-03-02,LOC-016,4.6,24
2026-03-02,LOC-016,5.0,7
2026-03-03,LOC-016,4.9,14
2026-03-03,LOC-016,5.0,14
2026-03-03,LOC-016,4.2,15
2026-03-03,LOC-016,4.9,14
2026-03-03,LOC-016,5.0,24
2026-03-03,LOC-016,4.9,5
2026-03-04,LOC-016,4.4,1
2026-03-04,LOC-016,3.9,24
2026-03-04,LOC-016,5.0,8
2026-03-04,LOC-016,4.4,3
2026-03-04,LOC-016,4.7,44
2026-03-04,LOC-016,5.0,12
2026-03-04,LOC-016,4.4,1
2026-03-04,LOC-016,5.0,2
2026-03-05,LOC-016,4.1,1
2026-03-05,LOC-016,3.9,9
2026-03-05,LOC-016,4.0,15
2026-03-06,LOC-016,5.0,37
2026-03-06,LOC-016,5.0,34
2026-03-06,LOC-016,3.3,31
2026-03-07,LOC-016,4.4,5
2026-03-08,LOC-016,5.0,16
2026-03-08,LOC-016,4.7,56
2026-03-09,LOC-016,4.8,1
2026-03-09,LOC-016,4.3,1
2026-03-09,LOC-016,4.3,20
2026-03-09,LOC-016,4.9,7
2026-03-09,LOC-016,3.7,6
2026-03-10,LOC-016,4.3,12
2026-03-10,LOC-016,4.8,24
2026-03-10,LOC-016,4.4,8
2026-03-10,LOC-016,4.5,1
2026-03-11,LOC-016,4.6,3
2026-03-11,LOC-016,4.1,7
2026-03-11,LOC-016,4.7,1
2026-03-11,LOC-016,4.8,10
2026-03-11,LOC-016,4.6,71
2026-03-12,LOC-016,4.5,5
2026-03-12,LOC-016,5.0,22
2026-03-13,LOC-016,5.0,43
2026-03-13,LOC-016,4.4,12
2026-03-14,LOC-016,4.5,2
2026-03-14,LOC-016,5.0,19
2026-03-14,LOC-016,4.5,3
2026-03-14,LOC-016,4.5,30
2026-03-14,LOC-016,4.5,13
2026-03-14,LOC-016,4.9,4
2026-03-14,LOC-016,4.3,33
2026-03-15,LOC-016,4.4,9
2026-03-16,LOC-016,4.7,58
2026-03-17,LOC-016,4.5,1
2026-03-17,LOC-016,5.0,1
2026-03-17,LOC-016,4.2,5
2026-03-17,LOC-016,4.4,26
2026-03-17,LOC-016,4.1,32
2026-03-18,LOC-016,4.0,3
2026-03-18,LOC-016,5.0,28
2026-03-18,LOC-016,4.9,9
2026-03-19,LOC-016,3.9,9
2026-03-19,LOC-016,4.2,7
2026-03-19,LOC-016,3.5,12
2026-03-20,LOC-016,4.1,2
2026-03-20,LOC-016,4.7,10
2026-03-20,LOC-016,4.0,2
2026-03-21,LOC-016,4.9,19
2026-03-21,LOC-016,4.8,3
2026-03-22,LOC-016,4.1,7
2026-03-22,LOC-016,5.0,14
2026-03-22,LOC-016,4.6,4
2026-03-22,LOC-016,5.0,20
2026-03-23,LOC-016,4.6,5
2026-03-23,LOC-016,4.7,1
2026-03-24,LOC-016,5.0,15
2026-03-24,LOC-016,3.2,8
2026-03-24,LOC-016,4.5,13
2026-03-25,LOC-016,4.5,9
2026-03-25,LOC-016,4.4,10
2026-03-25,LOC-016,4.9,9
2026-03-26,LOC-016,4.7,31
2026-03-26,LOC-016,4.3,11
2026-03-26,LOC-016,4.5,82
2026-03-27,LOC-016,4.9,13
2026-03-27,LOC-016,4.5,14
2026-03-28,LOC-016,4.8,20
2026-03-28,LOC-016,4.0,7
2026-03-28,LOC-016,5.0,1
2026-03-28,LOC-016,5.0,5
2026-03-29,LOC-016,4.2,9
2026-03-29,LOC-016,5.0,35
2026-03-29,LOC-016,4.4,1
2026-03-30,LOC-016,4.5,27
2026-04-01,LOC-016,4.1,24
2026-04-01,LOC-016,4.6,30
2026-04-01,LOC-016,5.0,2
2026-04-01,LOC-016,4.9,2
2026-04-01,LOC-016,4.5,8
2026-04-02,LOC-016,5.0,15
2026-04-02,LOC-016,5.0,8
2026-04-03,LOC-016,4.6,26
2026-04-03,LOC-016,4.9,1
2026-04-03,LOC-016,5.0,4
2026-04-03,LOC-016,4.7,21
2026-04-04,LOC-016,4.5,26
2026-04-04,LOC-016,3.7,5
2026-04-04,LOC-016,5.0,2
2026-04-04,LOC-016,4.8,12
2026-04-05,LOC-016,4.4,20
2026-04-05,LOC-016,4.3,1
2026-04-06,LOC-016,4.7,42
2026-04-06,LOC-016,5.0,32
2026-04-06,LOC-016,5.0,31
2026-04-06,LOC-016,4.5,15
2026-04-07,LOC-016,4.5,13
2026-04-07,LOC-016,5.0,6
2026-04-08,LOC-016,4.7,6
2026-04-08,LOC-016,4.2,4
2026-04-08,LOC-016,4.6,38
2026-04-09,LOC-016,4.6,47
2026-04-09,LOC-016,5.0,20
2026-04-09,LOC-016,5.0,5
2026-04-09,LOC-016,4.3,33
2026-04-10,LOC-016,4.7,59
2026-04-10,LOC-016,5.0,27
2026-04-10,LOC-016,4.8,6
2026-04-10,LOC-016,4.3,12
2026-04-11,LOC-016,4.7,31
2026-04-12,LOC-016,4.4,12
2026-04-13,LOC-016,4.5,1
2026-04-13,LOC-016,3.9,7
2026-04-14,LOC-016,4.1,14
2026-04-14,LOC-016,4.7,6
2026-04-14,LOC-016,5.0,17
2026-04-14,LOC-016,4.7,2
2026-04-14,LOC-016,3.8,10
2026-04-15,LOC-016,4.4,32
2026-04-15,LOC-016,4.5,9
2026-04-15,LOC-016,3.7,25
2026-04-16,LOC-016,4.9,19
2026-04-16,LOC-016,4.4,16
2026-04-16,LOC-016,5.0,38
2026-04-16,LOC-016,5.0,30
2026-04-17,LOC-016,3.9,2
2026-04-17,LOC-016,4.9,10
2026-04-17,LOC-016,4.9,53
2026-04-17,LOC-016,4.6,18
2026-04-19,LOC-016,5.0,6
2026-04-19,LOC-016,4.3,8
2026-04-20,LOC-016,5.0,25
2026-04-20,LOC-016,4.1,14
2026-04-21,LOC-016,4.4,4
2026-04-21,LOC-016,3.8,7
2026-04-21,LOC-016,4.6,1
2026-04-22,LOC-016,4.8,14
2026-04-22,LOC-016,5.0,6
2026-04-22,LOC-016,4.5,10
2026-04-23,LOC-016,4.6,17
2026-04-23,LOC-016,3.6,1
2026-04-25,LOC-016,5.0,4
2026-04-25,LOC-016,5.0,14
2026-04-25,LOC-016,4.6,3
2026-04-25,LOC-016,4.8,4
2026-04-25,LOC-016,5.0,3
2026-04-26,LOC-016,5.0,15
2026-04-26,LOC-016,4.5,63
2026-04-26,LOC-016,4.7,83
2026-04-26,LOC-016,5.0,5
2026-04-26,LOC-016,4.5,15
2026-04-26,LOC-016,4.2,8
2026-04-27,LOC-016,4.4,16
2026-04-27,LOC-016,4.2,87
2026-04-27,LOC-016,5.0,5
2026-04-28,LOC-016,3.9,2
2026-04-29,LOC-016,4.3,16
2026-04-29,LOC-016,5.0,27
2026-04-29,LOC-016,4.3,18
2026-04-30,LOC-016,4.0,20
2026-04-30,LOC-016,5.0,8
2026-05-01,LOC-016,3.9,7
2026-05-01,LOC-016,5.0,4
2026-05-01,LOC-016,5.0,11
2026-05-01,LOC-016,5.0,7
2026-05-01,LOC-016,4.7,5
2026-05-01,LOC-016,4.8,8
2026-05-01,LOC-016,4.5,9
2026-05-02,LOC-016,4.6,27
2026-05-02,LOC-016,4.4,3
2026-05-03,LOC-016,4.3,12
2026-05-04,LOC-016,3.8,1
2026-05-04,LOC-016,4.9,7
2026-05-04,LOC-016,4.9,13
2026-05-04,LOC-016,4.7,17
2026-05-04,LOC-016,4.4,50
2026-05-05,LOC-016,5.0,8
2026-05-06,LOC-016,4.3,7
2026-05-06,LOC-016,5.0,9
2026-05-07,LOC-016,4.0,1
2026-05-08,LOC-016,4.8,17
2026-05-08,LOC-016,4.7,17
2026-05-09,LOC-016,5.0,1
2026-05-09,LOC-016,5.0,11
2026-05-09,LOC-016,4.9,1
2026-05-09,LOC-016,5.0,4
2026-05-09,LOC-016,4.6,9
2026-05-09,LOC-016,4.8,23
2026-05-10,LOC-016,4.0,24
2026-05-10,LOC-016,5.0,2
2026-05-10,LOC-016,4.9,16
2026-05-11,LOC-016,4.5,4
2026-05-11,LOC-016,4.0,1
2026-05-11,LOC-016,4.7,7
2026-05-11,LOC-016,4.8,47
2026-05-11,LOC-016,4.7,26
2026-05-11,LOC-016,5.0,43
2026-05-11,LOC-016,4.9,2
2026-05-11,LOC-016,4.3,23
2026-05-12,LOC-016,4.1,1
2026-05-12,LOC-016,4.5,2
2026-05-12,LOC-016,4.5,8
2026-05-13,LOC-016,4.0,1
2026-05-13,LOC-016,4.8,1
2026-05-14,LOC-016,4.0,33
2026-05-15,LOC-016,5.0,7
2026-05-16,LOC-016,5.0,9
2026-05-16,LOC-016,4.2,9
2026-05-16,LOC-016,4.3,21
2026-05-16,LOC-016,4.2,10
2026-05-16,LOC-016,4.9,3
2026-05-17,LOC-016,3.9,1
2026-05-17,LOC-016,5.0,13
2026-05-18,LOC-016,5.0,3
2026-05-18,LOC-016,4.5,1
2026-05-18,LOC-016,4.3,3
2026-05-19,LOC-016,4.7,1
2026-05-19,LOC-016,4.7,1
2026-05-19,LOC-016,4.9,11
2026-05-19,LOC-016,4.7,10
2026-05-21,LOC-016,4.5,1
2026-05-21,LOC-016,4.2,17
2026-05-22,LOC-016,5.0,10
2026-05-22,LOC-016,4.6,4
2026-05-22,LOC-016,4.5,21
2026-05-22,LOC-016,4.7,5
2026-05-22,LOC-016,4.4,2
2026-05-23,LOC-016,4.4,3
2026-05-23,LOC-016,4.9,7
2026-05-24,LOC-016,4.4,5
2026-05-24,LOC-016,4.0,21
2026-05-24,LOC-016,5.0,5
2026-05-25,LOC-016,4.9,1
2026-05-25,LOC-016,4.2,11
2026-05-25,LOC-016,4.4,19
2026-05-25,LOC-016,4.0,30
2026-05-25,LOC-016,5.0,2
2026-05-26,LOC-016,5.0,8
2026-05-26,LOC-016,4.2,2
2026-05-26,LOC-016,5.0,9
2026-05-26,LOC-016,5.0,42
2026-05-27,LOC-016,5.0,26
2026-05-27,LOC-016,5.0,5
2026-05-27,LOC-016,4.8,8
2026-05-27,LOC-016,3.9,21
2026-05-27,LOC-016,5.0,3
2026-05-28,LOC-016,4.1,29
2026-05-28,LOC-016,5.0,5
2026-05-28,LOC-016,5.0,3
2026-05-28,LOC-016,5.0,16
2026-05-29,LOC-016,4.4,6
2026-05-29,LOC-016,5.0,1
2026-05-29,LOC-016,4.8,11
2026-05-30,LOC-016,5.0,2
2026-05-30,LOC-016,5.0,2
2026-05-30,LOC-016,4.4,1
2026-05-31,LOC-016,4.5,1
2026-06-01,LOC-016,4.8,8
2026-06-01,LOC-016,5.0,29
2026-06-02,LOC-016,4.7,29
2026-06-02,LOC-016,4.4,3
2026-06-02,LOC-016,5.0,41
2026-06-03,LOC-016,4.7,1
2026-06-04,LOC-016,4.5,19
2026-06-04,LOC-016,4.4,1
2026-06-04,LOC-016,4.0,20
2026-06-05,LOC-016,4.8,1
2026-06-05,LOC-016,4.5,11
2026-06-05,LOC-016,4.4,3
2026-06-05,LOC-016,4.9,22
2026-06-05,LOC-016,4.1,37
2026-06-05,LOC-016,4.4,16
2026-06-06,LOC-016,4.3,29
2026-06-06,LOC-016,4.1,1
2026-06-06,LOC-016,4.6,3
2026-06-08,LOC-016,4.1,51
2026-06-08,LOC-016,5.0,1
2026-06-08,LOC-016,4.9,1
2026-06-08,LOC-016,4.9,5
2026-06-09,LOC-016,4.4,4
2026-06-09,LOC-016,4.2,60
2026-06-09,LOC-016,4.6,10
2026-06-09,LOC-016,5.0,1
2026-06-09,LOC-016,4.3,14
2026-06-10,LOC-016,4.7,8
2026-06-10,LOC-016,3.5,29
2026-06-11,LOC-016,5.0,1
2026-06-11,LOC-016,5.0,14
2026-06-12,LOC-016,2.9,2
2026-06-12,LOC-016,4.6,5
2026-06-13,LOC-016,5.0,24
2026-06-13,LOC-016,4.9,26
2026-06-14,LOC-016,4.6,6
2026-06-14,LOC-016,4.1,5
2026-06-14,LOC-016,4.4,3
2026-06-14,LOC-016,4.3,16
2026-06-14,LOC-016,4.9,1
2026-06-15,LOC-016,5.0,1
2026-06-15,LOC-016,4.3,26
2026-06-15,LOC-016,4.4,12
2026-06-15,LOC-016,4.2,20
2026-06-17,LOC-016,4.1,1
2026-06-17,LOC-016,5.0,39
2026-06-17,LOC-016,4.7,1
2026-06-17,LOC-016,4.1,2
2026-06-18,LOC-016,3.2,32
2026-06-18,LOC-016,4.7,25
2026-06-18,LOC-016,4.6,8
2026-06-19,LOC-016,4.1,8
2026-06-19,LOC-016,3.9,4
2026-06-20,LOC-016,4.4,5
2026-06-20,LOC-016,4.8,1
2026-06-21,LOC-016,3.6,14
2026-06-21,LOC-016,5.0,33
2026-06-21,LOC-016,4.6,31
2026-06-23,LOC-016,4.4,62
2026-06-23,LOC-016,4.0,11
2026-06-23,LOC-016,4.7,20
2026-06-24,LOC-016,4.0,7
2026-06-25,LOC-016,4.4,21
2026-06-25,LOC-016,4.7,35
2026-06-26,LOC-016,4.2,10
2026-06-26,LOC-016,4.9,18
2026-06-27,LOC-016,4.4,31
2026-06-27,LOC-016,4.3,5
2026-06-28,LOC-016,4.4,24
2026-06-29,LOC-016,4.9,37
2026-06-29,LOC-016,5.0,2
2026-06-29,LOC-016,4.2,7
2026-06-30,LOC-016,4.6,10
2026-06-30,LOC-016,4.5,6
2026-06-30,LOC-016,4.7,22
2026-06-30,LOC-016,4.2,24
2026-06-30,LOC-016,4.3,17
2026-06-30,LOC-016,4.3,26
2026-01-01,LOC-017,4.3,43
2026-01-01,LOC-017,4.0,4
2026-01-02,LOC-017,4.2,9
2026-01-02,LOC-017,3.8,24
2026-01-05,LOC-017,3.6,15
2026-01-05,LOC-017,3.4,37
2026-01-06,LOC-017,4.2,14
2026-01-06,LOC-017,4.6,8
2026-01-06,LOC-017,4.4,8
2026-01-07,LOC-017,5.0,2
2026-01-07,LOC-017,4.3,1
2026-01-07,LOC-017,4.4,34
2026-01-07,LOC-017,3.6,23
2026-01-07,LOC-017,4.1,2
2026-01-07,LOC-017,4.5,87
2026-01-07,LOC-017,4.7,15
2026-01-08,LOC-017,4.2,2
2026-01-08,LOC-017,5.0,25
2026-01-08,LOC-017,4.7,36
2026-01-08,LOC-017,3.0,3
2026-01-09,LOC-017,4.1,2
2026-01-09,LOC-017,4.7,4
2026-01-10,LOC-017,4.7,5
2026-01-10,LOC-017,4.0,10
2026-01-10,LOC-017,3.7,10
2026-01-10,LOC-017,5.0,14
2026-01-11,LOC-017,3.8,4
2026-01-11,LOC-017,5.0,1
2026-01-11,LOC-017,5.0,1
2026-01-11,LOC-017,4.0,20
2026-01-11,LOC-017,5.0,5
2026-01-12,LOC-017,4.4,1
2026-01-12,LOC-017,4.2,1
2026-01-12,LOC-017,5.0,1
2026-01-12,LOC-017,4.5,7
2026-01-14,LOC-017,4.8,7
2026-01-14,LOC-017,4.4,4
2026-01-14,LOC-017,4.0,1
2026-01-15,LOC-017,5.0,46
2026-01-15,LOC-017,4.3,37
2026-01-15,LOC-017,4.5,5
2026-01-16,LOC-017,3.3,23
2026-01-16,LOC-017,3.9,8
2026-01-17,LOC-017,3.9,41
2026-01-17,LOC-017,4.8,7
2026-01-17,LOC-017,4.5,6
2026-01-17,LOC-017,4.1,66
2026-01-17,LOC-017,4.1,20
2026-01-18,LOC-017,3.1,6
2026-01-18,LOC-017,4.6,1
2026-01-19,LOC-017,4.8,34
2026-01-19,LOC-017,4.5,13
2026-01-19,LOC-017,3.9,5
2026-01-19,LOC-017,4.5,4
2026-01-19,LOC-017,4.7,22
2026-01-19,LOC-017,3.9,6
2026-01-19,LOC-017,3.9,20
2026-01-19,LOC-017,4.2,28
2026-01-20,LOC-017,4.5,9
2026-01-20,LOC-017,4.3,16
2026-01-20,LOC-017,4.0,13
2026-01-21,LOC-017,4.4,24
2026-01-21,LOC-017,4.2,23
2026-01-21,LOC-017,3.8,1
2026-01-22,LOC-017,4.5,24
2026-01-23,LOC-017,4.7,20
2026-01-23,LOC-017,3.4,1
2026-01-23,LOC-017,4.2,8
2026-01-24,LOC-017,5.0,3
2026-01-24,LOC-017,2.9,19
2026-01-25,LOC-017,4.6,11
2026-01-26,LOC-017,3.2,37
2026-01-26,LOC-017,3.9,32
2026-01-26,LOC-017,3.6,1
2026-01-27,LOC-017,4.2,7
2026-01-27,LOC-017,5.0,6
2026-01-27,LOC-017,3.9,1
2026-01-27,LOC-017,4.2,1
2026-01-27,LOC-017,3.9,19
2026-01-27,LOC-017,4.8,6
2026-01-27,LOC-017,3.4,16
2026-01-28,LOC-017,5.0,6
2026-01-28,LOC-017,3.9,23
2026-01-30,LOC-017,5.0,1
2026-01-30,LOC-017,4.4,5
2026-01-30,LOC-017,4.2,21
2026-01-30,LOC-017,3.9,3
2026-01-31,LOC-017,4.2,16
2026-01-31,LOC-017,3.7,11
2026-02-01,LOC-017,4.0,5
2026-02-02,LOC-017,4.1,13
2026-02-02,LOC-017,4.9,1
2026-02-02,LOC-017,5.0,1
2026-02-02,LOC-017,5.0,7
2026-02-03,LOC-017,3.6,11
2026-02-03,LOC-017,4.4,13
2026-02-03,LOC-017,4.6,26
2026-02-04,LOC-017,3.9,3
2026-02-05,LOC-017,4.0,12
2026-02-06,LOC-017,4.3,5
2026-02-08,LOC-017,4.9,6
2026-02-09,LOC-017,3.8,5
2026-02-09,LOC-017,4.1,31
2026-02-09,LOC-017,3.4,17
2026-02-09,LOC-017,3.6,4
2026-02-10,LOC-017,4.6,8
2026-02-11,LOC-017,4.5,25
2026-02-11,LOC-017,4.3,10
2026-02-11,LOC-017,4.3,8
2026-02-12,LOC-017,5.0,2
2026-02-12,LOC-017,4.2,12
2026-02-12,LOC-017,4.5,58
2026-02-13,LOC-017,4.4,10
2026-02-13,LOC-017,4.4,10
2026-02-13,LOC-017,4.2,15
2026-02-13,LOC-017,3.7,9
2026-02-13,LOC-017,4.4,4
2026-02-13,LOC-017,3.2,36
2026-02-14,LOC-017,5.0,5
2026-02-14,LOC-017,3.9,2
2026-02-14,LOC-017,5.0,80
2026-02-14,LOC-017,4.1,38
2026-02-15,LOC-017,4.4,11
2026-02-15,LOC-017,3.7,70
2026-02-15,LOC-017,4.6,7
2026-02-16,LOC-017,4.1,5
2026-02-16,LOC-017,5.0,1
2026-02-17,LOC-017,4.8,30
2026-02-17,LOC-017,4.5,29
2026-02-17,LOC-017,4.2,1
2026-02-17,LOC-017,3.6,25
2026-02-17,LOC-017,4.6,4
2026-02-18,LOC-017,3.8,32
2026-02-18,LOC-017,4.4,6
2026-02-18,LOC-017,5.0,1
2026-02-18,LOC-017,3.8,7
2026-02-19,LOC-017,4.2,1
2026-02-20,LOC-017,3.8,14
2026-02-20,LOC-017,4.1,26
2026-02-20,LOC-017,4.6,43
2026-02-20,LOC-017,3.8,7
2026-02-20,LOC-017,4.8,5
2026-02-20,LOC-017,4.3,15
2026-02-21,LOC-017,3.8,38
2026-02-21,LOC-017,4.8,6
2026-02-21,LOC-017,4.2,16
2026-02-22,LOC-017,4.3,22
2026-02-22,LOC-017,3.9,23
2026-02-22,LOC-017,4.7,23
2026-02-22,LOC-017,4.8,11
2026-02-23,LOC-017,4.2,5
2026-02-25,LOC-017,4.5,19
2026-02-25,LOC-017,4.6,7
2026-02-25,LOC-017,4.7,1
2026-02-25,LOC-017,4.4,1
2026-02-25,LOC-017,4.5,29
2026-02-26,LOC-017,4.9,12
2026-02-26,LOC-017,4.0,12
2026-02-27,LOC-017,4.3,5
2026-02-27,LOC-017,4.5,12
2026-02-27,LOC-017,5.0,3
2026-02-28,LOC-017,3.7,1
2026-02-28,LOC-017,4.4,11
2026-02-28,LOC-017,3.2,52
2026-02-28,LOC-017,4.1,21
2026-02-28,LOC-017,3.4,20
2026-03-01,LOC-017,4.7,20
2026-03-01,LOC-017,4.9,24
2026-03-01,LOC-017,4.4,17
2026-03-01,LOC-017,5.0,10
2026-03-01,LOC-017,3.8,6
2026-03-01,LOC-017,4.1,20
2026-03-02,LOC-017,4.5,5
2026-03-02,LOC-017,4.3,4
2026-03-03,LOC-017,4.5,6
2026-03-03,LOC-017,4.7,3
2026-03-04,LOC-017,4.0,17
2026-03-05,LOC-017,4.1,23
2026-03-05,LOC-017,4.8,1
2026-03-06,LOC-017,4.1,5
2026-03-06,LOC-017,4.2,17
2026-03-07,LOC-017,4.4,1
2026-03-07,LOC-017,4.3,1
2026-03-07,LOC-017,4.2,9
2026-03-07,LOC-017,4.8,29
2026-03-07,LOC-017,4.0,27
2026-03-08,LOC-017,5.0,46
2026-03-08,LOC-017,4.2,3
2026-03-09,LOC-017,3.8,9
2026-03-09,LOC-017,5.0,7
2026-03-09,LOC-017,4.0,8
2026-03-10,LOC-017,3.7,2
2026-03-11,LOC-017,3.7,4
2026-03-11,LOC-017,5.0,1
2026-03-11,LOC-017,5.0,13
2026-03-11,LOC-017,4.0,1
2026-03-12,LOC-017,4.8,3
2026-03-12,LOC-017,4.3,5
2026-03-13,LOC-017,4.5,1
2026-03-13,LOC-017,4.5,1
2026-03-13,LOC-017,5.0,1
2026-03-13,LOC-017,5.0,1
2026-03-13,LOC-017,3.6,18
2026-03-14,LOC-017,4.3,12
2026-03-14,LOC-017,4.5,1
2026-03-14,LOC-017,4.1,46
2026-03-14,LOC-017,4.5,31
2026-03-14,LOC-017,5.0,14
2026-03-15,LOC-017,3.8,7
2026-03-15,LOC-017,3.9,4
2026-03-16,LOC-017,4.5,10
2026-03-17,LOC-017,4.4,12
2026-03-18,LOC-017,4.3,12
2026-03-18,LOC-017,4.5,41
2026-03-19,LOC-017,4.4,26
2026-03-19,LOC-017,4.2,16
2026-03-19,LOC-017,4.8,10
2026-03-19,LOC-017,4.2,1
2026-03-20,LOC-017,4.0,19
2026-03-20,LOC-017,3.1,7
2026-03-20,LOC-017,4.9,17
2026-03-20,LOC-017,4.3,9
2026-03-20,LOC-017,4.9,23
2026-03-21,LOC-017,5.0,1
2026-03-21,LOC-017,3.7,2
2026-03-21,LOC-017,3.6,12
2026-03-21,LOC-017,4.0,4
2026-03-22,LOC-017,4.6,7
2026-03-22,LOC-017,4.1,50
2026-03-22,LOC-017,4.2,14
2026-03-23,LOC-017,3.9,12
2026-03-23,LOC-017,3.3,8
2026-03-23,LOC-017,4.6,15
2026-03-23,LOC-017,4.1,19
2026-03-23,LOC-017,3.8,3
2026-03-23,LOC-017,4.6,4
2026-03-23,LOC-017,4.5,28
2026-03-23,LOC-017,5.0,29
2026-03-24,LOC-017,3.6,7
2026-03-24,LOC-017,4.4,7
2026-03-25,LOC-017,4.6,7
2026-03-25,LOC-017,4.1,14
2026-03-25,LOC-017,4.1,8
2026-03-25,LOC-017,4.3,13
2026-03-26,LOC-017,3.3,2
2026-03-26,LOC-017,4.0,8
2026-03-26,LOC-017,3.7,9
2026-03-27,LOC-017,3.0,21
2026-03-27,LOC-017,4.0,2
2026-03-28,LOC-017,3.9,6
2026-03-28,LOC-017,4.3,44
2026-03-28,LOC-017,4.4,1
2026-03-28,LOC-017,3.3,25
2026-03-28,LOC-017,4.0,2
2026-03-28,LOC-017,4.8,4
2026-03-29,LOC-017,4.2,37
2026-03-29,LOC-017,3.7,17
2026-03-29,LOC-017,4.2,6
2026-03-29,LOC-017,4.3,8
2026-03-29,LOC-017,3.7,32
2026-03-29,LOC-017,4.6,10
2026-03-31,LOC-017,4.9,35
2026-03-31,LOC-017,4.0,13
2026-04-01,LOC-017,4.6,7
2026-04-01,LOC-017,4.2,6
2026-04-02,LOC-017,2.8,7
2026-04-03,LOC-017,4.0,1
2026-04-04,LOC-017,4.8,15
2026-04-04,LOC-017,4.9,1
2026-04-04,LOC-017,5.0,20
2026-04-04,LOC-017,5.0,4
2026-04-04,LOC-017,4.8,18
2026-04-05,LOC-017,3.9,10
2026-04-05,LOC-017,3.9,1
2026-04-05,LOC-017,3.2,1
2026-04-05,LOC-017,4.7,8
2026-04-05,LOC-017,4.0,8
2026-04-06,LOC-017,4.5,3
2026-04-06,LOC-017,4.6,29
2026-04-06,LOC-017,4.3,34
2026-04-06,LOC-017,4.2,6
2026-04-06,LOC-017,5.0,1
2026-04-06,LOC-017,4.7,14
2026-04-07,LOC-017,4.4,10
2026-04-07,LOC-017,4.3,3
2026-04-07,LOC-017,3.2,2
2026-04-07,LOC-017,4.4,22
2026-04-08,LOC-017,4.4,25
2026-04-08,LOC-017,4.6,10
2026-04-08,LOC-017,4.5,1
2026-04-08,LOC-017,4.0,3
2026-04-08,LOC-017,4.6,6
2026-04-08,LOC-017,4.9,6
2026-04-09,LOC-017,3.6,1
2026-04-09,LOC-017,3.9,3
2026-04-09,LOC-017,4.5,23
2026-04-10,LOC-017,4.2,2
2026-04-10,LOC-017,4.6,6
2026-04-10,LOC-017,5.0,15
2026-04-10,LOC-017,4.0,23
2026-04-11,LOC-017,4.4,1
2026-04-11,LOC-017,3.7,51
2026-04-11,LOC-017,4.1,11
2026-04-12,LOC-017,3.8,1
2026-04-12,LOC-017,3.1,49
2026-04-12,LOC-017,4.1,13
2026-04-12,LOC-017,4.9,21
2026-04-12,LOC-017,4.6,7
2026-04-13,LOC-017,3.6,65
2026-04-13,LOC-017,3.5,1
2026-04-13,LOC-017,4.5,26
2026-04-13,LOC-017,5.0,2
2026-04-13,LOC-017,3.7,9
2026-04-13,LOC-017,4.2,19
2026-04-14,LOC-017,4.3,3
2026-04-15,LOC-017,4.8,5
2026-04-16,LOC-017,4.9,1
2026-04-16,LOC-017,4.3,31
2026-04-16,LOC-017,5.0,20
2026-04-16,LOC-017,4.3,10
2026-04-16,LOC-017,3.8,3
2026-04-16,LOC-017,3.4,27
2026-04-16,LOC-017,4.2,5
2026-04-16,LOC-017,3.7,1
2026-04-17,LOC-017,4.9,14
2026-04-17,LOC-017,3.7,23
2026-04-17,LOC-017,4.6,31
2026-04-18,LOC-017,4.7,35
2026-04-18,LOC-017,4.4,1
2026-04-18,LOC-017,4.9,1
2026-04-18,LOC-017,4.2,3
2026-04-19,LOC-017,3.9,14
2026-04-20,LOC-017,4.0,2
2026-04-20,LOC-017,3.5,20
2026-04-20,LOC-017,3.8,5
2026-04-20,LOC-017,3.2,1
2026-04-21,LOC-017,3.4,4
2026-04-21,LOC-017,4.4,7
2026-04-22,LOC-017,4.4,2
2026-04-22,LOC-017,3.7,8
2026-04-22,LOC-017,4.4,20
2026-04-22,LOC-017,4.8,17
2026-04-23,LOC-017,4.1,52
2026-04-23,LOC-017,3.8,15
2026-04-23,LOC-017,4.4,9
2026-04-23,LOC-017,4.0,12
2026-04-23,LOC-017,4.1,10
2026-04-23,LOC-017,3.9,1
2026-04-24,LOC-017,4.3,11
2026-04-25,LOC-017,4.0,16
2026-04-25,LOC-017,4.1,18
2026-04-25,LOC-017,3.9,20
2026-04-25,LOC-017,5.0,20
2026-04-25,LOC-017,4.2,2
2026-04-25,LOC-017,4.6,1
2026-04-26,LOC-017,3.4,6
2026-04-26,LOC-017,4.4,11
2026-04-26,LOC-017,4.4,63
2026-04-26,LOC-017,4.6,3
2026-04-27,LOC-017,4.0,35
2026-04-27,LOC-017,4.9,24
2026-04-27,LOC-017,5.0,5
2026-04-28,LOC-017,4.2,20
2026-04-28,LOC-017,5.0,18
2026-04-28,LOC-017,4.1,9
2026-04-28,LOC-017,4.1,9
2026-04-29,LOC-017,4.4,25
2026-04-29,LOC-017,4.2,9
2026-04-29,LOC-017,4.4,3
2026-04-29,LOC-017,4.4,5
2026-04-30,LOC-017,4.5,2
2026-04-30,LOC-017,4.4,23
2026-04-30,LOC-017,3.9,4
2026-04-30,LOC-017,4.7,13
2026-05-01,LOC-017,3.7,17
2026-05-01,LOC-017,5.0,3
2026-05-01,LOC-017,4.2,19
2026-05-01,LOC-017,5.0,10
2026-05-01,LOC-017,4.9,1
2026-05-02,LOC-017,4.1,10
2026-05-02,LOC-017,4.0,26
2026-05-02,LOC-017,4.1,21
2026-05-03,LOC-017,4.5,1
2026-05-03,LOC-017,4.8,4
2026-05-03,LOC-017,3.9,4
2026-05-04,LOC-017,3.9,1
2026-05-04,LOC-017,4.7,6
2026-05-04,LOC-017,4.1,16
2026-05-04,LOC-017,3.4,21
2026-05-04,LOC-017,4.1,17
2026-05-04,LOC-017,3.4,1
2026-05-05,LOC-017,4.7,2
2026-05-05,LOC-017,3.8,35
2026-05-05,LOC-017,3.3,24
2026-05-06,LOC-017,4.1,31
2026-05-06,LOC-017,3.8,2
2026-05-06,LOC-017,4.3,2
2026-05-07,LOC-017,4.6,20
2026-05-07,LOC-017,4.4,13
2026-05-07,LOC-017,4.7,5
2026-05-07,LOC-017,3.6,8
2026-05-07,LOC-017,4.2,9
2026-05-07,LOC-017,4.4,10
2026-05-08,LOC-017,4.8,2
2026-05-08,LOC-017,4.7,3
2026-05-09,LOC-017,3.9,1
2026-05-09,LOC-017,4.5,5
2026-05-09,LOC-017,4.2,13
2026-05-09,LOC-017,4.2,33
2026-05-09,LOC-017,4.5,16
2026-05-11,LOC-017,4.3,9
2026-05-12,LOC-017,4.3,37
2026-05-12,LOC-017,4.0,8
2026-05-12,LOC-017,4.1,18
2026-05-12,LOC-017,4.9,16
2026-05-13,LOC-017,4.5,9
2026-05-13,LOC-017,4.5,8
2026-05-13,LOC-017,4.2,1
2026-05-15,LOC-017,4.4,19
2026-05-15,LOC-017,3.8,21
2026-05-15,LOC-017,5.0,10
2026-05-16,LOC-017,4.6,31
2026-05-16,LOC-017,5.0,4
2026-05-16,LOC-017,3.4,4
2026-05-16,LOC-017,4.7,9
2026-05-17,LOC-017,3.4,3
2026-05-17,LOC-017,5.0,40
2026-05-18,LOC-017,4.4,2
2026-05-18,LOC-017,4.3,1
2026-05-19,LOC-017,4.2,1
2026-05-19,LOC-017,4.4,9
2026-05-19,LOC-017,4.1,16
2026-05-19,LOC-017,3.3,7
2026-05-20,LOC-017,3.6,9
2026-05-20,LOC-017,4.5,37
2026-05-20,LOC-017,3.9,17
2026-05-21,LOC-017,4.0,19
2026-05-21,LOC-017,4.9,2
2026-05-21,LOC-017,4.3,4
2026-05-22,LOC-017,3.8,1
2026-05-22,LOC-017,4.3,4
2026-05-22,LOC-017,3.7,42
2026-05-23,LOC-017,4.2,12
2026-05-24,LOC-017,5.0,9
2026-05-24,LOC-017,4.0,9
2026-05-24,LOC-017,4.1,1
2026-05-25,LOC-017,4.7,4
2026-05-25,LOC-017,3.6,80
2026-05-26,LOC-017,4.5,1
2026-05-26,LOC-017,5.0,20
2026-05-26,LOC-017,4.5,6
2026-05-27,LOC-017,3.9,8
2026-05-27,LOC-017,3.5,11
2026-05-27,LOC-017,3.6,10
2026-05-27,LOC-017,4.3,1
2026-05-27,LOC-017,4.5,33
2026-05-27,LOC-017,4.0,20
2026-05-27,LOC-017,4.3,5
2026-05-27,LOC-017,4.6,14
2026-05-28,LOC-017,4.1,14
2026-05-28,LOC-017,3.8,1
2026-05-28,LOC-017,4.1,1
2026-05-28,LOC-017,4.1,13
2026-05-28,LOC-017,5.0,1
2026-05-29,LOC-017,5.0,7
2026-05-29,LOC-017,4.1,11
2026-05-29,LOC-017,4.5,3
2026-05-30,LOC-017,3.9,5
2026-05-30,LOC-017,4.4,25
2026-05-30,LOC-017,5.0,10
2026-05-30,LOC-017,4.8,28
2026-05-30,LOC-017,4.4,6
2026-05-31,LOC-017,4.8,58
2026-05-31,LOC-017,5.0,14
2026-05-31,LOC-017,4.6,57
2026-06-01,LOC-017,3.3,1
2026-06-01,LOC-017,4.4,4
2026-06-02,LOC-017,3.7,137
2026-06-02,LOC-017,2.9,11
2026-06-02,LOC-017,4.0,12
2026-06-02,LOC-017,4.8,6
2026-06-03,LOC-017,4.4,7
2026-06-03,LOC-017,4.4,6
2026-06-03,LOC-017,2.7,8
2026-06-03,LOC-017,4.3,12
2026-06-03,LOC-017,3.8,2
2026-06-04,LOC-017,4.4,3
2026-06-04,LOC-017,4.8,16
2026-06-04,LOC-017,4.7,9
2026-06-04,LOC-017,4.2,32
2026-06-05,LOC-017,4.3,31
2026-06-05,LOC-017,4.6,95
2026-06-05,LOC-017,5.0,20
2026-06-05,LOC-017,4.3,20
2026-06-05,LOC-017,4.4,7
2026-06-06,LOC-017,4.1,11
2026-06-06,LOC-017,4.3,5
2026-06-07,LOC-017,3.1,15
2026-06-07,LOC-017,4.1,22
2026-06-07,LOC-017,4.1,23
2026-06-08,LOC-017,5.0,23
2026-06-08,LOC-017,4.3,16
2026-06-08,LOC-017,4.6,47
2026-06-10,LOC-017,4.8,7
2026-06-10,LOC-017,4.5,4
2026-06-11,LOC-017,4.2,13
2026-06-11,LOC-017,4.6,7
2026-06-11,LOC-017,4.4,11
2026-06-12,LOC-017,4.5,1
2026-06-12,LOC-017,5.0,25
2026-06-13,LOC-017,4.3,44
2026-06-13,LOC-017,4.9,10
2026-06-13,LOC-017,3.9,50
2026-06-14,LOC-017,4.3,6
2026-06-14,LOC-017,4.0,18
2026-06-14,LOC-017,4.5,5
2026-06-14,LOC-017,4.7,10
2026-06-15,LOC-017,3.4,8
2026-06-15,LOC-017,4.9,82
2026-06-15,LOC-017,4.8,9
2026-06-16,LOC-017,4.5,2
2026-06-16,LOC-017,4.3,1
2026-06-16,LOC-017,3.7,3
2026-06-16,LOC-017,4.2,6
2026-06-16,LOC-017,4.6,7
2026-06-16,LOC-017,4.7,13
2026-06-17,LOC-017,4.4,18
2026-06-17,LOC-017,4.7,8
2026-06-17,LOC-017,4.1,26
2026-06-18,LOC-017,4.9,3
2026-06-18,LOC-017,3.2,1
2026-06-18,LOC-017,4.1,10
2026-06-18,LOC-017,4.7,11
2026-06-18,LOC-017,4.9,2
2026-06-18,LOC-017,4.4,12
2026-06-19,LOC-017,4.4,34
2026-06-19,LOC-017,4.5,6
2026-06-20,LOC-017,5.0,16
2026-06-21,LOC-017,4.4,1
2026-06-21,LOC-017,3.2,36
2026-06-21,LOC-017,5.0,19
2026-06-21,LOC-017,4.8,10
2026-06-21,LOC-017,3.6,20
2026-06-22,LOC-017,4.3,8
2026-06-22,LOC-017,4.3,4
2026-06-22,LOC-017,4.0,23
2026-06-22,LOC-017,4.5,1
2026-06-23,LOC-017,4.2,8
2026-06-23,LOC-017,4.4,1
2026-06-24,LOC-017,3.9,11
2026-06-25,LOC-017,4.6,2
2026-06-25,LOC-017,5.0,7
2026-06-25,LOC-017,4.7,11
2026-06-26,LOC-017,4.8,3
2026-06-26,LOC-017,4.3,32
2026-06-27,LOC-017,4.5,35
2026-06-27,LOC-017,4.7,8
2026-06-27,LOC-017,4.5,27
2026-06-27,LOC-017,3.5,50
2026-06-28,LOC-017,3.7,30
2026-06-28,LOC-017,3.5,22
2026-06-29,LOC-017,3.4,1
2026-06-29,LOC-017,5.0,25
2026-06-29,LOC-017,4.2,14
2026-06-30,LOC-017,3.9,17
2026-01-01,LOC-018,3.8,6
2026-01-01,LOC-018,3.6,23
2026-01-01,LOC-018,2.2,1
2026-01-02,LOC-018,3.8,25
2026-01-02,LOC-018,3.5,20
2026-01-02,LOC-018,3.7,1
2026-01-03,LOC-018,3.0,1
2026-01-04,LOC-018,3.8,6
2026-01-05,LOC-018,4.2,9
2026-01-05,LOC-018,3.9,11
2026-01-05,LOC-018,3.9,5
2026-01-05,LOC-018,4.5,15
2026-01-06,LOC-018,2.8,7
2026-01-06,LOC-018,3.7,32
2026-01-06,LOC-018,3.8,8
2026-01-06,LOC-018,4.1,8
2026-01-06,LOC-018,4.5,4
2026-01-06,LOC-018,3.3,17
2026-01-07,LOC-018,4.0,13
2026-01-07,LOC-018,4.2,15
2026-01-07,LOC-018,4.7,4
2026-01-07,LOC-018,3.7,23
2026-01-07,LOC-018,3.4,11
2026-01-08,LOC-018,4.1,3
2026-01-08,LOC-018,3.8,32
2026-01-09,LOC-018,3.1,3
2026-01-09,LOC-018,2.8,13
2026-01-09,LOC-018,3.5,5
2026-01-09,LOC-018,2.3,10
2026-01-10,LOC-018,3.7,10
2026-01-10,LOC-018,4.0,6
2026-01-12,LOC-018,3.3,12
2026-01-12,LOC-018,3.9,3
2026-01-13,LOC-018,3.2,11
2026-01-13,LOC-018,3.2,9
2026-01-13,LOC-018,3.4,22
2026-01-13,LOC-018,4.4,51
2026-01-14,LOC-018,4.2,23
2026-01-14,LOC-018,4.1,33
2026-01-14,LOC-018,3.0,17
2026-01-15,LOC-018,4.1,9
2026-01-15,LOC-018,3.2,4
2026-01-16,LOC-018,3.0,7
2026-01-16,LOC-018,3.1,2
2026-01-16,LOC-018,4.1,4
2026-01-16,LOC-018,3.8,9
2026-01-17,LOC-018,2.9,22
2026-01-17,LOC-018,2.8,55
2026-01-17,LOC-018,3.4,21
2026-01-18,LOC-018,4.2,11
2026-01-19,LOC-018,3.5,10
2026-01-19,LOC-018,3.5,1
2026-01-19,LOC-018,3.9,4
2026-01-19,LOC-018,4.2,9
2026-01-20,LOC-018,4.6,13
2026-01-20,LOC-018,3.9,7
2026-01-21,LOC-018,4.4,32
2026-01-21,LOC-018,3.8,11
2026-01-21,LOC-018,3.4,12
2026-01-21,LOC-018,4.2,21
2026-01-21,LOC-018,4.2,2
2026-01-22,LOC-018,3.4,4
2026-01-22,LOC-018,3.2,20
2026-01-23,LOC-018,3.9,33
2026-01-23,LOC-018,3.5,1
2026-01-23,LOC-018,3.5,3
2026-01-24,LOC-018,3.3,10
2026-01-24,LOC-018,3.3,4
2026-01-24,LOC-018,3.4,28
2026-01-24,LOC-018,4.0,2
2026-01-24,LOC-018,3.4,9
2026-01-24,LOC-018,3.0,35
2026-01-24,LOC-018,3.2,25
2026-01-25,LOC-018,3.4,7
2026-01-25,LOC-018,4.2,3
2026-01-25,LOC-018,4.0,22
2026-01-26,LOC-018,4.1,4
2026-01-26,LOC-018,3.6,9
2026-01-27,LOC-018,3.4,10
2026-01-27,LOC-018,3.3,3
2026-01-27,LOC-018,3.9,2
2026-01-27,LOC-018,3.7,15
2026-01-27,LOC-018,4.0,3
2026-01-28,LOC-018,4.0,32
2026-01-28,LOC-018,4.3,9
2026-01-28,LOC-018,3.3,18
2026-01-28,LOC-018,3.4,19
2026-01-28,LOC-018,3.9,18
2026-01-29,LOC-018,4.1,9
2026-01-30,LOC-018,3.2,1
2026-01-30,LOC-018,3.5,18
2026-01-30,LOC-018,3.0,3
2026-01-31,LOC-018,2.7,2
2026-01-31,LOC-018,4.0,9
2026-02-01,LOC-018,3.5,2
2026-02-02,LOC-018,4.5,65
2026-02-02,LOC-018,3.6,4
2026-02-02,LOC-018,4.1,25
2026-02-02,LOC-018,2.6,4
2026-02-02,LOC-018,3.0,15
2026-02-02,LOC-018,4.0,7
2026-02-02,LOC-018,3.1,1
2026-02-03,LOC-018,3.2,14
2026-02-03,LOC-018,4.0,50
2026-02-05,LOC-018,3.1,8
2026-02-05,LOC-018,3.7,20
2026-02-05,LOC-018,2.8,8
2026-02-05,LOC-018,4.2,3
2026-02-05,LOC-018,4.6,24
2026-02-06,LOC-018,3.0,7
2026-02-06,LOC-018,3.8,6
2026-02-06,LOC-018,3.4,1
2026-02-07,LOC-018,3.6,6
2026-02-07,LOC-018,3.5,26
2026-02-07,LOC-018,4.2,14
2026-02-07,LOC-018,3.4,14
2026-02-07,LOC-018,3.8,18
2026-02-07,LOC-018,4.2,11
2026-02-07,LOC-018,3.7,16
2026-02-08,LOC-018,3.7,1
2026-02-08,LOC-018,3.6,14
2026-02-08,LOC-018,4.0,24
2026-02-08,LOC-018,3.7,17
2026-02-08,LOC-018,3.3,1
2026-02-09,LOC-018,3.5,19
2026-02-09,LOC-018,3.2,13
2026-02-09,LOC-018,3.3,4
2026-02-09,LOC-018,3.7,18
2026-02-09,LOC-018,4.7,26
2026-02-10,LOC-018,3.9,3
2026-02-11,LOC-018,3.9,30
2026-02-11,LOC-018,3.9,35
2026-02-11,LOC-018,3.7,10
2026-02-12,LOC-018,3.5,8
2026-02-12,LOC-018,3.9,3
2026-02-12,LOC-018,2.1,10
2026-02-13,LOC-018,4.2,7
2026-02-13,LOC-018,3.0,16
2026-02-13,LOC-018,3.9,10
2026-02-14,LOC-018,4.3,20
2026-02-14,LOC-018,4.1,17
2026-02-14,LOC-018,3.3,7
2026-02-15,LOC-018,4.3,14
2026-02-15,LOC-018,3.4,7
2026-02-15,LOC-018,3.3,2
2026-02-16,LOC-018,3.3,3
2026-02-16,LOC-018,3.4,7
2026-02-16,LOC-018,4.2,1
2026-02-16,LOC-018,3.2,2
2026-02-16,LOC-018,3.4,6
2026-02-16,LOC-018,3.1,1
2026-02-17,LOC-018,3.0,17
2026-02-17,LOC-018,3.6,20
2026-02-17,LOC-018,3.6,1
2026-02-17,LOC-018,4.0,12
2026-02-17,LOC-018,4.3,37
2026-02-18,LOC-018,3.7,3
2026-02-18,LOC-018,3.3,31
2026-02-19,LOC-018,4.9,20
2026-02-19,LOC-018,3.7,9
2026-02-20,LOC-018,3.6,4
2026-02-20,LOC-018,3.5,18
2026-02-20,LOC-018,4.1,3
2026-02-21,LOC-018,3.4,3
2026-02-21,LOC-018,3.5,8
2026-02-23,LOC-018,3.2,16
2026-02-23,LOC-018,3.8,34
2026-02-23,LOC-018,3.4,8
2026-02-23,LOC-018,3.1,13
2026-02-23,LOC-018,4.1,1
2026-02-23,LOC-018,3.9,1
2026-02-24,LOC-018,3.9,27
2026-02-24,LOC-018,3.6,6
2026-02-24,LOC-018,3.9,6
2026-02-26,LOC-018,4.0,50
2026-02-26,LOC-018,3.2,6
2026-02-26,LOC-018,4.2,44
2026-02-26,LOC-018,3.7,17
2026-02-27,LOC-018,4.3,6
2026-02-28,LOC-018,3.5,6
2026-02-28,LOC-018,4.0,43
2026-02-28,LOC-018,3.6,29
2026-02-28,LOC-018,3.5,17
2026-02-28,LOC-018,2.7,23
2026-03-01,LOC-018,4.5,3
2026-03-01,LOC-018,3.8,1
2026-03-01,LOC-018,4.9,3
2026-03-02,LOC-018,4.1,12
2026-03-02,LOC-018,3.3,6
2026-03-02,LOC-018,4.5,30
2026-03-02,LOC-018,3.4,47
2026-03-02,LOC-018,3.0,1
2026-03-03,LOC-018,3.3,12
2026-03-03,LOC-018,3.8,3
2026-03-03,LOC-018,3.3,89
2026-03-03,LOC-018,3.1,8
2026-03-04,LOC-018,4.1,34
2026-03-04,LOC-018,4.1,2
2026-03-05,LOC-018,3.8,5
2026-03-05,LOC-018,4.6,14
2026-03-05,LOC-018,3.4,18
2026-03-05,LOC-018,4.2,3
2026-03-07,LOC-018,4.4,23
2026-03-07,LOC-018,3.3,17
2026-03-07,LOC-018,4.0,18
2026-03-08,LOC-018,4.1,11
2026-03-08,LOC-018,3.8,11
2026-03-09,LOC-018,3.3,23
2026-03-09,LOC-018,3.7,62
2026-03-09,LOC-018,3.8,8
2026-03-09,LOC-018,3.4,11
2026-03-10,LOC-018,3.0,20
2026-03-11,LOC-018,3.6,4
2026-03-11,LOC-018,3.8,26
2026-03-12,LOC-018,3.3,13
2026-03-12,LOC-018,3.9,1
2026-03-12,LOC-018,2.6,13
2026-03-12,LOC-018,3.3,14
2026-03-12,LOC-018,3.8,11
2026-03-13,LOC-018,3.3,5
2026-03-13,LOC-018,3.5,1
2026-03-13,LOC-018,3.6,2
2026-03-14,LOC-018,4.0,1
2026-03-14,LOC-018,3.1,46
2026-03-14,LOC-018,4.4,5
2026-03-14,LOC-018,3.2,24
2026-03-14,LOC-018,3.7,76
2026-03-15,LOC-018,3.0,7
2026-03-16,LOC-018,3.9,14
2026-03-16,LOC-018,4.0,15
2026-03-17,LOC-018,3.4,44
2026-03-18,LOC-018,3.7,30
2026-03-18,LOC-018,4.5,8
2026-03-18,LOC-018,4.5,11
2026-03-18,LOC-018,4.1,3
2026-03-19,LOC-018,3.6,10
2026-03-19,LOC-018,2.8,3
2026-03-20,LOC-018,3.5,14
2026-03-20,LOC-018,4.2,3
2026-03-21,LOC-018,4.3,5
2026-03-21,LOC-018,3.5,8
2026-03-21,LOC-018,4.3,6
2026-03-21,LOC-018,3.8,5
2026-03-22,LOC-018,3.5,45
2026-03-22,LOC-018,4.2,2
2026-03-22,LOC-018,4.3,24
2026-03-22,LOC-018,3.3,2
2026-03-22,LOC-018,2.8,4
2026-03-23,LOC-018,3.7,19
2026-03-23,LOC-018,3.9,19
2026-03-23,LOC-018,3.7,1
2026-03-23,LOC-018,3.9,25
2026-03-24,LOC-018,4.1,44
2026-03-24,LOC-018,4.6,20
2026-03-24,LOC-018,3.6,28
2026-03-24,LOC-018,4.2,56
2026-03-24,LOC-018,3.8,25
2026-03-24,LOC-018,4.8,9
2026-03-25,LOC-018,3.5,31
2026-03-26,LOC-018,4.3,10
2026-03-26,LOC-018,4.3,5
2026-03-26,LOC-018,3.2,23
2026-03-26,LOC-018,3.2,8
2026-03-27,LOC-018,3.9,55
2026-03-27,LOC-018,3.9,3
2026-03-27,LOC-018,4.6,56
2026-03-27,LOC-018,4.3,3
2026-03-27,LOC-018,4.1,6
2026-03-29,LOC-018,3.5,67
2026-03-29,LOC-018,4.1,24
2026-03-30,LOC-018,3.1,14
2026-03-30,LOC-018,4.2,2
2026-03-30,LOC-018,3.0,15
2026-03-30,LOC-018,4.0,5
2026-03-30,LOC-018,4.8,26
2026-03-31,LOC-018,4.0,32
2026-03-31,LOC-018,3.9,18
2026-03-31,LOC-018,3.5,22
2026-03-31,LOC-018,3.5,2
2026-03-31,LOC-018,3.1,13
2026-04-01,LOC-018,4.0,1
2026-04-01,LOC-018,4.2,11
2026-04-02,LOC-018,3.1,5
2026-04-02,LOC-018,3.5,7
2026-04-03,LOC-018,3.8,24
2026-04-03,LOC-018,3.6,1
2026-04-03,LOC-018,3.8,26
2026-04-04,LOC-018,3.2,12
2026-04-04,LOC-018,3.5,2
2026-04-04,LOC-018,3.2,15
2026-04-05,LOC-018,4.3,1
2026-04-05,LOC-018,3.5,6
2026-04-06,LOC-018,3.1,35
2026-04-06,LOC-018,3.4,1
2026-04-07,LOC-018,3.5,26
2026-04-07,LOC-018,4.9,1
2026-04-07,LOC-018,3.8,30
2026-04-08,LOC-018,3.8,11
2026-04-08,LOC-018,3.5,14
2026-04-08,LOC-018,3.0,10
2026-04-08,LOC-018,4.3,19
2026-04-08,LOC-018,3.6,2
2026-04-08,LOC-018,3.2,1
2026-04-09,LOC-018,4.1,92
2026-04-09,LOC-018,3.5,16
2026-04-09,LOC-018,4.2,61
2026-04-09,LOC-018,4.6,4
2026-04-09,LOC-018,3.7,1
2026-04-10,LOC-018,3.9,20
2026-04-10,LOC-018,3.4,6
2026-04-11,LOC-018,3.6,2
2026-04-11,LOC-018,2.8,1
2026-04-11,LOC-018,2.8,6
2026-04-11,LOC-018,3.0,8
2026-04-13,LOC-018,3.5,39
2026-04-13,LOC-018,3.1,1
2026-04-13,LOC-018,3.0,3
2026-04-13,LOC-018,3.1,27
2026-04-13,LOC-018,2.9,28
2026-04-13,LOC-018,4.2,1
2026-04-14,LOC-018,3.3,10
2026-04-14,LOC-018,4.2,2
2026-04-15,LOC-018,4.1,3
2026-04-16,LOC-018,3.9,12
2026-04-17,LOC-018,4.2,11
2026-04-18,LOC-018,4.1,2
2026-04-19,LOC-018,3.5,24
2026-04-20,LOC-018,3.6,16
2026-04-20,LOC-018,3.4,2
2026-04-20,LOC-018,3.9,3
2026-04-20,LOC-018,3.5,5
2026-04-21,LOC-018,4.5,13
2026-04-21,LOC-018,3.6,19
2026-04-22,LOC-018,3.6,2
2026-04-22,LOC-018,3.9,23
2026-04-23,LOC-018,3.7,15
2026-04-23,LOC-018,4.1,9
2026-04-23,LOC-018,3.4,11
2026-04-24,LOC-018,4.8,6
2026-04-24,LOC-018,4.4,5
2026-04-24,LOC-018,3.3,41
2026-04-24,LOC-018,3.8,3
2026-04-25,LOC-018,3.4,17
2026-04-25,LOC-018,3.0,12
2026-04-25,LOC-018,4.1,43
2026-04-25,LOC-018,4.2,10
2026-04-26,LOC-018,3.0,50
2026-04-27,LOC-018,3.8,14
2026-04-27,LOC-018,3.5,4
2026-04-27,LOC-018,4.3,29
2026-04-27,LOC-018,3.7,3
2026-04-28,LOC-018,3.8,4
2026-04-28,LOC-018,4.1,8
2026-04-28,LOC-018,2.8,4
2026-04-28,LOC-018,3.7,22
2026-04-28,LOC-018,3.8,4
2026-04-29,LOC-018,4.6,8
2026-04-29,LOC-018,4.2,29
2026-05-01,LOC-018,3.4,11
2026-05-01,LOC-018,3.9,29
2026-05-01,LOC-018,3.4,1
2026-05-01,LOC-018,4.1,14
2026-05-01,LOC-018,3.6,16
2026-05-01,LOC-018,4.1,3
2026-05-02,LOC-018,3.5,1
2026-05-02,LOC-018,4.7,16
2026-05-02,LOC-018,4.1,22
2026-05-03,LOC-018,3.5,11
2026-05-03,LOC-018,2.8,46
2026-05-03,LOC-018,3.8,1
2026-05-03,LOC-018,3.4,1
2026-05-04,LOC-018,3.0,10
2026-05-04,LOC-018,4.1,6
2026-05-04,LOC-018,3.8,12
2026-05-04,LOC-018,3.4,27
2026-05-05,LOC-018,5.0,25
2026-05-05,LOC-018,2.7,11
2026-05-06,LOC-018,4.8,1
2026-05-07,LOC-018,4.6,1
2026-05-07,LOC-018,4.1,13
2026-05-07,LOC-018,3.0,28
2026-05-07,LOC-018,4.0,9
2026-05-07,LOC-018,3.4,21
2026-05-08,LOC-018,3.2,43
2026-05-09,LOC-018,3.5,10
2026-05-09,LOC-018,3.3,10
2026-05-09,LOC-018,2.8,16
2026-05-09,LOC-018,3.8,25
2026-05-10,LOC-018,3.3,20
2026-05-10,LOC-018,3.2,25
2026-05-10,LOC-018,3.5,8
2026-05-10,LOC-018,2.6,7
2026-05-11,LOC-018,3.0,11
2026-05-11,LOC-018,3.6,2
2026-05-11,LOC-018,3.9,15
2026-05-11,LOC-018,3.7,2
2026-05-12,LOC-018,3.1,7
2026-05-13,LOC-018,2.5,1
2026-05-13,LOC-018,3.7,1
2026-05-13,LOC-018,3.6,2
2026-05-14,LOC-018,3.1,6
2026-05-14,LOC-018,2.6,5
2026-05-14,LOC-018,2.9,23
2026-05-15,LOC-018,3.2,9
2026-05-17,LOC-018,4.3,9
2026-05-17,LOC-018,3.6,34
2026-05-17,LOC-018,3.8,27
2026-05-17,LOC-018,4.4,13
2026-05-17,LOC-018,3.0,8
2026-05-18,LOC-018,4.1,4
2026-05-18,LOC-018,4.2,38
2026-05-18,LOC-018,3.9,19
2026-05-19,LOC-018,4.0,7
2026-05-19,LOC-018,3.2,16
2026-05-19,LOC-018,4.3,18
2026-05-19,LOC-018,3.5,23
2026-05-19,LOC-018,3.8,9
2026-05-19,LOC-018,4.6,4
2026-05-20,LOC-018,3.4,4
2026-05-21,LOC-018,3.8,14
2026-05-21,LOC-018,3.5,1
2026-05-21,LOC-018,3.3,9
2026-05-22,LOC-018,3.3,1
2026-05-22,LOC-018,4.1,7
2026-05-22,LOC-018,4.6,20
2026-05-23,LOC-018,4.1,4
2026-05-23,LOC-018,4.1,8
2026-05-23,LOC-018,3.2,13
2026-05-24,LOC-018,4.1,6
2026-05-24,LOC-018,4.0,11
2026-05-25,LOC-018,4.1,21
2026-05-25,LOC-018,3.5,9
2026-05-25,LOC-018,4.4,12
2026-05-26,LOC-018,4.0,6
2026-05-27,LOC-018,3.4,1
2026-05-29,LOC-018,4.1,60
2026-05-29,LOC-018,2.6,27
2026-05-29,LOC-018,2.9,1
2026-05-29,LOC-018,4.0,2
2026-05-30,LOC-018,4.4,20
2026-05-30,LOC-018,3.9,1
2026-05-30,LOC-018,3.7,6
2026-05-30,LOC-018,4.1,8
2026-05-30,LOC-018,3.8,62
2026-05-31,LOC-018,4.6,5
2026-05-31,LOC-018,3.1,6
2026-05-31,LOC-018,2.2,19
2026-05-31,LOC-018,3.7,22
2026-06-01,LOC-018,3.4,34
2026-06-01,LOC-018,4.0,8
2026-06-01,LOC-018,4.3,10
2026-06-01,LOC-018,4.0,27
2026-06-02,LOC-018,3.4,9
2026-06-02,LOC-018,3.1,42
2026-06-02,LOC-018,3.0,21
2026-06-02,LOC-018,3.3,17
2026-06-02,LOC-018,4.5,16
2026-06-02,LOC-018,3.4,32
2026-06-02,LOC-018,3.4,14
2026-06-02,LOC-018,4.3,2
2026-06-02,LOC-018,3.8,6
2026-06-03,LOC-018,4.2,11
2026-06-03,LOC-018,3.8,13
2026-06-03,LOC-018,2.8,32
2026-06-03,LOC-018,3.5,15
2026-06-03,LOC-018,3.6,4
2026-06-04,LOC-018,3.2,14
2026-06-04,LOC-018,3.3,4
2026-06-04,LOC-018,4.2,6
2026-06-05,LOC-018,3.7,1
2026-06-05,LOC-018,2.9,7
2026-06-05,LOC-018,4.0,18
2026-06-05,LOC-018,4.6,3
2026-06-06,LOC-018,3.6,3
2026-06-06,LOC-018,3.2,37
2026-06-06,LOC-018,4.8,35
2026-06-06,LOC-018,3.9,4
2026-06-06,LOC-018,3.7,5
2026-06-06,LOC-018,3.3,2
2026-06-06,LOC-018,3.7,21
2026-06-07,LOC-018,4.5,16
2026-06-07,LOC-018,3.5,22
2026-06-07,LOC-018,3.6,1
2026-06-07,LOC-018,3.4,1
2026-06-08,LOC-018,4.0,22
2026-06-08,LOC-018,4.7,37
2026-06-09,LOC-018,3.7,23
2026-06-10,LOC-018,4.3,5
2026-06-11,LOC-018,3.3,24
2026-06-11,LOC-018,3.6,87
2026-06-11,LOC-018,3.9,17
2026-06-12,LOC-018,3.3,17
2026-06-13,LOC-018,3.0,4
2026-06-13,LOC-018,3.9,6
2026-06-13,LOC-018,3.6,2
2026-06-13,LOC-018,3.2,42
2026-06-14,LOC-018,3.3,2
2026-06-14,LOC-018,4.1,10
2026-06-15,LOC-018,3.7,17
2026-06-15,LOC-018,3.8,25
2026-06-15,LOC-018,4.0,51
2026-06-16,LOC-018,3.8,22
2026-06-16,LOC-018,3.7,10
2026-06-16,LOC-018,3.9,27
2026-06-17,LOC-018,4.2,42
2026-06-17,LOC-018,2.7,13
2026-06-17,LOC-018,3.2,4
2026-06-17,LOC-018,3.5,22
2026-06-18,LOC-018,3.3,15
2026-06-18,LOC-018,3.1,5
2026-06-18,LOC-018,3.9,16
2026-06-18,LOC-018,3.9,17
2026-06-19,LOC-018,3.8,53
2026-06-19,LOC-018,2.9,16
2026-06-20,LOC-018,3.2,44
2026-06-20,LOC-018,3.0,30
2026-06-20,LOC-018,4.1,11
2026-06-20,LOC-018,4.0,10
2026-06-20,LOC-018,3.7,7
2026-06-21,LOC-018,4.3,1
2026-06-21,LOC-018,4.2,19
2026-06-21,LOC-018,4.4,1
2026-06-21,LOC-018,3.3,7
2026-06-21,LOC-018,3.8,7
2026-06-22,LOC-018,4.1,1
2026-06-22,LOC-018,4.4,16
2026-06-23,LOC-018,3.4,1
2026-06-23,LOC-018,3.4,3
2026-06-24,LOC-018,3.1,20
2026-06-25,LOC-018,3.5,8
2026-06-25,LOC-018,3.3,9
2026-06-25,LOC-018,2.5,3
2026-06-25,LOC-018,4.2,23
2026-06-25,LOC-018,4.1,8
2026-06-26,LOC-018,3.8,1
2026-06-26,LOC-018,4.9,5
2026-06-26,LOC-018,3.7,4
2026-06-26,LOC-018,3.7,25
2026-06-27,LOC-018,3.6,1
2026-06-27,LOC-018,3.7,1
2026-06-27,LOC-018,3.3,9
2026-06-28,LOC-018,3.6,6
2026-06-28,LOC-018,3.8,5
2026-06-28,LOC-018,4.0,47
2026-06-29,LOC-018,3.8,1
2026-06-29,LOC-018,2.8,9
2026-06-30,LOC-018,4.2,5
2026-06-30,LOC-018,3.2,1
2026-01-01,LOC-019,4.7,34
2026-01-01,LOC-019,4.9,9
2026-01-01,LOC-019,4.6,15
2026-01-01,LOC-019,5.0,20
2026-01-02,LOC-019,4.8,3
2026-01-05,LOC-019,4.1,4
2026-01-05,LOC-019,4.6,34
2026-01-06,LOC-019,5.0,29
2026-01-06,LOC-019,3.9,36
2026-01-06,LOC-019,3.8,12
2026-01-06,LOC-019,5.0,17
2026-01-06,LOC-019,5.0,22
2026-01-06,LOC-019,4.4,27
2026-01-07,LOC-019,4.7,18
2026-01-07,LOC-019,4.8,3
2026-01-08,LOC-019,5.0,1
2026-01-08,LOC-019,5.0,26
2026-01-09,LOC-019,4.4,27
2026-01-09,LOC-019,5.0,5
2026-01-09,LOC-019,4.6,15
2026-01-10,LOC-019,4.1,38
2026-01-10,LOC-019,3.8,14
2026-01-10,LOC-019,4.7,1
2026-01-12,LOC-019,4.6,6
2026-01-12,LOC-019,5.0,30
2026-01-12,LOC-019,4.3,35
2026-01-12,LOC-019,5.0,5
2026-01-12,LOC-019,4.8,8
2026-01-12,LOC-019,5.0,41
2026-01-13,LOC-019,5.0,1
2026-01-13,LOC-019,5.0,14
2026-01-13,LOC-019,4.9,47
2026-01-13,LOC-019,5.0,15
2026-01-13,LOC-019,4.6,4
2026-01-14,LOC-019,4.8,34
2026-01-15,LOC-019,5.0,31
2026-01-16,LOC-019,4.6,1
2026-01-17,LOC-019,4.0,15
2026-01-17,LOC-019,4.7,3
2026-01-17,LOC-019,4.4,3
2026-01-17,LOC-019,4.7,1
2026-01-19,LOC-019,4.9,24
2026-01-19,LOC-019,4.3,24
2026-01-19,LOC-019,4.2,5
2026-01-20,LOC-019,4.6,15
2026-01-20,LOC-019,4.1,3
2026-01-20,LOC-019,4.1,13
2026-01-20,LOC-019,4.3,28
2026-01-21,LOC-019,5.0,43
2026-01-22,LOC-019,5.0,5
2026-01-22,LOC-019,4.2,6
2026-01-22,LOC-019,4.8,13
2026-01-22,LOC-019,4.8,11
2026-01-23,LOC-019,5.0,5
2026-01-23,LOC-019,4.3,2
2026-01-23,LOC-019,4.4,20
2026-01-24,LOC-019,4.5,4
2026-01-24,LOC-019,3.8,7
2026-01-25,LOC-019,4.9,7
2026-01-25,LOC-019,4.4,5
2026-01-26,LOC-019,5.0,9
2026-01-26,LOC-019,4.7,37
2026-01-27,LOC-019,5.0,15
2026-01-27,LOC-019,3.8,4
2026-01-28,LOC-019,5.0,3
2026-01-28,LOC-019,5.0,31
2026-01-29,LOC-019,5.0,2
2026-01-29,LOC-019,3.8,9
2026-01-29,LOC-019,5.0,10
2026-01-29,LOC-019,4.6,2
2026-01-30,LOC-019,5.0,19
2026-01-30,LOC-019,4.7,9
2026-01-30,LOC-019,5.0,16
2026-01-30,LOC-019,3.8,3
2026-01-30,LOC-019,4.7,5
2026-01-30,LOC-019,4.2,2
2026-01-31,LOC-019,4.3,12
2026-01-31,LOC-019,5.0,25
2026-02-01,LOC-019,5.0,11
2026-02-01,LOC-019,4.5,62
2026-02-01,LOC-019,4.9,24
2026-02-01,LOC-019,5.0,3
2026-02-02,LOC-019,4.7,1
2026-02-02,LOC-019,4.5,6
2026-02-02,LOC-019,4.3,18
2026-02-02,LOC-019,4.5,14
2026-02-02,LOC-019,3.7,28
2026-02-03,LOC-019,4.0,2
2026-02-03,LOC-019,5.0,3
2026-02-03,LOC-019,4.3,8
2026-02-03,LOC-019,4.9,1
2026-02-04,LOC-019,5.0,36
2026-02-05,LOC-019,5.0,2
2026-02-05,LOC-019,5.0,22
2026-02-05,LOC-019,4.8,8
2026-02-06,LOC-019,4.8,6
2026-02-06,LOC-019,4.6,2
2026-02-06,LOC-019,4.6,8
2026-02-07,LOC-019,5.0,2
2026-02-07,LOC-019,4.3,1
2026-02-08,LOC-019,5.0,4
2026-02-08,LOC-019,5.0,4
2026-02-09,LOC-019,5.0,4
2026-02-09,LOC-019,5.0,4
2026-02-09,LOC-019,4.5,15
2026-02-09,LOC-019,4.3,9
2026-02-09,LOC-019,5.0,25
2026-02-10,LOC-019,4.5,4
2026-02-10,LOC-019,4.5,13
2026-02-10,LOC-019,4.3,5
2026-02-11,LOC-019,5.0,12
2026-02-12,LOC-019,5.0,1
2026-02-12,LOC-019,4.4,7
2026-02-12,LOC-019,5.0,1
2026-02-12,LOC-019,4.2,23
2026-02-13,LOC-019,4.7,7
2026-02-13,LOC-019,5.0,15
2026-02-13,LOC-019,4.8,12
2026-02-13,LOC-019,5.0,28
2026-02-14,LOC-019,5.0,12
2026-02-14,LOC-019,5.0,16
2026-02-14,LOC-019,5.0,14
2026-02-15,LOC-019,4.6,9
2026-02-15,LOC-019,4.5,21
2026-02-15,LOC-019,5.0,1
2026-02-16,LOC-019,5.0,1
2026-02-16,LOC-019,4.5,30
2026-02-17,LOC-019,4.0,3
2026-02-17,LOC-019,4.3,1
2026-02-17,LOC-019,4.5,3
2026-02-18,LOC-019,5.0,7
2026-02-18,LOC-019,4.6,1
2026-02-18,LOC-019,4.1,6
2026-02-19,LOC-019,3.8,3
2026-02-19,LOC-019,5.0,2
2026-02-19,LOC-019,5.0,6
2026-02-20,LOC-019,4.4,3
2026-02-20,LOC-019,4.4,1
2026-02-21,LOC-019,4.6,7
2026-02-21,LOC-019,5.0,16
2026-02-22,LOC-019,4.9,23
2026-02-22,LOC-019,4.3,18
2026-02-22,LOC-019,4.2,14
2026-02-24,LOC-019,5.0,46
2026-02-24,LOC-019,4.9,27
2026-02-24,LOC-019,5.0,25
2026-02-25,LOC-019,4.4,1
2026-02-25,LOC-019,3.8,1
2026-02-25,LOC-019,5.0,11
2026-02-25,LOC-019,3.7,22
2026-02-26,LOC-019,5.0,18
2026-02-26,LOC-019,5.0,11
2026-02-26,LOC-019,4.5,21
2026-02-26,LOC-019,4.5,58
2026-02-26,LOC-019,5.0,2
2026-02-27,LOC-019,5.0,1
2026-02-27,LOC-019,4.9,4
2026-02-27,LOC-019,5.0,23
2026-02-27,LOC-019,5.0,3
2026-03-01,LOC-019,4.9,6
2026-03-01,LOC-019,4.9,7
2026-03-02,LOC-019,5.0,3
2026-03-02,LOC-019,4.4,16
2026-03-02,LOC-019,4.5,32
2026-03-02,LOC-019,4.4,7
2026-03-03,LOC-019,5.0,21
2026-03-03,LOC-019,4.8,23
2026-03-03,LOC-019,5.0,13
2026-03-04,LOC-019,5.0,1
2026-03-04,LOC-019,5.0,14
2026-03-04,LOC-019,4.7,1
2026-03-04,LOC-019,3.9,2
2026-03-05,LOC-019,4.6,27
2026-03-05,LOC-019,5.0,12
2026-03-05,LOC-019,4.7,36
2026-03-06,LOC-019,5.0,1
2026-03-06,LOC-019,4.3,1
2026-03-07,LOC-019,5.0,5
2026-03-07,LOC-019,5.0,23
2026-03-07,LOC-019,5.0,29
2026-03-07,LOC-019,5.0,1
2026-03-07,LOC-019,5.0,2
2026-03-07,LOC-019,4.7,4
2026-03-07,LOC-019,4.1,15
2026-03-08,LOC-019,4.7,18
2026-03-08,LOC-019,4.1,36
2026-03-08,LOC-019,4.7,4
2026-03-08,LOC-019,4.9,11
2026-03-08,LOC-019,4.8,12
2026-03-08,LOC-019,5.0,6
2026-03-08,LOC-019,5.0,9
2026-03-09,LOC-019,5.0,10
2026-03-09,LOC-019,4.2,16
2026-03-09,LOC-019,4.0,44
2026-03-09,LOC-019,4.4,26
2026-03-12,LOC-019,4.7,19
2026-03-12,LOC-019,5.0,1
2026-03-12,LOC-019,4.3,9
2026-03-12,LOC-019,4.3,28
2026-03-13,LOC-019,5.0,9
2026-03-13,LOC-019,4.1,4
2026-03-13,LOC-019,5.0,2
2026-03-14,LOC-019,4.7,6
2026-03-14,LOC-019,5.0,6
2026-03-15,LOC-019,4.7,17
2026-03-15,LOC-019,4.6,7
2026-03-15,LOC-019,4.9,6
2026-03-16,LOC-019,4.5,4
2026-03-16,LOC-019,4.5,1
2026-03-16,LOC-019,5.0,8
2026-03-16,LOC-019,4.7,2
2026-03-16,LOC-019,4.4,9
2026-03-16,LOC-019,4.7,18
2026-03-16,LOC-019,4.2,1
2026-03-17,LOC-019,4.9,8
2026-03-17,LOC-019,5.0,5
2026-03-18,LOC-019,4.5,3
2026-03-18,LOC-019,4.2,51
2026-03-19,LOC-019,4.9,22
2026-03-19,LOC-019,4.3,6
2026-03-19,LOC-019,5.0,20
2026-03-19,LOC-019,5.0,3
2026-03-20,LOC-019,5.0,6
2026-03-20,LOC-019,3.9,8
2026-03-20,LOC-019,4.9,1
2026-03-20,LOC-019,3.6,12
2026-03-21,LOC-019,4.7,28
2026-03-21,LOC-019,5.0,4
2026-03-22,LOC-019,3.7,41
2026-03-22,LOC-019,5.0,2
2026-03-22,LOC-019,4.3,6
2026-03-22,LOC-019,4.3,22
2026-03-22,LOC-019,5.0,1
2026-03-24,LOC-019,4.1,6
2026-03-24,LOC-019,4.3,1
2026-03-24,LOC-019,4.8,35
2026-03-24,LOC-019,4.3,15
2026-03-25,LOC-019,4.2,9
2026-03-25,LOC-019,4.5,15
2026-03-25,LOC-019,4.0,7
2026-03-26,LOC-019,4.9,1
2026-03-26,LOC-019,3.6,28
2026-03-26,LOC-019,4.6,1
2026-03-27,LOC-019,5.0,4
2026-03-28,LOC-019,4.9,1
2026-03-28,LOC-019,5.0,6
2026-03-28,LOC-019,5.0,13
2026-03-28,LOC-019,5.0,17
2026-03-29,LOC-019,4.7,5
2026-03-29,LOC-019,5.0,1
2026-03-29,LOC-019,4.7,2
2026-03-29,LOC-019,5.0,1
2026-03-29,LOC-019,4.9,5
2026-04-01,LOC-019,5.0,28
2026-04-01,LOC-019,4.0,2
2026-04-03,LOC-019,4.6,5
2026-04-03,LOC-019,4.7,22
2026-04-03,LOC-019,5.0,8
2026-04-03,LOC-019,5.0,21
2026-04-04,LOC-019,4.6,23
2026-04-05,LOC-019,5.0,11
2026-04-05,LOC-019,4.9,12
2026-04-05,LOC-019,4.6,7
2026-04-06,LOC-019,4.8,20
2026-04-06,LOC-019,4.0,6
2026-04-06,LOC-019,4.7,1
2026-04-06,LOC-019,4.4,33
2026-04-07,LOC-019,4.8,8
2026-04-07,LOC-019,5.0,11
2026-04-08,LOC-019,4.8,20
2026-04-08,LOC-019,5.0,3
2026-04-08,LOC-019,4.1,98
2026-04-08,LOC-019,4.3,6
2026-04-08,LOC-019,4.8,29
2026-04-08,LOC-019,4.3,32
2026-04-09,LOC-019,5.0,10
2026-04-10,LOC-019,4.8,48
2026-04-11,LOC-019,4.1,12
2026-04-11,LOC-019,3.9,11
2026-04-11,LOC-019,5.0,36
2026-04-12,LOC-019,4.8,42
2026-04-12,LOC-019,4.5,25
2026-04-12,LOC-019,5.0,11
2026-04-15,LOC-019,5.0,1
2026-04-15,LOC-019,5.0,1
2026-04-16,LOC-019,4.9,10
2026-04-16,LOC-019,5.0,2
2026-04-16,LOC-019,4.4,21
2026-04-17,LOC-019,5.0,61
2026-04-17,LOC-019,4.3,37
2026-04-17,LOC-019,4.4,21
2026-04-18,LOC-019,4.8,1
2026-04-18,LOC-019,4.7,14
2026-04-18,LOC-019,5.0,12
2026-04-19,LOC-019,4.0,25
2026-04-19,LOC-019,4.0,73
2026-04-19,LOC-019,5.0,15
2026-04-20,LOC-019,4.4,9
2026-04-20,LOC-019,4.3,10
2026-04-20,LOC-019,4.6,10
2026-04-21,LOC-019,5.0,5
2026-04-21,LOC-019,4.3,9
2026-04-21,LOC-019,4.6,2
2026-04-22,LOC-019,5.0,27
2026-04-22,LOC-019,5.0,2
2026-04-22,LOC-019,5.0,6
2026-04-23,LOC-019,5.0,72
2026-04-23,LOC-019,4.9,13
2026-04-24,LOC-019,4.0,2
2026-04-24,LOC-019,4.2,5
2026-04-24,LOC-019,4.6,20
2026-04-26,LOC-019,4.7,24
2026-04-26,LOC-019,5.0,26
2026-04-27,LOC-019,3.9,10
2026-04-27,LOC-019,4.9,11
2026-04-27,LOC-019,3.7,7
2026-04-27,LOC-019,4.7,6
2026-04-27,LOC-019,4.5,2
2026-04-28,LOC-019,4.3,8
2026-04-28,LOC-019,5.0,12
2026-04-28,LOC-019,4.2,3
2026-04-28,LOC-019,4.5,30
2026-04-28,LOC-019,4.8,32
2026-04-28,LOC-019,4.9,36
2026-04-29,LOC-019,5.0,14
2026-04-29,LOC-019,5.0,1
2026-04-30,LOC-019,5.0,36
2026-04-30,LOC-019,4.5,23
2026-04-30,LOC-019,5.0,8
2026-05-01,LOC-019,5.0,8
2026-05-01,LOC-019,4.3,7
2026-05-01,LOC-019,5.0,2
2026-05-01,LOC-019,4.8,18
2026-05-02,LOC-019,3.9,1
2026-05-02,LOC-019,4.6,6
2026-05-02,LOC-019,4.8,12
2026-05-02,LOC-019,3.6,1
2026-05-02,LOC-019,4.8,21
2026-05-03,LOC-019,5.0,24
2026-05-03,LOC-019,4.6,2
2026-05-03,LOC-019,5.0,1
2026-05-03,LOC-019,4.1,25
2026-05-04,LOC-019,4.9,5
2026-05-04,LOC-019,3.6,6
2026-05-04,LOC-019,4.7,9
2026-05-05,LOC-019,4.7,1
2026-05-06,LOC-019,4.2,51
2026-05-06,LOC-019,5.0,2
2026-05-06,LOC-019,4.3,1
2026-05-06,LOC-019,4.8,14
2026-05-07,LOC-019,4.5,22
2026-05-08,LOC-019,4.5,2
2026-05-08,LOC-019,5.0,16
2026-05-08,LOC-019,4.3,2
2026-05-08,LOC-019,5.0,2
2026-05-09,LOC-019,5.0,31
2026-05-09,LOC-019,4.2,6
2026-05-09,LOC-019,4.6,12
2026-05-10,LOC-019,4.6,6
2026-05-10,LOC-019,4.3,3
2026-05-10,LOC-019,4.3,6
2026-05-11,LOC-019,5.0,17
2026-05-11,LOC-019,4.9,24
2026-05-11,LOC-019,4.4,23
2026-05-11,LOC-019,4.6,11
2026-05-12,LOC-019,4.3,5
2026-05-12,LOC-019,5.0,25
2026-05-13,LOC-019,4.5,4
2026-05-14,LOC-019,5.0,20
2026-05-14,LOC-019,4.5,6
2026-05-14,LOC-019,4.7,11
2026-05-14,LOC-019,4.2,10
2026-05-15,LOC-019,4.4,2
2026-05-15,LOC-019,5.0,20
2026-05-15,LOC-019,4.9,22
2026-05-15,LOC-019,4.7,14
2026-05-15,LOC-019,4.3,7
2026-05-16,LOC-019,4.9,1
2026-05-16,LOC-019,5.0,6
2026-05-16,LOC-019,4.4,10
2026-05-16,LOC-019,5.0,46
2026-05-16,LOC-019,4.9,2
2026-05-16,LOC-019,5.0,1
2026-05-17,LOC-019,5.0,18
2026-05-17,LOC-019,5.0,8
2026-05-18,LOC-019,4.2,1
2026-05-18,LOC-019,4.8,17
2026-05-18,LOC-019,4.7,26
2026-05-18,LOC-019,4.3,2
2026-05-18,LOC-019,5.0,15
2026-05-19,LOC-019,5.0,10
2026-05-19,LOC-019,5.0,2
2026-05-19,LOC-019,4.5,6
2026-05-19,LOC-019,4.7,12
2026-05-20,LOC-019,4.7,19
2026-05-20,LOC-019,4.9,54
2026-05-20,LOC-019,5.0,69
2026-05-21,LOC-019,4.6,8
2026-05-21,LOC-019,4.7,2
2026-05-21,LOC-019,4.5,15
2026-05-22,LOC-019,4.5,2
2026-05-22,LOC-019,4.3,11
2026-05-23,LOC-019,4.0,11
2026-05-23,LOC-019,4.8,19
2026-05-23,LOC-019,3.6,6
2026-05-24,LOC-019,4.1,11
2026-05-24,LOC-019,4.5,3
2026-05-24,LOC-019,4.2,2
2026-05-24,LOC-019,4.6,6
2026-05-24,LOC-019,4.8,5
2026-05-24,LOC-019,4.9,10
2026-05-24,LOC-019,4.6,3
2026-05-25,LOC-019,4.5,1
2026-05-25,LOC-019,5.0,3
2026-05-25,LOC-019,5.0,11
2026-05-25,LOC-019,5.0,13
2026-05-26,LOC-019,4.7,6
2026-05-26,LOC-019,4.4,14
2026-05-26,LOC-019,5.0,2
2026-05-26,LOC-019,5.0,17
2026-05-27,LOC-019,4.8,19
2026-05-27,LOC-019,4.6,3
2026-05-27,LOC-019,4.8,1
2026-05-27,LOC-019,4.8,16
2026-05-27,LOC-019,4.3,2
2026-05-27,LOC-019,4.4,8
2026-05-27,LOC-019,4.8,5
2026-05-28,LOC-019,4.6,4
2026-05-28,LOC-019,4.1,26
2026-05-28,LOC-019,4.6,35
2026-05-28,LOC-019,4.8,3
2026-05-28,LOC-019,4.3,1
2026-05-29,LOC-019,4.4,22
2026-05-29,LOC-019,4.9,28
2026-05-29,LOC-019,4.3,7
2026-05-29,LOC-019,5.0,1
2026-05-30,LOC-019,4.8,19
2026-05-31,LOC-019,4.8,40
2026-05-31,LOC-019,4.4,9
2026-06-01,LOC-019,5.0,3
2026-06-01,LOC-019,4.6,8
2026-06-01,LOC-019,5.0,9
2026-06-02,LOC-019,4.6,1
2026-06-02,LOC-019,4.2,2
2026-06-03,LOC-019,4.6,35
2026-06-03,LOC-019,5.0,2
2026-06-04,LOC-019,4.9,2
2026-06-04,LOC-019,4.4,60
2026-06-04,LOC-019,5.0,63
2026-06-05,LOC-019,5.0,77
2026-06-06,LOC-019,5.0,7
2026-06-06,LOC-019,5.0,5
2026-06-06,LOC-019,4.3,3
2026-06-06,LOC-019,4.2,21
2026-06-06,LOC-019,3.8,8
2026-06-07,LOC-019,4.7,5
2026-06-07,LOC-019,5.0,12
2026-06-07,LOC-019,4.5,20
2026-06-07,LOC-019,5.0,4
2026-06-08,LOC-019,4.3,25
2026-06-08,LOC-019,5.0,1
2026-06-08,LOC-019,3.3,1
2026-06-08,LOC-019,4.5,34
2026-06-09,LOC-019,5.0,23
2026-06-09,LOC-019,5.0,10
2026-06-09,LOC-019,5.0,13
2026-06-10,LOC-019,5.0,13
2026-06-10,LOC-019,4.7,10
2026-06-10,LOC-019,5.0,2
2026-06-11,LOC-019,4.3,18
2026-06-11,LOC-019,4.0,4
2026-06-11,LOC-019,4.8,12
2026-06-12,LOC-019,5.0,20
2026-06-13,LOC-019,5.0,22
2026-06-14,LOC-019,4.5,4
2026-06-14,LOC-019,3.8,6
2026-06-15,LOC-019,4.3,11
2026-06-15,LOC-019,5.0,1
2026-06-15,LOC-019,4.4,73
2026-06-15,LOC-019,5.0,7
2026-06-15,LOC-019,4.0,2
2026-06-16,LOC-019,5.0,7
2026-06-16,LOC-019,4.2,15
2026-06-16,LOC-019,5.0,10
2026-06-16,LOC-019,4.7,21
2026-06-17,LOC-019,4.9,8
2026-06-18,LOC-019,4.4,4
2026-06-18,LOC-019,4.7,18
2026-06-19,LOC-019,4.5,32
2026-06-20,LOC-019,4.3,8
2026-06-20,LOC-019,4.6,5
2026-06-20,LOC-019,4.8,1
2026-06-20,LOC-019,4.2,3
2026-06-21,LOC-019,4.5,27
2026-06-21,LOC-019,4.6,16
2026-06-21,LOC-019,5.0,2
2026-06-21,LOC-019,5.0,4
2026-06-21,LOC-019,4.5,16
2026-06-22,LOC-019,4.3,1
2026-06-22,LOC-019,4.6,8
2026-06-23,LOC-019,5.0,4
2026-06-23,LOC-019,5.0,11
2026-06-23,LOC-019,4.6,2
2026-06-23,LOC-019,4.4,4
2026-06-23,LOC-019,4.7,20
2026-06-23,LOC-019,3.8,5
2026-06-24,LOC-019,4.5,10
2026-06-24,LOC-019,5.0,22
2026-06-24,LOC-019,4.0,19
2026-06-24,LOC-019,5.0,5
2026-06-24,LOC-019,5.0,1
2026-06-25,LOC-019,4.7,67
2026-06-25,LOC-019,4.1,1
2026-06-25,LOC-019,4.8,16
2026-06-25,LOC-019,5.0,20
2026-06-25,LOC-019,4.6,6
2026-06-26,LOC-019,5.0,8
2026-06-26,LOC-019,4.2,13
2026-06-26,LOC-019,4.7,5
2026-06-26,LOC-019,4.9,8
2026-06-26,LOC-019,5.0,11
2026-06-26,LOC-019,4.8,2
2026-06-27,LOC-019,4.4,16
2026-06-28,LOC-019,4.5,1
2026-06-28,LOC-019,5.0,10
2026-06-28,LOC-019,4.5,1
2026-06-29,LOC-019,3.9,11
2026-06-29,LOC-019,3.6,27
2026-06-29,LOC-019,4.0,18
2026-06-29,LOC-019,4.4,23
2026-06-29,LOC-019,5.0,7
2026-06-30,LOC-019,4.7,25
2026-01-01,LOC-020,4.6,3
2026-01-01,LOC-020,4.5,15
2026-01-02,LOC-020,4.4,28
2026-01-02,LOC-020,5.0,7
2026-01-02,LOC-020,4.9,2
2026-01-02,LOC-020,4.3,4
2026-01-03,LOC-020,3.7,57
2026-01-03,LOC-020,4.5,22
2026-01-03,LOC-020,5.0,22
2026-01-04,LOC-020,4.4,11
2026-01-04,LOC-020,4.0,3
2026-01-04,LOC-020,4.5,14
2026-01-06,LOC-020,5.0,24
2026-01-06,LOC-020,4.7,18
2026-01-06,LOC-020,4.3,32
2026-01-06,LOC-020,4.3,16
2026-01-07,LOC-020,4.8,33
2026-01-07,LOC-020,5.0,24
2026-01-07,LOC-020,4.7,1
2026-01-07,LOC-020,4.9,5
2026-01-08,LOC-020,4.8,8
2026-01-09,LOC-020,4.7,19
2026-01-09,LOC-020,5.0,2
2026-01-10,LOC-020,4.5,10
2026-01-10,LOC-020,3.6,1
2026-01-11,LOC-020,4.0,1
2026-01-11,LOC-020,4.0,6
2026-01-11,LOC-020,4.5,43
2026-01-11,LOC-020,3.9,2
2026-01-11,LOC-020,4.7,2
2026-01-11,LOC-020,4.7,21
2026-01-11,LOC-020,5.0,5
2026-01-11,LOC-020,5.0,29
2026-01-12,LOC-020,4.1,2
2026-01-12,LOC-020,3.8,24
2026-01-12,LOC-020,4.4,1
2026-01-13,LOC-020,4.4,1
2026-01-13,LOC-020,4.7,5
2026-01-14,LOC-020,5.0,10
2026-01-14,LOC-020,4.3,15
2026-01-15,LOC-020,4.4,32
2026-01-15,LOC-020,4.6,2
2026-01-16,LOC-020,4.8,42
2026-01-16,LOC-020,4.9,3
2026-01-17,LOC-020,4.3,2
2026-01-17,LOC-020,5.0,15
2026-01-17,LOC-020,4.7,4
2026-01-19,LOC-020,4.8,10
2026-01-19,LOC-020,4.1,13
2026-01-19,LOC-020,3.9,10
2026-01-19,LOC-020,4.2,5
2026-01-20,LOC-020,4.7,4
2026-01-20,LOC-020,4.5,55
2026-01-22,LOC-020,4.6,7
2026-01-22,LOC-020,3.6,1
2026-01-22,LOC-020,4.0,18
2026-01-22,LOC-020,3.8,4
2026-01-23,LOC-020,5.0,32
2026-01-24,LOC-020,5.0,24
2026-01-24,LOC-020,3.9,4
2026-01-24,LOC-020,4.1,1
2026-01-24,LOC-020,4.0,42
2026-01-24,LOC-020,4.6,29
2026-01-25,LOC-020,3.3,25
2026-01-25,LOC-020,4.3,2
2026-01-25,LOC-020,4.3,1
2026-01-25,LOC-020,4.0,95
2026-01-25,LOC-020,3.3,50
2026-01-26,LOC-020,3.5,10
2026-01-27,LOC-020,4.2,27
2026-01-28,LOC-020,4.0,12
2026-01-28,LOC-020,4.8,1
2026-01-28,LOC-020,4.9,48
2026-01-28,LOC-020,5.0,5
2026-01-29,LOC-020,5.0,5
2026-01-30,LOC-020,4.2,9
2026-01-30,LOC-020,4.9,1
2026-02-01,LOC-020,4.3,6
2026-02-01,LOC-020,4.9,22
2026-02-01,LOC-020,4.3,20
2026-02-01,LOC-020,5.0,1
2026-02-01,LOC-020,3.9,1
2026-02-02,LOC-020,5.0,7
2026-02-02,LOC-020,5.0,10
2026-02-02,LOC-020,3.7,4
2026-02-02,LOC-020,4.4,16
2026-02-03,LOC-020,5.0,13
2026-02-03,LOC-020,5.0,6
2026-02-03,LOC-020,3.8,11
2026-02-04,LOC-020,4.7,1
2026-02-04,LOC-020,4.1,25
2026-02-04,LOC-020,5.0,5
2026-02-04,LOC-020,5.0,31
2026-02-04,LOC-020,4.1,15
2026-02-04,LOC-020,4.2,1
2026-02-05,LOC-020,4.2,33
2026-02-05,LOC-020,4.1,22
2026-02-05,LOC-020,4.5,5
2026-02-05,LOC-020,4.7,15
2026-02-05,LOC-020,3.9,1
2026-02-05,LOC-020,4.5,5
2026-02-05,LOC-020,4.1,8
2026-02-06,LOC-020,4.5,1
2026-02-06,LOC-020,3.8,10
2026-02-06,LOC-020,5.0,13
2026-02-06,LOC-020,5.0,1
2026-02-07,LOC-020,4.6,1
2026-02-07,LOC-020,4.6,37
2026-02-07,LOC-020,4.2,1
2026-02-08,LOC-020,4.6,1
2026-02-08,LOC-020,5.0,2
2026-02-08,LOC-020,4.7,1
2026-02-08,LOC-020,5.0,10
2026-02-08,LOC-020,4.4,6
2026-02-09,LOC-020,4.4,35
2026-02-09,LOC-020,3.8,1
2026-02-09,LOC-020,4.7,2
2026-02-09,LOC-020,4.3,1
2026-02-10,LOC-020,4.6,98
2026-02-10,LOC-020,4.0,27
2026-02-10,LOC-020,4.4,2
2026-02-10,LOC-020,3.8,2
2026-02-10,LOC-020,3.8,39
2026-02-10,LOC-020,4.6,1
2026-02-10,LOC-020,4.5,8
2026-02-11,LOC-020,4.7,11
2026-02-12,LOC-020,4.4,7
2026-02-12,LOC-020,4.7,42
2026-02-13,LOC-020,5.0,2
2026-02-13,LOC-020,4.6,19
2026-02-13,LOC-020,3.4,17
2026-02-13,LOC-020,5.0,1
2026-02-14,LOC-020,4.1,25
2026-02-14,LOC-020,5.0,9
2026-02-15,LOC-020,4.1,3
2026-02-15,LOC-020,3.9,39
2026-02-15,LOC-020,4.5,7
2026-02-16,LOC-020,4.8,9
2026-02-16,LOC-020,3.6,35
2026-02-16,LOC-020,4.1,9
2026-02-16,LOC-020,5.0,1
2026-02-18,LOC-020,4.6,5
2026-02-18,LOC-020,5.0,1
2026-02-18,LOC-020,4.2,19
2026-02-19,LOC-020,4.9,5
2026-02-19,LOC-020,4.4,22
2026-02-20,LOC-020,4.1,14
2026-02-20,LOC-020,4.1,10
2026-02-20,LOC-020,4.6,1
2026-02-20,LOC-020,4.3,6
2026-02-21,LOC-020,4.1,3
2026-02-21,LOC-020,3.9,14
2026-02-21,LOC-020,4.9,52
2026-02-21,LOC-020,5.0,3
2026-02-21,LOC-020,4.6,1
2026-02-22,LOC-020,4.5,49
2026-02-23,LOC-020,4.6,25
2026-02-23,LOC-020,4.5,21
2026-02-23,LOC-020,3.9,27
2026-02-23,LOC-020,4.5,1
2026-02-23,LOC-020,5.0,10
2026-02-24,LOC-020,4.2,79
2026-02-24,LOC-020,4.1,20
2026-02-25,LOC-020,3.9,3
2026-02-25,LOC-020,4.3,4
2026-02-25,LOC-020,5.0,66
2026-02-26,LOC-020,4.6,7
2026-02-27,LOC-020,4.4,2
2026-02-27,LOC-020,4.7,19
2026-02-27,LOC-020,4.1,5
2026-02-28,LOC-020,5.0,32
2026-02-28,LOC-020,5.0,44
2026-03-01,LOC-020,5.0,5
2026-03-01,LOC-020,5.0,1
2026-03-01,LOC-020,4.4,22
2026-03-01,LOC-020,5.0,4
2026-03-02,LOC-020,3.5,9
2026-03-02,LOC-020,4.3,4
2026-03-02,LOC-020,4.8,9
2026-03-03,LOC-020,4.5,14
2026-03-04,LOC-020,4.1,12
2026-03-04,LOC-020,4.7,8
2026-03-04,LOC-020,4.3,16
2026-03-04,LOC-020,5.0,9
2026-03-05,LOC-020,4.6,17
2026-03-05,LOC-020,4.4,13
2026-03-05,LOC-020,4.5,15
2026-03-06,LOC-020,4.0,11
2026-03-06,LOC-020,4.6,1
2026-03-06,LOC-020,4.5,14
2026-03-06,LOC-020,5.0,70
2026-03-06,LOC-020,5.0,15
2026-03-07,LOC-020,4.6,37
2026-03-07,LOC-020,4.2,14
2026-03-07,LOC-020,5.0,6
2026-03-08,LOC-020,4.8,15
2026-03-08,LOC-020,5.0,24
2026-03-08,LOC-020,4.4,71
2026-03-08,LOC-020,4.8,6
2026-03-08,LOC-020,5.0,26
2026-03-09,LOC-020,5.0,3
2026-03-09,LOC-020,4.1,11
2026-03-09,LOC-020,4.0,17
2026-03-11,LOC-020,4.4,6
2026-03-11,LOC-020,4.6,46
2026-03-11,LOC-020,4.5,4
2026-03-11,LOC-020,4.4,8
2026-03-11,LOC-020,4.6,16
2026-03-12,LOC-020,3.6,15
2026-03-12,LOC-020,4.4,47
2026-03-13,LOC-020,5.0,1
2026-03-13,LOC-020,4.5,4
2026-03-14,LOC-020,4.6,6
2026-03-14,LOC-020,4.5,29
2026-03-14,LOC-020,4.1,24
2026-03-14,LOC-020,4.9,14
2026-03-15,LOC-020,5.0,15
2026-03-15,LOC-020,4.8,35
2026-03-16,LOC-020,5.0,16
2026-03-16,LOC-020,4.3,26
2026-03-16,LOC-020,4.6,25
2026-03-17,LOC-020,5.0,17
2026-03-17,LOC-020,5.0,20
2026-03-17,LOC-020,4.7,5
2026-03-17,LOC-020,5.0,16
2026-03-19,LOC-020,4.9,30
2026-03-19,LOC-020,4.6,1
2026-03-19,LOC-020,3.8,14
2026-03-19,LOC-020,4.4,10
2026-03-20,LOC-020,3.8,4
2026-03-20,LOC-020,3.3,8
2026-03-20,LOC-020,4.9,15
2026-03-21,LOC-020,4.5,10
2026-03-21,LOC-020,5.0,13
2026-03-22,LOC-020,5.0,24
2026-03-22,LOC-020,4.4,1
2026-03-22,LOC-020,5.0,17
2026-03-22,LOC-020,3.9,36
2026-03-22,LOC-020,4.4,35
2026-03-23,LOC-020,4.3,22
2026-03-23,LOC-020,4.1,12
2026-03-23,LOC-020,4.3,3
2026-03-23,LOC-020,4.3,1
2026-03-23,LOC-020,4.7,1
2026-03-23,LOC-020,4.5,9
2026-03-24,LOC-020,4.4,9
2026-03-24,LOC-020,3.8,27
2026-03-25,LOC-020,5.0,1
2026-03-26,LOC-020,3.7,2
2026-03-26,LOC-020,5.0,13
2026-03-26,LOC-020,5.0,16
2026-03-26,LOC-020,4.1,1
2026-03-26,LOC-020,4.8,7
2026-03-26,LOC-020,4.3,13
2026-03-27,LOC-020,4.0,22
2026-03-27,LOC-020,5.0,20
2026-03-27,LOC-020,3.8,11
2026-03-28,LOC-020,5.0,22
2026-03-28,LOC-020,5.0,20
2026-03-29,LOC-020,4.5,8
2026-03-29,LOC-020,5.0,2
2026-03-30,LOC-020,4.8,23
2026-03-30,LOC-020,4.1,2
2026-03-30,LOC-020,3.7,38
2026-03-31,LOC-020,4.4,8
2026-03-31,LOC-020,5.0,59
2026-03-31,LOC-020,4.8,10
2026-03-31,LOC-020,5.0,52
2026-03-31,LOC-020,3.6,50
2026-04-01,LOC-020,4.6,12
2026-04-01,LOC-020,4.7,38
2026-04-02,LOC-020,4.3,8
2026-04-02,LOC-020,4.5,1
2026-04-02,LOC-020,5.0,30
2026-04-02,LOC-020,4.6,1
2026-04-03,LOC-020,5.0,2
2026-04-03,LOC-020,4.0,1
2026-04-03,LOC-020,4.2,29
2026-04-04,LOC-020,4.2,10
2026-04-04,LOC-020,4.3,41
2026-04-05,LOC-020,4.8,39
2026-04-05,LOC-020,4.7,7
2026-04-05,LOC-020,4.1,13
2026-04-05,LOC-020,5.0,27
2026-04-05,LOC-020,5.0,8
2026-04-06,LOC-020,4.9,8
2026-04-06,LOC-020,4.0,36
2026-04-06,LOC-020,4.1,13
2026-04-07,LOC-020,4.5,26
2026-04-08,LOC-020,4.0,17
2026-04-09,LOC-020,4.6,1
2026-04-09,LOC-020,3.2,4
2026-04-09,LOC-020,4.5,8
2026-04-10,LOC-020,4.6,33
2026-04-10,LOC-020,4.5,8
2026-04-11,LOC-020,5.0,1
2026-04-12,LOC-020,4.2,36
2026-04-12,LOC-020,4.5,18
2026-04-12,LOC-020,4.6,28
2026-04-13,LOC-020,4.9,30
2026-04-13,LOC-020,4.6,7
2026-04-13,LOC-020,3.8,7
2026-04-14,LOC-020,4.0,4
2026-04-14,LOC-020,4.2,5
2026-04-15,LOC-020,3.9,40
2026-04-15,LOC-020,2.9,10
2026-04-15,LOC-020,5.0,5
2026-04-15,LOC-020,4.1,12
2026-04-15,LOC-020,3.7,35
2026-04-15,LOC-020,3.7,1
2026-04-16,LOC-020,4.5,10
2026-04-16,LOC-020,4.2,7
2026-04-18,LOC-020,4.4,6
2026-04-18,LOC-020,3.4,7
2026-04-18,LOC-020,4.0,5
2026-04-18,LOC-020,4.3,1
2026-04-19,LOC-020,5.0,33
2026-04-19,LOC-020,5.0,17
2026-04-19,LOC-020,4.7,27
2026-04-19,LOC-020,4.1,12
2026-04-19,LOC-020,4.3,72
2026-04-19,LOC-020,4.9,65
2026-04-19,LOC-020,4.6,1
2026-04-20,LOC-020,4.5,26
2026-04-20,LOC-020,4.0,2
2026-04-20,LOC-020,5.0,7
2026-04-21,LOC-020,4.5,6
2026-04-21,LOC-020,4.7,9
2026-04-21,LOC-020,4.2,14
2026-04-23,LOC-020,4.5,3
2026-04-23,LOC-020,4.3,14
2026-04-23,LOC-020,3.8,8
2026-04-24,LOC-020,4.5,1
2026-04-24,LOC-020,4.8,5
2026-04-24,LOC-020,4.5,100
2026-04-24,LOC-020,3.6,7
2026-04-24,LOC-020,4.8,30
2026-04-24,LOC-020,4.4,1
2026-04-25,LOC-020,4.2,3
2026-04-25,LOC-020,3.9,18
2026-04-25,LOC-020,5.0,4
2026-04-25,LOC-020,5.0,16
2026-04-26,LOC-020,3.7,2
2026-04-26,LOC-020,4.3,4
2026-04-27,LOC-020,5.0,9
2026-04-27,LOC-020,3.5,2
2026-04-27,LOC-020,4.8,18
2026-04-27,LOC-020,4.7,7
2026-04-28,LOC-020,4.3,27
2026-04-28,LOC-020,4.7,83
2026-04-30,LOC-020,4.3,25
2026-04-30,LOC-020,4.2,12
2026-04-30,LOC-020,4.9,56
2026-04-30,LOC-020,4.8,11
2026-04-30,LOC-020,4.7,2
2026-05-01,LOC-020,4.0,96
2026-05-01,LOC-020,4.6,19
2026-05-01,LOC-020,4.3,1
2026-05-01,LOC-020,4.9,1
2026-05-02,LOC-020,5.0,2
2026-05-02,LOC-020,4.4,4
2026-05-02,LOC-020,3.9,2
2026-05-03,LOC-020,4.4,7
2026-05-03,LOC-020,5.0,1
2026-05-04,LOC-020,5.0,10
2026-05-04,LOC-020,5.0,14
2026-05-04,LOC-020,4.4,4
2026-05-04,LOC-020,4.7,12
2026-05-04,LOC-020,5.0,17
2026-05-05,LOC-020,3.7,15
2026-05-05,LOC-020,5.0,19
2026-05-06,LOC-020,4.5,6
2026-05-07,LOC-020,4.7,12
2026-05-07,LOC-020,5.0,26
2026-05-07,LOC-020,4.2,4
2026-05-08,LOC-020,5.0,14
2026-05-08,LOC-020,5.0,1
2026-05-09,LOC-020,4.3,8
2026-05-09,LOC-020,4.6,24
2026-05-10,LOC-020,5.0,29
2026-05-10,LOC-020,4.8,4
2026-05-10,LOC-020,5.0,2
2026-05-11,LOC-020,4.1,1
2026-05-11,LOC-020,4.7,6
2026-05-11,LOC-020,5.0,4
2026-05-11,LOC-020,4.2,3
2026-05-12,LOC-020,3.9,15
2026-05-12,LOC-020,4.5,13
2026-05-12,LOC-020,4.9,5
2026-05-12,LOC-020,4.9,9
2026-05-12,LOC-020,5.0,1
2026-05-13,LOC-020,4.4,11
2026-05-14,LOC-020,4.4,12
2026-05-14,LOC-020,5.0,26
2026-05-14,LOC-020,4.2,70
2026-05-15,LOC-020,4.6,14
2026-05-15,LOC-020,4.3,4
2026-05-16,LOC-020,3.8,1
2026-05-16,LOC-020,5.0,8
2026-05-16,LOC-020,5.0,9
2026-05-16,LOC-020,4.7,23
2026-05-17,LOC-020,4.5,18
2026-05-18,LOC-020,4.6,1
2026-05-18,LOC-020,4.8,21
2026-05-18,LOC-020,4.8,25
2026-05-18,LOC-020,4.3,8
2026-05-18,LOC-020,4.1,14
2026-05-18,LOC-020,4.1,69
2026-05-18,LOC-020,4.2,5
2026-05-19,LOC-020,3.9,4
2026-05-19,LOC-020,3.7,1
2026-05-20,LOC-020,4.5,13
2026-05-20,LOC-020,4.5,4
2026-05-20,LOC-020,3.7,7
2026-05-20,LOC-020,4.5,6
2026-05-21,LOC-020,4.6,14
2026-05-21,LOC-020,4.3,6
2026-05-21,LOC-020,4.2,2
2026-05-21,LOC-020,3.8,11
2026-05-22,LOC-020,4.1,2
2026-05-22,LOC-020,4.8,5
2026-05-24,LOC-020,3.8,36
2026-05-24,LOC-020,3.8,27
2026-05-24,LOC-020,4.4,1
2026-05-25,LOC-020,4.6,3
2026-05-25,LOC-020,4.4,5
2026-05-26,LOC-020,4.2,7
2026-05-26,LOC-020,4.7,23
2026-05-26,LOC-020,3.7,1
2026-05-26,LOC-020,4.8,27
2026-05-27,LOC-020,4.4,19
2026-05-27,LOC-020,3.8,2
2026-05-27,LOC-020,4.7,20
2026-05-27,LOC-020,4.1,11
2026-05-27,LOC-020,5.0,9
2026-05-27,LOC-020,4.6,23
2026-05-28,LOC-020,5.0,23
2026-05-28,LOC-020,4.3,1
2026-05-29,LOC-020,4.2,2
2026-05-29,LOC-020,4.6,38
2026-05-29,LOC-020,4.9,7
2026-05-29,LOC-020,4.5,16
2026-05-30,LOC-020,4.5,3
2026-05-30,LOC-020,4.4,1
2026-05-30,LOC-020,4.8,14
2026-05-30,LOC-020,5.0,33
2026-06-01,LOC-020,4.4,1
2026-06-01,LOC-020,4.1,1
2026-06-02,LOC-020,3.7,7
2026-06-02,LOC-020,4.3,1
2026-06-02,LOC-020,4.7,5
2026-06-03,LOC-020,5.0,14
2026-06-03,LOC-020,4.4,15
2026-06-03,LOC-020,3.8,5
2026-06-03,LOC-020,4.2,8
2026-06-04,LOC-020,4.4,15
2026-06-04,LOC-020,4.6,9
2026-06-04,LOC-020,4.3,8
2026-06-05,LOC-020,4.7,7
2026-06-05,LOC-020,4.7,1
2026-06-05,LOC-020,4.7,23
2026-06-06,LOC-020,5.0,1
2026-06-06,LOC-020,5.0,6
2026-06-06,LOC-020,4.2,7
2026-06-06,LOC-020,5.0,37
2026-06-06,LOC-020,4.6,5
2026-06-09,LOC-020,5.0,9
2026-06-09,LOC-020,3.9,13
2026-06-09,LOC-020,4.7,8
2026-06-09,LOC-020,4.8,4
2026-06-09,LOC-020,4.2,30
2026-06-09,LOC-020,4.4,6
2026-06-09,LOC-020,3.3,18
2026-06-10,LOC-020,3.9,13
2026-06-10,LOC-020,4.8,10
2026-06-10,LOC-020,4.2,4
2026-06-11,LOC-020,4.1,11
2026-06-11,LOC-020,5.0,1
2026-06-11,LOC-020,4.8,24
2026-06-12,LOC-020,4.4,1
2026-06-12,LOC-020,4.0,1
2026-06-12,LOC-020,3.8,5
2026-06-13,LOC-020,4.9,50
2026-06-13,LOC-020,5.0,1
2026-06-13,LOC-020,4.1,3
2026-06-14,LOC-020,4.6,20
2026-06-14,LOC-020,4.0,4
2026-06-14,LOC-020,3.9,3
2026-06-15,LOC-020,5.0,70
2026-06-15,LOC-020,4.8,20
2026-06-15,LOC-020,4.4,11
2026-06-15,LOC-020,4.8,13
2026-06-15,LOC-020,4.3,13
2026-06-15,LOC-020,3.8,39
2026-06-15,LOC-020,5.0,15
2026-06-15,LOC-020,3.7,27
2026-06-16,LOC-020,3.9,1
2026-06-16,LOC-020,5.0,9
2026-06-16,LOC-020,3.7,2
2026-06-18,LOC-020,4.7,21
2026-06-18,LOC-020,4.1,1
2026-06-19,LOC-020,4.1,14
2026-06-19,LOC-020,4.9,30
2026-06-19,LOC-020,4.9,3
2026-06-19,LOC-020,4.1,21
2026-06-20,LOC-020,5.0,8
2026-06-20,LOC-020,5.0,1
2026-06-20,LOC-020,4.5,6
2026-06-21,LOC-020,3.8,10
2026-06-21,LOC-020,3.8,21
2026-06-21,LOC-020,5.0,22
2026-06-22,LOC-020,5.0,14
2026-06-23,LOC-020,4.2,27
2026-06-23,LOC-020,3.8,19
2026-06-23,LOC-020,4.3,23
2026-06-23,LOC-020,4.6,8
2026-06-23,LOC-020,4.1,17
2026-06-23,LOC-020,4.7,32
2026-06-25,LOC-020,4.3,14
2026-06-25,LOC-020,4.8,5
2026-06-25,LOC-020,4.2,4
2026-06-25,LOC-020,4.1,1
2026-06-26,LOC-020,5.0,1
2026-06-26,LOC-020,5.0,1
2026-06-26,LOC-020,5.0,7
2026-06-27,LOC-020,4.4,12
2026-06-28,LOC-020,4.5,50
2026-06-28,LOC-020,4.3,3
2026-06-28,LOC-020,4.4,28
2026-06-29,LOC-020,4.5,3
2026-06-29,LOC-020,3.8,1
2026-06-29,LOC-020,4.8,14
2026-06-29,LOC-020,4.1,3
2026-06-30,LOC-020,5.0,7
2026-06-30,LOC-020,4.6,7
2026-06-30,LOC-020,5.0,15
2026-06-30,LOC-020,3.3,1
2026-01-01,LOC-021,4.7,29
2026-01-01,LOC-021,4.5,31
2026-01-01,LOC-021,2.8,2
2026-01-01,LOC-021,3.1,30
2026-01-01,LOC-021,3.6,52
2026-01-02,LOC-021,4.0,11
2026-01-03,LOC-021,3.1,2
2026-01-03,LOC-021,3.7,1
2026-01-04,LOC-021,4.1,2
2026-01-04,LOC-021,4.7,6
2026-01-05,LOC-021,3.7,34
2026-01-05,LOC-021,3.3,24
2026-01-05,LOC-021,4.2,9
2026-01-06,LOC-021,4.9,27
2026-01-06,LOC-021,3.9,20
2026-01-06,LOC-021,4.1,6
2026-01-06,LOC-021,3.4,1
2026-01-06,LOC-021,3.7,17
2026-01-06,LOC-021,3.9,2
2026-01-07,LOC-021,4.0,6
2026-01-08,LOC-021,4.1,12
2026-01-08,LOC-021,3.4,8
2026-01-08,LOC-021,4.0,62
2026-01-09,LOC-021,3.7,51
2026-01-09,LOC-021,3.3,5
2026-01-10,LOC-021,3.0,5
2026-01-12,LOC-021,2.9,6
2026-01-12,LOC-021,4.1,42
2026-01-12,LOC-021,3.5,1
2026-01-12,LOC-021,4.1,37
2026-01-13,LOC-021,4.2,77
2026-01-13,LOC-021,4.1,13
2026-01-13,LOC-021,4.1,9
2026-01-13,LOC-021,3.2,10
2026-01-13,LOC-021,4.5,13
2026-01-13,LOC-021,3.6,14
2026-01-13,LOC-021,3.1,11
2026-01-14,LOC-021,3.7,2
2026-01-14,LOC-021,4.3,7
2026-01-14,LOC-021,3.4,17
2026-01-14,LOC-021,4.5,3
2026-01-14,LOC-021,3.5,11
2026-01-14,LOC-021,3.8,59
2026-01-15,LOC-021,4.2,6
2026-01-15,LOC-021,4.5,8
2026-01-15,LOC-021,4.1,37
2026-01-15,LOC-021,4.1,3
2026-01-15,LOC-021,4.1,3
2026-01-16,LOC-021,3.7,20
2026-01-16,LOC-021,4.6,2
2026-01-16,LOC-021,3.8,31
2026-01-16,LOC-021,4.0,10
2026-01-16,LOC-021,4.5,6
2026-01-17,LOC-021,3.3,38
2026-01-17,LOC-021,4.4,12
2026-01-17,LOC-021,4.2,1
2026-01-18,LOC-021,3.7,8
2026-01-18,LOC-021,3.5,2
2026-01-18,LOC-021,3.5,3
2026-01-19,LOC-021,3.7,8
2026-01-19,LOC-021,2.7,13
2026-01-19,LOC-021,4.7,11
2026-01-20,LOC-021,4.2,15
2026-01-20,LOC-021,3.4,1
2026-01-20,LOC-021,3.9,28
2026-01-21,LOC-021,3.8,13
2026-01-21,LOC-021,3.4,35
2026-01-21,LOC-021,3.9,16
2026-01-21,LOC-021,4.0,46
2026-01-21,LOC-021,4.1,4
2026-01-22,LOC-021,3.8,2
2026-01-22,LOC-021,2.9,15
2026-01-22,LOC-021,4.7,2
2026-01-23,LOC-021,4.0,26
2026-01-23,LOC-021,3.5,3
2026-01-23,LOC-021,3.7,20
2026-01-24,LOC-021,3.4,4
2026-01-24,LOC-021,3.9,29
2026-01-25,LOC-021,5.0,2
2026-01-25,LOC-021,3.5,16
2026-01-26,LOC-021,3.8,15
2026-01-26,LOC-021,4.2,4
2026-01-26,LOC-021,3.3,3
2026-01-26,LOC-021,3.9,3
2026-01-27,LOC-021,2.7,3
2026-01-27,LOC-021,4.6,5
2026-01-27,LOC-021,4.2,55
2026-01-27,LOC-021,4.1,11
2026-01-27,LOC-021,3.6,4
2026-01-28,LOC-021,4.2,11
2026-01-28,LOC-021,4.0,1
2026-01-28,LOC-021,4.3,1
2026-01-28,LOC-021,3.8,7
2026-01-29,LOC-021,3.4,22
2026-01-29,LOC-021,3.2,48
2026-01-29,LOC-021,3.9,6
2026-01-29,LOC-021,3.3,21
2026-01-29,LOC-021,3.8,1
2026-01-30,LOC-021,3.7,32
2026-01-30,LOC-021,3.2,51
2026-01-30,LOC-021,2.9,6
2026-01-30,LOC-021,3.5,12
2026-01-30,LOC-021,3.5,22
2026-01-30,LOC-021,3.3,1
2026-01-31,LOC-021,3.1,20
2026-01-31,LOC-021,4.5,2
2026-01-31,LOC-021,3.8,8
2026-01-31,LOC-021,4.0,13
2026-01-31,LOC-021,3.6,1
2026-02-01,LOC-021,3.1,15
2026-02-01,LOC-021,3.9,17
2026-02-01,LOC-021,3.6,37
2026-02-02,LOC-021,3.5,10
2026-02-02,LOC-021,3.3,14
2026-02-02,LOC-021,3.9,9
2026-02-03,LOC-021,4.1,12
2026-02-03,LOC-021,4.3,10
2026-02-03,LOC-021,3.5,33
2026-02-03,LOC-021,3.6,7
2026-02-04,LOC-021,3.9,21
2026-02-04,LOC-021,3.4,12
2026-02-04,LOC-021,3.8,1
2026-02-05,LOC-021,3.9,30
2026-02-05,LOC-021,3.0,20
2026-02-05,LOC-021,3.8,2
2026-02-05,LOC-021,3.9,17
2026-02-05,LOC-021,3.6,9
2026-02-05,LOC-021,3.5,3
2026-02-06,LOC-021,3.4,42
2026-02-06,LOC-021,4.0,6
2026-02-06,LOC-021,4.8,9
2026-02-06,LOC-021,3.9,7
2026-02-07,LOC-021,4.1,41
2026-02-07,LOC-021,3.3,1
2026-02-08,LOC-021,3.3,23
2026-02-08,LOC-021,3.2,21
2026-02-08,LOC-021,4.3,16
2026-02-10,LOC-021,3.4,23
2026-02-13,LOC-021,3.7,15
2026-02-13,LOC-021,3.8,49
2026-02-13,LOC-021,3.8,13
2026-02-13,LOC-021,4.2,21
2026-02-14,LOC-021,3.5,70
2026-02-14,LOC-021,3.8,4
2026-02-14,LOC-021,3.4,17
2026-02-15,LOC-021,3.7,33
2026-02-15,LOC-021,4.6,1
2026-02-15,LOC-021,4.4,4
2026-02-15,LOC-021,4.3,37
2026-02-15,LOC-021,3.4,12
2026-02-16,LOC-021,3.2,2
2026-02-17,LOC-021,4.0,1
2026-02-17,LOC-021,3.5,7
2026-02-17,LOC-021,3.8,1
2026-02-18,LOC-021,3.5,20
2026-02-18,LOC-021,4.7,14
2026-02-18,LOC-021,3.4,29
2026-02-18,LOC-021,4.3,15
2026-02-18,LOC-021,4.0,1
2026-02-19,LOC-021,3.8,31
2026-02-19,LOC-021,3.3,9
2026-02-19,LOC-021,3.9,15
2026-02-20,LOC-021,4.0,3
2026-02-21,LOC-021,5.0,18
2026-02-21,LOC-021,4.1,41
2026-02-21,LOC-021,2.6,1
2026-02-21,LOC-021,4.1,12
2026-02-22,LOC-021,4.4,1
2026-02-22,LOC-021,3.2,1
2026-02-22,LOC-021,4.8,17
2026-02-25,LOC-021,4.6,43
2026-02-25,LOC-021,4.6,33
2026-02-25,LOC-021,4.1,1
2026-02-25,LOC-021,4.2,3
2026-02-26,LOC-021,3.7,12
2026-02-26,LOC-021,4.2,30
2026-02-26,LOC-021,4.1,1
2026-02-26,LOC-021,3.6,15
2026-02-27,LOC-021,3.7,11
2026-02-27,LOC-021,3.1,1
2026-02-27,LOC-021,4.4,1
2026-02-27,LOC-021,3.8,1
2026-02-27,LOC-021,3.0,2
2026-02-28,LOC-021,4.3,70
2026-02-28,LOC-021,4.0,3
2026-03-01,LOC-021,4.1,9
2026-03-01,LOC-021,3.2,17
2026-03-01,LOC-021,3.4,18
2026-03-02,LOC-021,3.6,16
2026-03-03,LOC-021,4.8,34
2026-03-03,LOC-021,4.5,5
2026-03-03,LOC-021,3.8,1
2026-03-03,LOC-021,3.6,5
2026-03-04,LOC-021,3.0,4
2026-03-05,LOC-021,3.2,19
2026-03-05,LOC-021,3.5,3
2026-03-05,LOC-021,3.9,1
2026-03-06,LOC-021,4.2,11
2026-03-06,LOC-021,3.9,1
2026-03-06,LOC-021,4.1,27
2026-03-08,LOC-021,3.7,15
2026-03-09,LOC-021,3.6,10
2026-03-09,LOC-021,4.2,3
2026-03-09,LOC-021,3.9,3
2026-03-09,LOC-021,3.2,7
2026-03-09,LOC-021,2.7,38
2026-03-10,LOC-021,4.9,27
2026-03-10,LOC-021,3.1,7
2026-03-10,LOC-021,3.9,17
2026-03-10,LOC-021,4.1,28
2026-03-10,LOC-021,3.1,19
2026-03-10,LOC-021,3.7,1
2026-03-11,LOC-021,3.4,3
2026-03-11,LOC-021,3.9,13
2026-03-11,LOC-021,3.5,1
2026-03-12,LOC-021,4.5,18
2026-03-12,LOC-021,4.2,7
2026-03-12,LOC-021,3.5,4
2026-03-13,LOC-021,4.0,1
2026-03-13,LOC-021,2.8,22
2026-03-14,LOC-021,4.1,65
2026-03-14,LOC-021,3.6,15
2026-03-15,LOC-021,4.1,24
2026-03-15,LOC-021,4.1,17
2026-03-15,LOC-021,3.6,10
2026-03-15,LOC-021,3.4,13
2026-03-15,LOC-021,3.6,23
2026-03-16,LOC-021,5.0,14
2026-03-16,LOC-021,3.4,52
2026-03-16,LOC-021,4.1,19
2026-03-16,LOC-021,3.7,4
2026-03-17,LOC-021,3.8,11
2026-03-17,LOC-021,3.8,20
2026-03-17,LOC-021,3.9,27
2026-03-17,LOC-021,4.3,23
2026-03-17,LOC-021,4.0,17
2026-03-18,LOC-021,3.0,10
2026-03-18,LOC-021,3.1,2
2026-03-18,LOC-021,4.3,7
2026-03-18,LOC-021,2.8,12
2026-03-18,LOC-021,4.0,3
2026-03-18,LOC-021,2.6,18
2026-03-18,LOC-021,4.4,4
2026-03-19,LOC-021,3.9,19
2026-03-19,LOC-021,4.2,1
2026-03-19,LOC-021,4.0,41
2026-03-20,LOC-021,4.5,68
2026-03-20,LOC-021,3.3,7
2026-03-20,LOC-021,3.3,1
2026-03-21,LOC-021,3.7,40
2026-03-21,LOC-021,4.2,9
2026-03-22,LOC-021,4.6,32
2026-03-22,LOC-021,5.0,1
2026-03-22,LOC-021,4.6,6
2026-03-23,LOC-021,4.2,1
2026-03-23,LOC-021,3.5,10
2026-03-24,LOC-021,3.5,11
2026-03-24,LOC-021,4.5,20
2026-03-24,LOC-021,4.7,11
2026-03-25,LOC-021,3.7,15
2026-03-25,LOC-021,4.3,14
2026-03-26,LOC-021,3.1,53
2026-03-26,LOC-021,4.4,13
2026-03-26,LOC-021,4.6,15
2026-03-26,LOC-021,4.5,1
2026-03-26,LOC-021,3.3,11
2026-03-27,LOC-021,4.7,9
2026-03-27,LOC-021,3.9,12
2026-03-27,LOC-021,3.9,1
2026-03-27,LOC-021,3.5,1
2026-03-27,LOC-021,3.2,4
2026-03-27,LOC-021,3.3,2
2026-03-28,LOC-021,3.8,5
2026-03-28,LOC-021,4.2,35
2026-03-29,LOC-021,3.6,6
2026-03-29,LOC-021,3.1,9
2026-03-29,LOC-021,4.2,2
2026-03-29,LOC-021,5.0,5
2026-03-29,LOC-021,3.2,15
2026-03-29,LOC-021,3.7,17
2026-03-29,LOC-021,3.6,5
2026-03-29,LOC-021,3.2,20
2026-03-30,LOC-021,3.7,3
2026-03-31,LOC-021,3.6,5
2026-03-31,LOC-021,4.0,10
2026-04-01,LOC-021,3.1,24
2026-04-01,LOC-021,3.9,36
2026-04-02,LOC-021,3.8,10
2026-04-02,LOC-021,4.0,11
2026-04-03,LOC-021,4.1,39
2026-04-03,LOC-021,3.8,8
2026-04-03,LOC-021,4.2,19
2026-04-03,LOC-021,4.6,7
2026-04-03,LOC-021,4.4,5
2026-04-03,LOC-021,3.1,21
2026-04-03,LOC-021,4.3,37
2026-04-04,LOC-021,3.6,8
2026-04-04,LOC-021,3.7,1
2026-04-04,LOC-021,3.6,12
2026-04-05,LOC-021,4.0,5
2026-04-05,LOC-021,3.9,6
2026-04-05,LOC-021,3.8,8
2026-04-06,LOC-021,3.7,24
2026-04-06,LOC-021,3.9,5
2026-04-06,LOC-021,3.0,5
2026-04-06,LOC-021,5.0,20
2026-04-06,LOC-021,2.8,7
2026-04-09,LOC-021,4.0,35
2026-04-09,LOC-021,3.7,6
2026-04-09,LOC-021,4.1,38
2026-04-09,LOC-021,3.6,7
2026-04-09,LOC-021,3.8,1
2026-04-09,LOC-021,4.4,3
2026-04-09,LOC-021,3.6,3
2026-04-09,LOC-021,5.0,49
2026-04-09,LOC-021,4.2,39
2026-04-10,LOC-021,4.4,8
2026-04-10,LOC-021,3.8,2
2026-04-10,LOC-021,4.1,10
2026-04-11,LOC-021,3.8,32
2026-04-11,LOC-021,4.5,2
2026-04-11,LOC-021,4.4,32
2026-04-11,LOC-021,4.6,1
2026-04-12,LOC-021,3.9,8
2026-04-12,LOC-021,4.2,1
2026-04-12,LOC-021,4.1,5
2026-04-12,LOC-021,4.1,12
2026-04-13,LOC-021,4.2,41
2026-04-13,LOC-021,3.5,14
2026-04-13,LOC-021,3.6,41
2026-04-13,LOC-021,4.0,32
2026-04-14,LOC-021,3.9,6
2026-04-14,LOC-021,3.3,1
2026-04-15,LOC-021,4.1,1
2026-04-15,LOC-021,3.5,13
2026-04-17,LOC-021,3.5,6
2026-04-17,LOC-021,3.5,1
2026-04-17,LOC-021,3.5,31
2026-04-18,LOC-021,4.4,3
2026-04-18,LOC-021,4.0,13
2026-04-18,LOC-021,3.7,4
2026-04-19,LOC-021,3.6,17
2026-04-20,LOC-021,3.8,9
2026-04-20,LOC-021,4.1,3
2026-04-20,LOC-021,3.8,1
2026-04-21,LOC-021,3.8,8
2026-04-21,LOC-021,4.2,26
2026-04-21,LOC-021,4.0,1
2026-04-21,LOC-021,3.7,14
2026-04-21,LOC-021,3.7,16
2026-04-21,LOC-021,3.5,14
2026-04-22,LOC-021,4.5,73
2026-04-22,LOC-021,3.4,15
2026-04-23,LOC-021,4.9,15
2026-04-23,LOC-021,3.2,39
2026-04-24,LOC-021,4.1,5
2026-04-24,LOC-021,3.6,8
2026-04-24,LOC-021,3.4,3
2026-04-24,LOC-021,2.9,11
2026-04-25,LOC-021,3.8,10
2026-04-26,LOC-021,3.9,39
2026-04-26,LOC-021,3.3,15
2026-04-27,LOC-021,4.6,14
2026-04-27,LOC-021,3.8,9
2026-04-27,LOC-021,3.8,19
2026-04-27,LOC-021,3.9,4
2026-04-28,LOC-021,3.6,13
2026-04-28,LOC-021,4.4,16
2026-04-28,LOC-021,4.8,1
2026-04-29,LOC-021,4.2,5
2026-04-30,LOC-021,3.0,25
2026-04-30,LOC-021,4.6,28
2026-04-30,LOC-021,3.2,1
2026-04-30,LOC-021,3.5,14
2026-05-01,LOC-021,3.7,2
2026-05-02,LOC-021,3.6,42
2026-05-02,LOC-021,4.0,14
2026-05-04,LOC-021,3.3,8
2026-05-04,LOC-021,3.7,5
2026-05-04,LOC-021,3.2,15
2026-05-04,LOC-021,4.4,59
2026-05-04,LOC-021,3.9,3
2026-05-04,LOC-021,4.0,20
2026-05-05,LOC-021,4.3,13
2026-05-05,LOC-021,4.1,17
2026-05-05,LOC-021,3.8,1
2026-05-05,LOC-021,3.8,5
2026-05-06,LOC-021,3.7,8
2026-05-06,LOC-021,2.9,15
2026-05-06,LOC-021,2.3,10
2026-05-06,LOC-021,4.1,1
2026-05-07,LOC-021,3.8,24
2026-05-07,LOC-021,3.9,37
2026-05-08,LOC-021,4.6,45
2026-05-08,LOC-021,4.0,4
2026-05-08,LOC-021,3.9,19
2026-05-08,LOC-021,3.2,5
2026-05-08,LOC-021,4.5,7
2026-05-08,LOC-021,4.8,17
2026-05-08,LOC-021,3.5,13
2026-05-09,LOC-021,3.3,4
2026-05-09,LOC-021,3.6,15
2026-05-09,LOC-021,4.3,31
2026-05-10,LOC-021,4.2,11
2026-05-10,LOC-021,3.0,21
2026-05-10,LOC-021,3.9,23
2026-05-11,LOC-021,3.7,25
2026-05-11,LOC-021,3.3,37
2026-05-12,LOC-021,4.3,21
2026-05-12,LOC-021,3.1,45
2026-05-12,LOC-021,3.8,2
2026-05-12,LOC-021,4.2,14
2026-05-12,LOC-021,4.6,50
2026-05-13,LOC-021,4.3,14
2026-05-13,LOC-021,3.1,7
2026-05-14,LOC-021,4.1,18
2026-05-14,LOC-021,3.4,1
2026-05-14,LOC-021,4.3,17
2026-05-14,LOC-021,4.0,13
2026-05-15,LOC-021,3.9,29
2026-05-15,LOC-021,3.8,2
2026-05-16,LOC-021,4.8,10
2026-05-16,LOC-021,4.5,5
2026-05-16,LOC-021,3.8,7
2026-05-16,LOC-021,3.5,1
2026-05-16,LOC-021,3.9,44
2026-05-16,LOC-021,4.0,12
2026-05-16,LOC-021,4.0,30
2026-05-17,LOC-021,4.0,11
2026-05-18,LOC-021,3.5,38
2026-05-18,LOC-021,3.6,5
2026-05-18,LOC-021,4.5,1
2026-05-18,LOC-021,4.0,19
2026-05-19,LOC-021,4.2,13
2026-05-21,LOC-021,4.1,12
2026-05-22,LOC-021,3.9,17
2026-05-22,LOC-021,3.2,56
2026-05-22,LOC-021,4.4,9
2026-05-22,LOC-021,4.2,14
2026-05-23,LOC-021,3.4,3
2026-05-23,LOC-021,4.7,3
2026-05-23,LOC-021,4.0,13
2026-05-24,LOC-021,3.9,12
2026-05-24,LOC-021,4.0,1
2026-05-24,LOC-021,4.0,11
2026-05-24,LOC-021,3.5,20
2026-05-25,LOC-021,4.4,22
2026-05-25,LOC-021,4.1,17
2026-05-25,LOC-021,3.5,7
2026-05-25,LOC-021,4.8,2
2026-05-25,LOC-021,3.6,4
2026-05-25,LOC-021,4.2,1
2026-05-26,LOC-021,3.3,8
2026-05-26,LOC-021,3.7,23
2026-05-26,LOC-021,3.9,6
2026-05-27,LOC-021,3.6,1
2026-05-27,LOC-021,3.0,12
2026-05-28,LOC-021,3.1,1
2026-05-28,LOC-021,4.4,1
2026-05-29,LOC-021,3.5,15
2026-05-29,LOC-021,3.8,1
2026-05-29,LOC-021,3.5,23
2026-05-29,LOC-021,3.7,3
2026-05-29,LOC-021,3.1,52
2026-05-30,LOC-021,3.8,14
2026-05-30,LOC-021,3.7,8
2026-05-30,LOC-021,3.6,2
2026-05-31,LOC-021,3.4,9
2026-05-31,LOC-021,4.0,24
2026-05-31,LOC-021,3.2,37
2026-06-01,LOC-021,3.6,45
2026-06-01,LOC-021,3.3,46
2026-06-01,LOC-021,3.1,3
2026-06-01,LOC-021,4.2,6
2026-06-01,LOC-021,3.7,18
2026-06-02,LOC-021,4.4,1
2026-06-03,LOC-021,4.0,6
2026-06-03,LOC-021,3.6,66
2026-06-03,LOC-021,4.3,24
2026-06-04,LOC-021,3.8,3
2026-06-04,LOC-021,3.8,27
2026-06-04,LOC-021,3.5,29
2026-06-04,LOC-021,3.8,12
2026-06-05,LOC-021,3.1,8
2026-06-05,LOC-021,3.6,4
2026-06-06,LOC-021,3.9,4
2026-06-07,LOC-021,2.8,5
2026-06-07,LOC-021,2.8,1
2026-06-07,LOC-021,4.1,7
2026-06-07,LOC-021,3.5,1
2026-06-08,LOC-021,4.4,30
2026-06-09,LOC-021,3.7,22
2026-06-09,LOC-021,3.9,20
2026-06-09,LOC-021,2.7,38
2026-06-10,LOC-021,3.7,9
2026-06-10,LOC-021,5.0,5
2026-06-10,LOC-021,3.2,1
2026-06-10,LOC-021,4.4,4
2026-06-11,LOC-021,4.3,15
2026-06-11,LOC-021,3.7,10
2026-06-11,LOC-021,4.1,7
2026-06-11,LOC-021,3.1,14
2026-06-12,LOC-021,3.9,7
2026-06-12,LOC-021,4.3,10
2026-06-13,LOC-021,3.3,7
2026-06-13,LOC-021,4.0,1
2026-06-14,LOC-021,5.0,1
2026-06-14,LOC-021,3.0,16
2026-06-14,LOC-021,4.1,1
2026-06-14,LOC-021,3.9,33
2026-06-14,LOC-021,4.6,15
2026-06-14,LOC-021,4.5,33
2026-06-15,LOC-021,3.9,16
2026-06-16,LOC-021,3.8,88
2026-06-16,LOC-021,3.9,7
2026-06-17,LOC-021,3.8,1
2026-06-17,LOC-021,4.6,30
2026-06-18,LOC-021,3.2,20
2026-06-18,LOC-021,4.6,13
2026-06-18,LOC-021,4.0,25
2026-06-18,LOC-021,3.6,48
2026-06-19,LOC-021,3.4,14
2026-06-20,LOC-021,3.7,9
2026-06-20,LOC-021,3.8,38
2026-06-20,LOC-021,3.6,60
2026-06-21,LOC-021,5.0,10
2026-06-21,LOC-021,3.8,34
2026-06-22,LOC-021,3.7,1
2026-06-23,LOC-021,3.6,15
2026-06-24,LOC-021,4.1,5
2026-06-25,LOC-021,4.5,1
2026-06-25,LOC-021,3.7,1
2026-06-25,LOC-021,4.1,9
2026-06-26,LOC-021,4.1,8
2026-06-26,LOC-021,4.2,2
2026-06-27,LOC-021,4.9,4
2026-06-27,LOC-021,3.9,22
2026-06-29,LOC-021,3.7,11
2026-06-29,LOC-021,4.7,1
2026-01-01,LOC-022,5.0,4
2026-01-01,LOC-022,4.3,1
2026-01-01,LOC-022,4.4,9
2026-01-01,LOC-022,5.0,9
2026-01-02,LOC-022,4.2,26
2026-01-02,LOC-022,4.8,1
2026-01-02,LOC-022,5.0,20
2026-01-03,LOC-022,3.3,12
2026-01-03,LOC-022,5.0,3
2026-01-03,LOC-022,4.9,10
2026-01-04,LOC-022,4.8,21
2026-01-04,LOC-022,4.8,13
2026-01-05,LOC-022,4.7,34
2026-01-06,LOC-022,5.0,23
2026-01-06,LOC-022,5.0,12
2026-01-06,LOC-022,4.3,34
2026-01-06,LOC-022,4.5,7
2026-01-07,LOC-022,3.9,1
2026-01-07,LOC-022,4.1,5
2026-01-07,LOC-022,4.1,5
2026-01-08,LOC-022,4.8,20
2026-01-09,LOC-022,4.3,18
2026-01-09,LOC-022,4.4,14
2026-01-09,LOC-022,4.3,1
2026-01-09,LOC-022,4.4,8
2026-01-09,LOC-022,4.6,5
2026-01-09,LOC-022,4.2,38
2026-01-09,LOC-022,4.6,2
2026-01-09,LOC-022,5.0,2
2026-01-10,LOC-022,4.9,21
2026-01-10,LOC-022,4.8,5
2026-01-11,LOC-022,5.0,13
2026-01-12,LOC-022,4.3,11
2026-01-12,LOC-022,4.5,9
2026-01-13,LOC-022,5.0,4
2026-01-13,LOC-022,4.2,10
2026-01-13,LOC-022,5.0,41
2026-01-15,LOC-022,4.2,47
2026-01-16,LOC-022,4.1,16
2026-01-16,LOC-022,4.3,19
2026-01-16,LOC-022,4.4,3
2026-01-16,LOC-022,4.4,18
2026-01-17,LOC-022,5.0,1
2026-01-17,LOC-022,4.1,2
2026-01-17,LOC-022,4.3,2
2026-01-17,LOC-022,5.0,8
2026-01-18,LOC-022,4.9,3
2026-01-18,LOC-022,4.8,6
2026-01-18,LOC-022,4.6,23
2026-01-18,LOC-022,5.0,3
2026-01-18,LOC-022,3.5,19
2026-01-19,LOC-022,4.6,5
2026-01-19,LOC-022,4.4,54
2026-01-19,LOC-022,4.9,6
2026-01-19,LOC-022,4.4,4
2026-01-19,LOC-022,5.0,10
2026-01-20,LOC-022,4.6,2
2026-01-21,LOC-022,5.0,9
2026-01-21,LOC-022,4.9,3
2026-01-21,LOC-022,3.8,71
2026-01-21,LOC-022,4.4,21
2026-01-21,LOC-022,3.8,1
2026-01-21,LOC-022,4.4,3
2026-01-21,LOC-022,4.8,1
2026-01-21,LOC-022,5.0,60
2026-01-21,LOC-022,5.0,31
2026-01-23,LOC-022,4.7,32
2026-01-23,LOC-022,4.6,10
2026-01-23,LOC-022,5.0,4
2026-01-23,LOC-022,5.0,82
2026-01-24,LOC-022,4.2,1
2026-01-24,LOC-022,5.0,13
2026-01-24,LOC-022,4.1,9
2026-01-25,LOC-022,5.0,12
2026-01-25,LOC-022,5.0,1
2026-01-26,LOC-022,4.6,11
2026-01-26,LOC-022,4.0,16
2026-01-26,LOC-022,4.4,13
2026-01-26,LOC-022,4.8,15
2026-01-26,LOC-022,4.8,1
2026-01-27,LOC-022,4.6,3
2026-01-27,LOC-022,4.8,41
2026-01-27,LOC-022,4.4,8
2026-01-27,LOC-022,4.9,17
2026-01-28,LOC-022,4.3,36
2026-01-28,LOC-022,5.0,11
2026-01-28,LOC-022,4.2,25
2026-01-28,LOC-022,5.0,21
2026-01-28,LOC-022,4.1,20
2026-01-28,LOC-022,4.3,4
2026-01-28,LOC-022,3.7,5
2026-01-28,LOC-022,4.1,5
2026-01-29,LOC-022,3.5,25
2026-01-29,LOC-022,4.6,31
2026-01-29,LOC-022,3.7,86
2026-01-30,LOC-022,4.7,13
2026-01-30,LOC-022,4.9,17
2026-01-31,LOC-022,4.7,9
2026-01-31,LOC-022,5.0,7
2026-02-01,LOC-022,5.0,2
2026-02-02,LOC-022,4.9,26
2026-02-02,LOC-022,4.6,8
2026-02-02,LOC-022,4.0,11
2026-02-03,LOC-022,4.6,5
2026-02-03,LOC-022,5.0,3
2026-02-03,LOC-022,4.2,45
2026-02-03,LOC-022,5.0,8
2026-02-03,LOC-022,4.7,19
2026-02-04,LOC-022,4.6,10
2026-02-05,LOC-022,4.9,1
2026-02-05,LOC-022,5.0,17
2026-02-05,LOC-022,4.1,30
2026-02-05,LOC-022,4.7,1
2026-02-06,LOC-022,5.0,63
2026-02-06,LOC-022,5.0,42
2026-02-06,LOC-022,4.5,13
2026-02-06,LOC-022,3.9,52
2026-02-06,LOC-022,4.6,49
2026-02-07,LOC-022,4.8,1
2026-02-07,LOC-022,4.2,2
2026-02-07,LOC-022,4.8,9
2026-02-07,LOC-022,5.0,11
2026-02-07,LOC-022,4.8,17
2026-02-09,LOC-022,4.6,25
2026-02-09,LOC-022,4.6,1
2026-02-09,LOC-022,4.8,33
2026-02-10,LOC-022,4.6,17
2026-02-10,LOC-022,5.0,12
2026-02-10,LOC-022,5.0,20
2026-02-11,LOC-022,4.5,1
2026-02-11,LOC-022,4.4,23
2026-02-11,LOC-022,3.8,2
2026-02-11,LOC-022,4.7,1
2026-02-12,LOC-022,4.8,4
2026-02-12,LOC-022,4.6,19
2026-02-12,LOC-022,4.7,54
2026-02-13,LOC-022,5.0,18
2026-02-13,LOC-022,5.0,18
2026-02-13,LOC-022,4.6,36
2026-02-13,LOC-022,4.8,18
2026-02-13,LOC-022,4.1,2
2026-02-14,LOC-022,4.3,12
2026-02-14,LOC-022,4.7,4
2026-02-14,LOC-022,5.0,24
2026-02-14,LOC-022,4.3,11
2026-02-15,LOC-022,4.7,18
2026-02-16,LOC-022,4.6,18
2026-02-16,LOC-022,4.6,17
2026-02-16,LOC-022,4.7,7
2026-02-16,LOC-022,5.0,21
2026-02-17,LOC-022,4.1,12
2026-02-17,LOC-022,4.9,5
2026-02-17,LOC-022,4.5,1
2026-02-18,LOC-022,5.0,20
2026-02-18,LOC-022,4.3,7
2026-02-19,LOC-022,4.6,5
2026-02-19,LOC-022,4.5,18
2026-02-19,LOC-022,4.7,43
2026-02-20,LOC-022,4.8,5
2026-02-20,LOC-022,4.1,12
2026-02-20,LOC-022,4.2,1
2026-02-20,LOC-022,3.8,26
2026-02-20,LOC-022,4.2,1
2026-02-21,LOC-022,4.7,6
2026-02-21,LOC-022,4.6,32
2026-02-21,LOC-022,3.9,4
2026-02-21,LOC-022,5.0,14
2026-02-22,LOC-022,4.4,9
2026-02-22,LOC-022,5.0,10
2026-02-22,LOC-022,4.6,12
2026-02-23,LOC-022,4.0,1
2026-02-23,LOC-022,4.3,14
2026-02-23,LOC-022,4.2,1
2026-02-23,LOC-022,4.1,1
2026-02-23,LOC-022,5.0,18
2026-02-24,LOC-022,4.7,2
2026-02-24,LOC-022,5.0,12
2026-02-24,LOC-022,4.2,6
2026-02-25,LOC-022,4.3,16
2026-02-25,LOC-022,5.0,7
2026-02-26,LOC-022,3.9,36
2026-02-26,LOC-022,4.3,1
2026-02-27,LOC-022,4.9,5
2026-02-27,LOC-022,4.6,5
2026-02-27,LOC-022,5.0,14
2026-02-27,LOC-022,5.0,20
2026-02-27,LOC-022,4.7,32
2026-02-28,LOC-022,4.9,4
2026-02-28,LOC-022,4.2,6
2026-02-28,LOC-022,4.6,5
2026-02-28,LOC-022,4.8,37
2026-03-01,LOC-022,4.2,61
2026-03-01,LOC-022,4.8,1
2026-03-01,LOC-022,4.5,3
2026-03-01,LOC-022,4.4,2
2026-03-01,LOC-022,5.0,30
2026-03-02,LOC-022,5.0,34
2026-03-02,LOC-022,4.1,2
2026-03-02,LOC-022,4.4,4
2026-03-03,LOC-022,5.0,8
2026-03-03,LOC-022,5.0,24
2026-03-03,LOC-022,5.0,8
2026-03-04,LOC-022,4.1,2
2026-03-04,LOC-022,5.0,11
2026-03-05,LOC-022,4.5,3
2026-03-05,LOC-022,5.0,8
2026-03-05,LOC-022,4.7,11
2026-03-06,LOC-022,5.0,1
2026-03-06,LOC-022,4.5,1
2026-03-07,LOC-022,4.4,1
2026-03-07,LOC-022,4.8,1
2026-03-07,LOC-022,5.0,22
2026-03-07,LOC-022,5.0,72
2026-03-08,LOC-022,4.5,22
2026-03-08,LOC-022,4.4,18
2026-03-08,LOC-022,5.0,7
2026-03-09,LOC-022,4.1,22
2026-03-09,LOC-022,4.6,3
2026-03-09,LOC-022,4.3,4
2026-03-09,LOC-022,4.6,46
2026-03-09,LOC-022,4.7,10
2026-03-10,LOC-022,5.0,21
2026-03-10,LOC-022,4.7,2
2026-03-10,LOC-022,4.8,1
2026-03-11,LOC-022,4.3,3
2026-03-11,LOC-022,4.9,15
2026-03-11,LOC-022,5.0,17
2026-03-11,LOC-022,4.6,9
2026-03-12,LOC-022,4.1,2
2026-03-12,LOC-022,4.1,7
2026-03-12,LOC-022,5.0,5
2026-03-12,LOC-022,5.0,9
2026-03-12,LOC-022,4.7,5
2026-03-12,LOC-022,5.0,7
2026-03-13,LOC-022,4.5,3
2026-03-13,LOC-022,4.9,11
2026-03-13,LOC-022,5.0,16
2026-03-14,LOC-022,5.0,14
2026-03-14,LOC-022,5.0,18
2026-03-14,LOC-022,4.9,16
2026-03-15,LOC-022,4.2,23
2026-03-15,LOC-022,4.5,16
2026-03-15,LOC-022,5.0,19
2026-03-16,LOC-022,4.1,13
2026-03-16,LOC-022,5.0,4
2026-03-16,LOC-022,3.6,1
2026-03-16,LOC-022,5.0,36
2026-03-17,LOC-022,5.0,1
2026-03-17,LOC-022,5.0,12
2026-03-17,LOC-022,4.1,17
2026-03-18,LOC-022,5.0,29
2026-03-18,LOC-022,4.7,5
2026-03-19,LOC-022,4.7,3
2026-03-19,LOC-022,4.6,28
2026-03-20,LOC-022,4.3,10
2026-03-20,LOC-022,4.7,13
2026-03-20,LOC-022,4.8,20
2026-03-21,LOC-022,5.0,2
2026-03-22,LOC-022,4.9,54
2026-03-22,LOC-022,4.9,5
2026-03-24,LOC-022,5.0,2
2026-03-24,LOC-022,4.9,3
2026-03-25,LOC-022,4.2,26
2026-03-25,LOC-022,4.1,2
2026-03-25,LOC-022,4.6,5
2026-03-25,LOC-022,4.3,47
2026-03-26,LOC-022,4.8,27
2026-03-27,LOC-022,4.4,5
2026-03-28,LOC-022,4.3,45
2026-03-28,LOC-022,5.0,28
2026-03-28,LOC-022,4.0,33
2026-03-28,LOC-022,5.0,8
2026-03-28,LOC-022,4.5,63
2026-03-29,LOC-022,5.0,53
2026-03-29,LOC-022,5.0,19
2026-03-29,LOC-022,4.7,4
2026-03-29,LOC-022,4.8,1
2026-03-29,LOC-022,4.9,6
2026-03-30,LOC-022,4.1,4
2026-03-30,LOC-022,4.5,2
2026-03-31,LOC-022,4.9,2
2026-03-31,LOC-022,4.1,5
2026-04-01,LOC-022,4.5,12
2026-04-01,LOC-022,4.8,21
2026-04-01,LOC-022,4.6,14
2026-04-02,LOC-022,4.2,16
2026-04-02,LOC-022,4.3,48
2026-04-02,LOC-022,4.2,11
2026-04-03,LOC-022,4.1,31
2026-04-03,LOC-022,4.7,34
2026-04-03,LOC-022,4.4,6
2026-04-03,LOC-022,3.9,27
2026-04-03,LOC-022,4.6,27
2026-04-04,LOC-022,4.3,1
2026-04-04,LOC-022,4.9,17
2026-04-04,LOC-022,4.4,34
2026-04-04,LOC-022,4.8,9
2026-04-04,LOC-022,5.0,8
2026-04-05,LOC-022,4.3,10
2026-04-05,LOC-022,5.0,7
2026-04-05,LOC-022,3.5,5
2026-04-06,LOC-022,4.9,2
2026-04-06,LOC-022,4.8,3
2026-04-07,LOC-022,3.8,9
2026-04-07,LOC-022,4.5,18
2026-04-07,LOC-022,5.0,1
2026-04-07,LOC-022,4.5,8
2026-04-07,LOC-022,4.1,12
2026-04-08,LOC-022,5.0,7
2026-04-08,LOC-022,5.0,1
2026-04-09,LOC-022,4.1,27
2026-04-09,LOC-022,5.0,8
2026-04-09,LOC-022,5.0,17
2026-04-10,LOC-022,4.7,2
2026-04-10,LOC-022,3.9,1
2026-04-11,LOC-022,4.9,18
2026-04-11,LOC-022,4.6,7
2026-04-11,LOC-022,5.0,4
2026-04-11,LOC-022,5.0,1
2026-04-11,LOC-022,4.5,9
2026-04-13,LOC-022,4.3,6
2026-04-13,LOC-022,4.6,30
2026-04-14,LOC-022,4.6,4
2026-04-14,LOC-022,5.0,15
2026-04-14,LOC-022,4.5,1
2026-04-14,LOC-022,5.0,7
2026-04-15,LOC-022,4.7,8
2026-04-15,LOC-022,4.2,31
2026-04-15,LOC-022,5.0,8
2026-04-16,LOC-022,5.0,8
2026-04-16,LOC-022,4.4,25
2026-04-17,LOC-022,5.0,3
2026-04-17,LOC-022,5.0,8
2026-04-17,LOC-022,5.0,3
2026-04-17,LOC-022,5.0,19
2026-04-18,LOC-022,4.8,15
2026-04-18,LOC-022,5.0,5
2026-04-18,LOC-022,4.8,1
2026-04-19,LOC-022,3.7,10
2026-04-19,LOC-022,4.9,5
2026-04-19,LOC-022,5.0,44
2026-04-20,LOC-022,3.6,2
2026-04-20,LOC-022,3.6,70
2026-04-20,LOC-022,4.3,2
2026-04-20,LOC-022,4.5,6
2026-04-21,LOC-022,4.9,3
2026-04-21,LOC-022,4.8,13
2026-04-21,LOC-022,4.5,6
2026-04-21,LOC-022,4.0,45
2026-04-22,LOC-022,4.7,3
2026-04-22,LOC-022,4.5,1
2026-04-22,LOC-022,3.8,14
2026-04-22,LOC-022,4.4,15
2026-04-22,LOC-022,4.9,1
2026-04-22,LOC-022,4.2,5
2026-04-23,LOC-022,3.6,3
2026-04-23,LOC-022,5.0,11
2026-04-23,LOC-022,5.0,8
2026-04-23,LOC-022,4.6,37
2026-04-23,LOC-022,4.6,3
2026-04-23,LOC-022,4.0,16
2026-04-23,LOC-022,4.4,4
2026-04-23,LOC-022,4.8,74
2026-04-23,LOC-022,4.7,19
2026-04-24,LOC-022,5.0,23
2026-04-24,LOC-022,5.0,2
2026-04-24,LOC-022,4.4,4
2026-04-25,LOC-022,4.8,11
2026-04-25,LOC-022,5.0,28
2026-04-25,LOC-022,4.6,1
2026-04-25,LOC-022,4.3,4
2026-04-26,LOC-022,3.8,17
2026-04-27,LOC-022,4.4,11
2026-04-27,LOC-022,4.3,31
2026-04-27,LOC-022,4.9,40
2026-04-28,LOC-022,4.7,13
2026-04-28,LOC-022,4.9,15
2026-04-28,LOC-022,3.4,7
2026-04-28,LOC-022,4.7,2
2026-04-28,LOC-022,4.8,28
2026-04-28,LOC-022,3.7,9
2026-04-29,LOC-022,4.9,12
2026-04-30,LOC-022,4.9,11
2026-04-30,LOC-022,3.8,1
2026-04-30,LOC-022,4.3,7
2026-04-30,LOC-022,4.8,8
2026-04-30,LOC-022,4.0,1
2026-05-01,LOC-022,5.0,10
2026-05-01,LOC-022,5.0,4
2026-05-01,LOC-022,5.0,60
2026-05-01,LOC-022,4.1,16
2026-05-01,LOC-022,3.8,4
2026-05-01,LOC-022,5.0,44
2026-05-01,LOC-022,5.0,18
2026-05-02,LOC-022,4.7,10
2026-05-03,LOC-022,4.6,1
2026-05-04,LOC-022,4.7,8
2026-05-04,LOC-022,4.0,44
2026-05-05,LOC-022,3.7,1
2026-05-06,LOC-022,3.6,1
2026-05-06,LOC-022,4.5,1
2026-05-07,LOC-022,5.0,1
2026-05-07,LOC-022,4.5,9
2026-05-07,LOC-022,5.0,23
2026-05-07,LOC-022,4.8,35
2026-05-08,LOC-022,3.9,3
2026-05-09,LOC-022,4.3,22
2026-05-09,LOC-022,4.6,15
2026-05-10,LOC-022,3.7,1
2026-05-10,LOC-022,4.7,34
2026-05-11,LOC-022,5.0,14
2026-05-12,LOC-022,4.3,21
2026-05-13,LOC-022,4.4,1
2026-05-13,LOC-022,4.3,8
2026-05-13,LOC-022,4.4,3
2026-05-14,LOC-022,4.7,3
2026-05-14,LOC-022,4.1,4
2026-05-14,LOC-022,5.0,24
2026-05-14,LOC-022,4.2,69
2026-05-14,LOC-022,5.0,28
2026-05-14,LOC-022,5.0,1
2026-05-15,LOC-022,4.0,25
2026-05-15,LOC-022,4.7,18
2026-05-15,LOC-022,4.7,10
2026-05-15,LOC-022,4.1,28
2026-05-16,LOC-022,4.6,26
2026-05-16,LOC-022,5.0,13
2026-05-16,LOC-022,4.6,12
2026-05-16,LOC-022,3.8,19
2026-05-17,LOC-022,3.7,36
2026-05-17,LOC-022,4.6,12
2026-05-17,LOC-022,4.7,11
2026-05-18,LOC-022,5.0,21
2026-05-18,LOC-022,4.2,9
2026-05-18,LOC-022,5.0,4
2026-05-19,LOC-022,5.0,7
2026-05-19,LOC-022,4.9,50
2026-05-20,LOC-022,5.0,16
2026-05-20,LOC-022,3.7,6
2026-05-20,LOC-022,4.1,9
2026-05-21,LOC-022,5.0,1
2026-05-21,LOC-022,4.3,16
2026-05-21,LOC-022,4.8,88
2026-05-21,LOC-022,4.1,11
2026-05-21,LOC-022,4.2,17
2026-05-22,LOC-022,3.5,21
2026-05-22,LOC-022,5.0,19
2026-05-22,LOC-022,4.2,2
2026-05-22,LOC-022,5.0,3
2026-05-22,LOC-022,4.8,27
2026-05-23,LOC-022,4.6,28
2026-05-24,LOC-022,3.8,8
2026-05-24,LOC-022,4.4,3
2026-05-24,LOC-022,4.7,3
2026-05-25,LOC-022,5.0,46
2026-05-25,LOC-022,4.1,33
2026-05-26,LOC-022,4.5,63
2026-05-26,LOC-022,4.3,33
2026-05-26,LOC-022,4.3,4
2026-05-26,LOC-022,5.0,4
2026-05-26,LOC-022,4.7,18
2026-05-26,LOC-022,4.7,3
2026-05-27,LOC-022,5.0,1
2026-05-28,LOC-022,4.8,24
2026-05-28,LOC-022,4.6,1
2026-05-28,LOC-022,4.7,2
2026-05-29,LOC-022,4.8,1
2026-05-29,LOC-022,5.0,5
2026-05-29,LOC-022,4.5,13
2026-05-29,LOC-022,4.5,1
2026-05-29,LOC-022,4.4,52
2026-05-30,LOC-022,5.0,1
2026-05-30,LOC-022,4.8,29
2026-05-30,LOC-022,4.2,33
2026-05-30,LOC-022,5.0,1
2026-05-31,LOC-022,4.3,12
2026-06-01,LOC-022,4.1,3
2026-06-01,LOC-022,4.6,1
2026-06-01,LOC-022,4.3,64
2026-06-02,LOC-022,5.0,29
2026-06-02,LOC-022,5.0,6
2026-06-02,LOC-022,5.0,28
2026-06-03,LOC-022,4.4,8
2026-06-03,LOC-022,4.0,14
2026-06-03,LOC-022,4.9,5
2026-06-03,LOC-022,4.2,29
2026-06-04,LOC-022,4.9,4
2026-06-04,LOC-022,4.1,8
2026-06-04,LOC-022,4.6,26
2026-06-04,LOC-022,5.0,5
2026-06-05,LOC-022,4.3,32
2026-06-05,LOC-022,4.4,3
2026-06-05,LOC-022,5.0,37
2026-06-05,LOC-022,4.1,6
2026-06-07,LOC-022,4.8,4
2026-06-08,LOC-022,4.3,3
2026-06-09,LOC-022,5.0,1
2026-06-09,LOC-022,4.8,12
2026-06-09,LOC-022,4.8,16
2026-06-10,LOC-022,4.0,1
2026-06-10,LOC-022,5.0,11
2026-06-11,LOC-022,4.5,33
2026-06-11,LOC-022,4.9,6
2026-06-12,LOC-022,4.0,2
2026-06-12,LOC-022,5.0,5
2026-06-13,LOC-022,4.8,25
2026-06-13,LOC-022,4.1,6
2026-06-13,LOC-022,4.9,23
2026-06-13,LOC-022,4.0,14
2026-06-14,LOC-022,4.8,2
2026-06-14,LOC-022,5.0,35
2026-06-14,LOC-022,4.7,5
2026-06-14,LOC-022,4.6,21
2026-06-15,LOC-022,3.5,23
2026-06-15,LOC-022,5.0,5
2026-06-16,LOC-022,3.9,7
2026-06-16,LOC-022,5.0,17
2026-06-17,LOC-022,4.4,4
2026-06-17,LOC-022,4.3,20
2026-06-17,LOC-022,4.1,14
2026-06-17,LOC-022,4.4,7
2026-06-18,LOC-022,5.0,1
2026-06-18,LOC-022,5.0,37
2026-06-19,LOC-022,4.3,66
2026-06-19,LOC-022,4.2,68
2026-06-20,LOC-022,4.6,16
2026-06-20,LOC-022,5.0,6
2026-06-21,LOC-022,4.0,4
2026-06-21,LOC-022,5.0,21
2026-06-21,LOC-022,4.8,28
2026-06-21,LOC-022,3.9,18
2026-06-22,LOC-022,4.1,23
2026-06-23,LOC-022,4.6,17
2026-06-23,LOC-022,4.7,1
2026-06-23,LOC-022,4.8,1
2026-06-24,LOC-022,3.9,30
2026-06-24,LOC-022,5.0,4
2026-06-24,LOC-022,4.5,2
2026-06-24,LOC-022,5.0,1
2026-06-25,LOC-022,5.0,7
2026-06-25,LOC-022,4.8,17
2026-06-25,LOC-022,5.0,45
2026-06-26,LOC-022,4.4,32
2026-06-26,LOC-022,4.8,14
2026-06-27,LOC-022,4.2,2
2026-06-27,LOC-022,4.3,21
2026-06-27,LOC-022,4.5,8
2026-06-29,LOC-022,4.4,1
2026-06-29,LOC-022,3.9,12
2026-06-30,LOC-022,5.0,19
2026-01-01,LOC-023,4.1,1
2026-01-01,LOC-023,4.4,8
2026-01-01,LOC-023,3.4,60
2026-01-02,LOC-023,3.8,15
2026-01-02,LOC-023,2.5,4
2026-01-02,LOC-023,3.7,8
2026-01-02,LOC-023,3.3,21
2026-01-02,LOC-023,3.7,5
2026-01-03,LOC-023,4.2,30
2026-01-03,LOC-023,3.2,1
2026-01-04,LOC-023,3.3,5
2026-01-04,LOC-023,4.2,32
2026-01-04,LOC-023,3.5,17
2026-01-04,LOC-023,3.6,34
2026-01-04,LOC-023,3.3,1
2026-01-05,LOC-023,4.1,8
2026-01-06,LOC-023,3.7,33
2026-01-06,LOC-023,3.6,1
2026-01-06,LOC-023,4.1,62
2026-01-06,LOC-023,2.6,14
2026-01-07,LOC-023,3.3,17
2026-01-07,LOC-023,2.9,16
2026-01-08,LOC-023,3.5,7
2026-01-08,LOC-023,3.7,6
2026-01-09,LOC-023,4.4,16
2026-01-09,LOC-023,4.0,13
2026-01-09,LOC-023,3.9,9
2026-01-09,LOC-023,2.9,77
2026-01-09,LOC-023,3.6,6
2026-01-10,LOC-023,4.0,1
2026-01-10,LOC-023,3.5,1
2026-01-10,LOC-023,4.1,15
2026-01-10,LOC-023,4.6,9
2026-01-10,LOC-023,3.3,5
2026-01-11,LOC-023,3.7,6
2026-01-11,LOC-023,3.9,39
2026-01-11,LOC-023,3.2,10
2026-01-11,LOC-023,3.4,1
2026-01-11,LOC-023,3.5,53
2026-01-11,LOC-023,3.2,22
2026-01-12,LOC-023,3.7,2
2026-01-12,LOC-023,3.3,16
2026-01-12,LOC-023,3.7,1
2026-01-12,LOC-023,3.2,17
2026-01-12,LOC-023,3.6,13
2026-01-13,LOC-023,4.3,70
2026-01-13,LOC-023,2.8,63
2026-01-13,LOC-023,3.2,28
2026-01-13,LOC-023,3.3,29
2026-01-13,LOC-023,3.3,1
2026-01-13,LOC-023,3.7,16
2026-01-13,LOC-023,3.4,5
2026-01-14,LOC-023,4.7,13
2026-01-15,LOC-023,4.3,19
2026-01-15,LOC-023,3.4,7
2026-01-16,LOC-023,3.4,10
2026-01-16,LOC-023,3.5,9
2026-01-17,LOC-023,4.3,14
2026-01-17,LOC-023,3.3,10
2026-01-17,LOC-023,3.9,23
2026-01-17,LOC-023,3.5,7
2026-01-17,LOC-023,3.5,6
2026-01-17,LOC-023,2.6,8
2026-01-18,LOC-023,4.4,8
2026-01-19,LOC-023,3.8,32
2026-01-19,LOC-023,3.0,26
2026-01-20,LOC-023,3.7,1
2026-01-20,LOC-023,3.1,5
2026-01-20,LOC-023,4.2,9
2026-01-21,LOC-023,2.8,1
2026-01-21,LOC-023,3.1,5
2026-01-22,LOC-023,4.6,3
2026-01-22,LOC-023,4.1,6
2026-01-22,LOC-023,3.9,1
2026-01-23,LOC-023,3.6,50
2026-01-23,LOC-023,3.8,22
2026-01-23,LOC-023,4.0,14
2026-01-23,LOC-023,4.4,11
2026-01-24,LOC-023,2.4,23
2026-01-25,LOC-023,3.7,9
2026-01-26,LOC-023,3.7,8
2026-01-26,LOC-023,3.8,31
2026-01-26,LOC-023,3.9,33
2026-01-27,LOC-023,5.0,29
2026-01-27,LOC-023,4.3,36
2026-01-27,LOC-023,3.0,26
2026-01-27,LOC-023,4.3,20
2026-01-28,LOC-023,4.3,25
2026-01-28,LOC-023,3.7,1
2026-01-29,LOC-023,3.5,24
2026-01-29,LOC-023,4.3,8
2026-01-30,LOC-023,2.8,25
2026-01-30,LOC-023,3.3,1
2026-01-31,LOC-023,3.1,10
2026-01-31,LOC-023,3.3,26
2026-02-01,LOC-023,3.0,4
2026-02-02,LOC-023,3.4,1
2026-02-02,LOC-023,4.1,20
2026-02-03,LOC-023,3.4,50
2026-02-03,LOC-023,4.3,40
2026-02-03,LOC-023,3.9,1
2026-02-03,LOC-023,4.5,13
2026-02-03,LOC-023,3.0,24
2026-02-03,LOC-023,3.4,9
2026-02-04,LOC-023,3.8,4
2026-02-04,LOC-023,4.0,27
2026-02-05,LOC-023,4.3,5
2026-02-05,LOC-023,3.6,32
2026-02-06,LOC-023,3.5,6
2026-02-06,LOC-023,3.7,6
2026-02-06,LOC-023,3.3,18
2026-02-07,LOC-023,3.7,1
2026-02-07,LOC-023,4.0,4
2026-02-07,LOC-023,3.2,8
2026-02-08,LOC-023,2.9,4
2026-02-08,LOC-023,3.0,5
2026-02-09,LOC-023,4.2,8
2026-02-09,LOC-023,3.9,5
2026-02-09,LOC-023,2.9,1
2026-02-10,LOC-023,3.2,1
2026-02-10,LOC-023,3.0,2
2026-02-10,LOC-023,3.2,3
2026-02-10,LOC-023,3.5,1
2026-02-11,LOC-023,3.8,4
2026-02-11,LOC-023,3.6,14
2026-02-11,LOC-023,3.9,30
2026-02-11,LOC-023,4.3,14
2026-02-11,LOC-023,3.3,14
2026-02-11,LOC-023,2.9,3
2026-02-11,LOC-023,4.2,31
2026-02-11,LOC-023,3.5,48
2026-02-11,LOC-023,3.0,3
2026-02-12,LOC-023,3.4,2
2026-02-12,LOC-023,2.8,46
2026-02-12,LOC-023,4.0,14
2026-02-13,LOC-023,3.5,3
2026-02-13,LOC-023,3.1,22
2026-02-13,LOC-023,2.9,9
2026-02-14,LOC-023,3.9,11
2026-02-14,LOC-023,3.4,26
2026-02-14,LOC-023,3.2,1
2026-02-15,LOC-023,4.3,1
2026-02-15,LOC-023,4.0,42
2026-02-15,LOC-023,3.2,55
2026-02-15,LOC-023,4.2,17
2026-02-15,LOC-023,2.9,2
2026-02-15,LOC-023,3.4,2
2026-02-15,LOC-023,3.9,8
2026-02-15,LOC-023,4.3,5
2026-02-16,LOC-023,4.0,27
2026-02-18,LOC-023,4.9,10
2026-02-19,LOC-023,3.5,1
2026-02-20,LOC-023,3.6,4
2026-02-20,LOC-023,2.7,81
2026-02-20,LOC-023,3.6,17
2026-02-21,LOC-023,4.3,23
2026-02-22,LOC-023,4.1,3
2026-02-22,LOC-023,4.1,1
2026-02-22,LOC-023,3.2,18
2026-02-23,LOC-023,4.2,8
2026-02-23,LOC-023,4.1,4
2026-02-23,LOC-023,3.8,3
2026-02-24,LOC-023,4.6,22
2026-02-24,LOC-023,3.5,8
2026-02-24,LOC-023,3.4,10
2026-02-25,LOC-023,3.3,5
2026-02-26,LOC-023,3.0,81
2026-02-26,LOC-023,3.2,8
2026-02-26,LOC-023,4.5,10
2026-02-26,LOC-023,4.2,1
2026-02-26,LOC-023,3.1,9
2026-02-27,LOC-023,3.6,4
2026-02-27,LOC-023,3.5,2
2026-02-28,LOC-023,4.4,1
2026-02-28,LOC-023,2.0,20
2026-02-28,LOC-023,3.6,11
2026-02-28,LOC-023,3.6,30
2026-03-01,LOC-023,3.6,82
2026-03-01,LOC-023,3.9,6
2026-03-01,LOC-023,4.0,8
2026-03-02,LOC-023,3.9,10
2026-03-02,LOC-023,4.0,3
2026-03-02,LOC-023,2.5,24
2026-03-02,LOC-023,4.2,2
2026-03-02,LOC-023,3.9,56
2026-03-02,LOC-023,3.6,17
2026-03-03,LOC-023,3.0,11
2026-03-03,LOC-023,3.4,2
2026-03-03,LOC-023,4.1,21
2026-03-03,LOC-023,3.2,9
2026-03-03,LOC-023,4.3,9
2026-03-03,LOC-023,4.1,8
2026-03-04,LOC-023,3.3,10
2026-03-04,LOC-023,3.9,48
2026-03-04,LOC-023,4.3,4
2026-03-04,LOC-023,3.5,2
2026-03-04,LOC-023,3.7,1
2026-03-04,LOC-023,3.6,1
2026-03-04,LOC-023,4.0,1
2026-03-05,LOC-023,3.6,22
2026-03-05,LOC-023,3.3,12
2026-03-05,LOC-023,2.5,34
2026-03-05,LOC-023,3.4,19
2026-03-05,LOC-023,4.8,16
2026-03-06,LOC-023,3.1,13
2026-03-06,LOC-023,3.2,44
2026-03-06,LOC-023,3.3,6
2026-03-06,LOC-023,3.8,2
2026-03-06,LOC-023,3.7,9
2026-03-06,LOC-023,2.9,8
2026-03-07,LOC-023,3.3,14
2026-03-07,LOC-023,4.1,18
2026-03-07,LOC-023,3.4,6
2026-03-07,LOC-023,4.1,20
2026-03-07,LOC-023,4.1,5
2026-03-08,LOC-023,4.2,26
2026-03-09,LOC-023,3.9,12
2026-03-09,LOC-023,3.6,16
2026-03-09,LOC-023,3.8,14
2026-03-10,LOC-023,3.4,12
2026-03-10,LOC-023,4.6,3
2026-03-10,LOC-023,4.0,2
2026-03-11,LOC-023,3.7,1
2026-03-11,LOC-023,4.1,1
2026-03-12,LOC-023,4.2,10
2026-03-13,LOC-023,3.7,3
2026-03-13,LOC-023,3.8,1
2026-03-13,LOC-023,3.5,4
2026-03-13,LOC-023,4.2,11
2026-03-13,LOC-023,2.9,2
2026-03-14,LOC-023,2.5,29
2026-03-14,LOC-023,2.9,53
2026-03-14,LOC-023,3.0,34
2026-03-15,LOC-023,3.6,10
2026-03-15,LOC-023,3.4,12
2026-03-15,LOC-023,4.6,48
2026-03-15,LOC-023,4.1,3
2026-03-15,LOC-023,4.7,47
2026-03-16,LOC-023,3.3,17
2026-03-16,LOC-023,3.3,24
2026-03-16,LOC-023,3.7,1
2026-03-17,LOC-023,4.5,4
2026-03-17,LOC-023,3.0,25
2026-03-18,LOC-023,3.7,28
2026-03-18,LOC-023,3.9,8
2026-03-18,LOC-023,3.1,6
2026-03-18,LOC-023,3.3,72
2026-03-20,LOC-023,3.7,15
2026-03-21,LOC-023,3.4,32
2026-03-21,LOC-023,3.2,8
2026-03-21,LOC-023,4.0,43
2026-03-21,LOC-023,3.4,6
2026-03-21,LOC-023,4.0,10
2026-03-21,LOC-023,4.1,1
2026-03-22,LOC-023,3.7,84
2026-03-22,LOC-023,3.8,5
2026-03-22,LOC-023,3.7,21
2026-03-22,LOC-023,3.1,6
2026-03-23,LOC-023,3.2,11
2026-03-24,LOC-023,4.2,1
2026-03-24,LOC-023,3.5,5
2026-03-24,LOC-023,3.8,1
2026-03-24,LOC-023,4.2,21
2026-03-25,LOC-023,4.1,3
2026-03-25,LOC-023,4.0,3
2026-03-25,LOC-023,2.4,4
2026-03-26,LOC-023,3.1,2
2026-03-26,LOC-023,4.2,12
2026-03-26,LOC-023,2.6,50
2026-03-26,LOC-023,3.5,9
2026-03-26,LOC-023,3.2,10
2026-03-26,LOC-023,3.7,1
2026-03-26,LOC-023,4.3,4
2026-03-27,LOC-023,3.6,5
2026-03-27,LOC-023,2.7,1
2026-03-27,LOC-023,3.1,6
2026-03-27,LOC-023,3.0,43
2026-03-28,LOC-023,3.4,23
2026-03-28,LOC-023,3.4,2
2026-03-29,LOC-023,4.4,2
2026-03-29,LOC-023,3.1,11
2026-03-29,LOC-023,3.2,6
2026-03-30,LOC-023,3.9,12
2026-03-30,LOC-023,3.6,10
2026-03-30,LOC-023,4.1,6
2026-03-31,LOC-023,3.4,1
2026-03-31,LOC-023,3.5,10
2026-03-31,LOC-023,3.2,1
2026-04-01,LOC-023,4.5,9
2026-04-02,LOC-023,4.0,14
2026-04-02,LOC-023,4.0,9
2026-04-02,LOC-023,3.6,18
2026-04-03,LOC-023,3.5,75
2026-04-03,LOC-023,3.1,8
2026-04-03,LOC-023,4.0,25
2026-04-03,LOC-023,3.9,18
2026-04-04,LOC-023,3.9,2
2026-04-04,LOC-023,3.2,9
2026-04-05,LOC-023,3.2,2
2026-04-06,LOC-023,4.2,1
2026-04-06,LOC-023,3.8,36
2026-04-07,LOC-023,3.6,22
2026-04-07,LOC-023,2.6,28
2026-04-08,LOC-023,3.3,15
2026-04-08,LOC-023,3.8,3
2026-04-08,LOC-023,3.6,1
2026-04-08,LOC-023,3.4,7
2026-04-08,LOC-023,4.3,45
2026-04-09,LOC-023,3.9,3
2026-04-10,LOC-023,4.2,29
2026-04-10,LOC-023,3.9,9
2026-04-10,LOC-023,3.1,41
2026-04-11,LOC-023,4.3,5
2026-04-12,LOC-023,4.2,10
2026-04-12,LOC-023,3.8,1
2026-04-13,LOC-023,4.7,12
2026-04-13,LOC-023,3.7,44
2026-04-14,LOC-023,3.3,5
2026-04-14,LOC-023,3.1,2
2026-04-14,LOC-023,3.1,5
2026-04-15,LOC-023,4.0,19
2026-04-15,LOC-023,3.2,9
2026-04-15,LOC-023,4.1,34
2026-04-16,LOC-023,3.1,2
2026-04-17,LOC-023,3.6,2
2026-04-17,LOC-023,4.2,4
2026-04-18,LOC-023,3.8,8
2026-04-18,LOC-023,3.6,15
2026-04-19,LOC-023,4.9,2
2026-04-19,LOC-023,3.7,12
2026-04-20,LOC-023,4.4,3
2026-04-20,LOC-023,4.0,2
2026-04-20,LOC-023,3.7,20
2026-04-20,LOC-023,4.0,11
2026-04-21,LOC-023,3.3,1
2026-04-22,LOC-023,3.2,2
2026-04-23,LOC-023,3.6,33
2026-04-23,LOC-023,3.7,13
2026-04-23,LOC-023,3.8,9
2026-04-24,LOC-023,4.6,1
2026-04-24,LOC-023,3.3,3
2026-04-25,LOC-023,3.7,25
2026-04-25,LOC-023,3.2,13
2026-04-26,LOC-023,3.3,3
2026-04-26,LOC-023,4.5,30
2026-04-26,LOC-023,4.3,3
2026-04-27,LOC-023,3.3,10
2026-04-27,LOC-023,3.4,9
2026-04-27,LOC-023,4.3,12
2026-04-27,LOC-023,4.4,5
2026-04-28,LOC-023,3.6,10
2026-04-29,LOC-023,4.2,14
2026-04-30,LOC-023,3.6,13
2026-04-30,LOC-023,4.2,6
2026-04-30,LOC-023,2.7,8
2026-05-01,LOC-023,3.7,21
2026-05-01,LOC-023,3.9,10
2026-05-01,LOC-023,3.4,4
2026-05-01,LOC-023,4.5,7
2026-05-01,LOC-023,3.6,19
2026-05-01,LOC-023,3.7,7
2026-05-02,LOC-023,4.7,4
2026-05-02,LOC-023,3.0,10
2026-05-02,LOC-023,4.1,3
2026-05-03,LOC-023,3.8,3
2026-05-04,LOC-023,4.4,1
2026-05-04,LOC-023,3.3,12
2026-05-04,LOC-023,3.2,1
2026-05-04,LOC-023,3.6,1
2026-05-04,LOC-023,3.6,1
2026-05-04,LOC-023,3.7,3
2026-05-05,LOC-023,3.4,8
2026-05-06,LOC-023,3.2,20
2026-05-06,LOC-023,3.9,10
2026-05-07,LOC-023,3.7,3
2026-05-07,LOC-023,3.7,14
2026-05-07,LOC-023,4.4,5
2026-05-07,LOC-023,3.5,10
2026-05-08,LOC-023,3.5,13
2026-05-08,LOC-023,3.7,17
2026-05-08,LOC-023,3.4,16
2026-05-08,LOC-023,3.2,13
2026-05-09,LOC-023,4.1,68
2026-05-10,LOC-023,4.0,45
2026-05-10,LOC-023,2.7,24
2026-05-10,LOC-023,2.9,12
2026-05-10,LOC-023,4.1,1
2026-05-10,LOC-023,3.3,65
2026-05-10,LOC-023,3.5,3
2026-05-10,LOC-023,3.0,4
2026-05-12,LOC-023,3.5,6
2026-05-12,LOC-023,3.9,2
2026-05-12,LOC-023,3.2,5
2026-05-12,LOC-023,4.3,29
2026-05-13,LOC-023,3.5,10
2026-05-13,LOC-023,4.1,2
2026-05-13,LOC-023,3.8,29
2026-05-13,LOC-023,2.9,22
2026-05-13,LOC-023,2.7,5
2026-05-14,LOC-023,3.2,24
2026-05-14,LOC-023,3.4,1
2026-05-15,LOC-023,3.0,46
2026-05-15,LOC-023,3.1,14
2026-05-15,LOC-023,3.7,2
2026-05-15,LOC-023,3.2,4
2026-05-15,LOC-023,2.9,16
2026-05-15,LOC-023,3.2,63
2026-05-15,LOC-023,3.9,1
2026-05-16,LOC-023,3.3,14
2026-05-16,LOC-023,3.9,15
2026-05-16,LOC-023,3.0,38
2026-05-16,LOC-023,3.7,2
2026-05-16,LOC-023,3.9,13
2026-05-16,LOC-023,3.6,7
2026-05-16,LOC-023,2.6,2
2026-05-17,LOC-023,2.9,16
2026-05-18,LOC-023,4.1,17
2026-05-19,LOC-023,3.6,24
2026-05-19,LOC-023,2.7,5
2026-05-19,LOC-023,3.7,11
2026-05-19,LOC-023,4.1,23
2026-05-20,LOC-023,4.0,23
2026-05-20,LOC-023,3.5,18
2026-05-20,LOC-023,3.2,3
2026-05-20,LOC-023,3.8,12
2026-05-20,LOC-023,3.6,10
2026-05-20,LOC-023,2.8,1
2026-05-21,LOC-023,3.5,9
2026-05-21,LOC-023,2.6,28
2026-05-21,LOC-023,2.7,1
2026-05-21,LOC-023,3.7,1
2026-05-22,LOC-023,3.0,2
2026-05-22,LOC-023,3.1,21
2026-05-23,LOC-023,3.8,32
2026-05-23,LOC-023,4.3,50
2026-05-23,LOC-023,4.0,16
2026-05-24,LOC-023,3.7,24
2026-05-24,LOC-023,3.6,14
2026-05-24,LOC-023,2.5,1
2026-05-25,LOC-023,3.7,9
2026-05-25,LOC-023,3.1,8
2026-05-25,LOC-023,3.9,28
2026-05-25,LOC-023,3.9,59
2026-05-25,LOC-023,3.5,1
2026-05-26,LOC-023,3.1,15
2026-05-26,LOC-023,2.2,13
2026-05-26,LOC-023,2.9,9
2026-05-27,LOC-023,3.9,18
2026-05-27,LOC-023,4.8,3
2026-05-28,LOC-023,3.9,29
2026-05-28,LOC-023,2.9,22
2026-05-28,LOC-023,4.3,17
2026-05-28,LOC-023,3.8,10
2026-05-28,LOC-023,3.6,1
2026-05-29,LOC-023,3.0,59
2026-05-29,LOC-023,4.1,20
2026-05-30,LOC-023,4.1,10
2026-05-31,LOC-023,3.2,3
2026-05-31,LOC-023,2.9,1
2026-05-31,LOC-023,3.9,4
2026-05-31,LOC-023,4.5,3
2026-05-31,LOC-023,3.9,18
2026-06-02,LOC-023,3.2,66
2026-06-02,LOC-023,3.8,6
2026-06-02,LOC-023,2.9,16
2026-06-03,LOC-023,4.0,33
2026-06-03,LOC-023,3.6,17
2026-06-03,LOC-023,4.1,5
2026-06-03,LOC-023,3.8,16
2026-06-03,LOC-023,3.5,4
2026-06-04,LOC-023,3.7,12
2026-06-04,LOC-023,3.3,18
2026-06-04,LOC-023,4.5,1
2026-06-05,LOC-023,3.5,57
2026-06-05,LOC-023,4.4,28
2026-06-05,LOC-023,3.3,13
2026-06-06,LOC-023,3.4,41
2026-06-06,LOC-023,3.3,6
2026-06-06,LOC-023,3.7,1
2026-06-07,LOC-023,3.4,40
2026-06-08,LOC-023,2.8,74
2026-06-09,LOC-023,3.9,10
2026-06-09,LOC-023,3.1,4
2026-06-10,LOC-023,4.0,9
2026-06-11,LOC-023,3.7,1
2026-06-11,LOC-023,3.9,13
2026-06-11,LOC-023,3.9,52
2026-06-12,LOC-023,3.3,35
2026-06-12,LOC-023,3.9,25
2026-06-12,LOC-023,3.9,15
2026-06-13,LOC-023,2.9,7
2026-06-13,LOC-023,3.9,26
2026-06-13,LOC-023,3.7,29
2026-06-13,LOC-023,4.0,7
2026-06-13,LOC-023,3.4,5
2026-06-14,LOC-023,4.0,16
2026-06-14,LOC-023,4.5,3
2026-06-14,LOC-023,3.4,19
2026-06-14,LOC-023,3.1,15
2026-06-14,LOC-023,4.0,4
2026-06-14,LOC-023,4.4,29
2026-06-15,LOC-023,3.4,6
2026-06-15,LOC-023,3.5,13
2026-06-16,LOC-023,3.0,11
2026-06-17,LOC-023,2.9,31
2026-06-17,LOC-023,4.0,41
2026-06-17,LOC-023,3.6,10
2026-06-17,LOC-023,4.4,7
2026-06-18,LOC-023,3.4,6
2026-06-18,LOC-023,3.0,3
2026-06-18,LOC-023,4.2,25
2026-06-18,LOC-023,3.9,5
2026-06-19,LOC-023,4.5,35
2026-06-19,LOC-023,3.9,1
2026-06-19,LOC-023,3.2,94
2026-06-19,LOC-023,3.4,3
2026-06-19,LOC-023,3.0,19
2026-06-20,LOC-023,2.4,2
2026-06-20,LOC-023,3.3,1
2026-06-21,LOC-023,4.2,17
2026-06-21,LOC-023,3.7,5
2026-06-22,LOC-023,3.6,33
2026-06-22,LOC-023,3.5,18
2026-06-22,LOC-023,4.2,20
2026-06-22,LOC-023,3.5,1
2026-06-22,LOC-023,3.9,30
2026-06-22,LOC-023,3.7,10
2026-06-23,LOC-023,3.2,29
2026-06-23,LOC-023,3.0,17
2026-06-23,LOC-023,3.2,4
2026-06-23,LOC-023,4.0,13
2026-06-23,LOC-023,2.6,18
2026-06-24,LOC-023,3.6,24
2026-06-24,LOC-023,3.2,39
2026-06-24,LOC-023,4.1,21
2026-06-25,LOC-023,4.4,98
2026-06-26,LOC-023,2.9,15
2026-06-27,LOC-023,3.2,23
2026-06-27,LOC-023,3.1,4
2026-06-27,LOC-023,3.4,17
2026-06-28,LOC-023,3.9,4
2026-06-28,LOC-023,3.8,31
2026-06-30,LOC-023,3.8,1
2026-06-30,LOC-023,3.5,21
2026-06-30,LOC-023,4.5,10
2026-06-30,LOC-023,3.2,24
2026-01-01,LOC-024,3.4,1
2026-01-02,LOC-024,4.6,7
2026-01-02,LOC-024,4.2,1
2026-01-02,LOC-024,3.9,3
2026-01-02,LOC-024,3.8,3
2026-01-02,LOC-024,3.8,1
2026-01-02,LOC-024,4.2,8
2026-01-03,LOC-024,4.2,12
2026-01-03,LOC-024,3.8,5
2026-01-04,LOC-024,4.2,6
2026-01-04,LOC-024,4.7,6
2026-01-04,LOC-024,4.2,12
2026-01-04,LOC-024,4.2,7
2026-01-04,LOC-024,3.7,5
2026-01-06,LOC-024,3.7,14
2026-01-06,LOC-024,4.7,19
2026-01-06,LOC-024,4.5,4
2026-01-07,LOC-024,4.7,1
2026-01-07,LOC-024,4.7,1
2026-01-07,LOC-024,4.2,3
2026-01-07,LOC-024,5.0,45
2026-01-08,LOC-024,5.0,15
2026-01-08,LOC-024,4.6,53
2026-01-09,LOC-024,5.0,12
2026-01-09,LOC-024,4.1,50
2026-01-12,LOC-024,4.7,15
2026-01-13,LOC-024,4.6,4
2026-01-14,LOC-024,3.3,13
2026-01-14,LOC-024,4.5,9
2026-01-14,LOC-024,3.9,13
2026-01-15,LOC-024,3.5,2
2026-01-15,LOC-024,4.4,3
2026-01-16,LOC-024,4.0,3
2026-01-16,LOC-024,4.2,7
2026-01-16,LOC-024,4.1,10
2026-01-17,LOC-024,4.6,1
2026-01-17,LOC-024,4.6,5
2026-01-17,LOC-024,4.5,5
2026-01-17,LOC-024,4.0,12
2026-01-17,LOC-024,4.5,5
2026-01-18,LOC-024,3.7,39
2026-01-18,LOC-024,3.4,1
2026-01-18,LOC-024,4.5,22
2026-01-19,LOC-024,4.1,3
2026-01-20,LOC-024,4.0,5
2026-01-20,LOC-024,4.0,17
2026-01-21,LOC-024,4.3,8
2026-01-21,LOC-024,3.4,25
2026-01-22,LOC-024,4.9,1
2026-01-22,LOC-024,4.7,9
2026-01-22,LOC-024,4.3,9
2026-01-22,LOC-024,4.7,42
2026-01-22,LOC-024,4.4,13
2026-01-23,LOC-024,3.4,48
2026-01-23,LOC-024,3.3,26
2026-01-23,LOC-024,4.5,64
2026-01-23,LOC-024,4.2,11
2026-01-23,LOC-024,3.9,2
2026-01-24,LOC-024,3.9,7
2026-01-24,LOC-024,4.6,8
2026-01-24,LOC-024,4.4,44
2026-01-25,LOC-024,5.0,15
2026-01-25,LOC-024,4.1,8
2026-01-25,LOC-024,3.6,1
2026-01-26,LOC-024,4.5,37
2026-01-26,LOC-024,4.5,21
2026-01-26,LOC-024,5.0,21
2026-01-26,LOC-024,4.7,3
2026-01-26,LOC-024,4.0,19
2026-01-26,LOC-024,5.0,4
2026-01-26,LOC-024,4.6,17
2026-01-26,LOC-024,4.2,3
2026-01-26,LOC-024,3.6,33
2026-01-27,LOC-024,4.5,31
2026-01-27,LOC-024,4.4,6
2026-01-28,LOC-024,4.8,12
2026-01-28,LOC-024,4.1,22
2026-01-28,LOC-024,4.5,10
2026-01-29,LOC-024,4.6,1
2026-01-29,LOC-024,3.5,8
2026-01-29,LOC-024,4.1,4
2026-01-29,LOC-024,4.4,6
2026-01-30,LOC-024,3.9,1
2026-01-30,LOC-024,4.7,6
2026-01-30,LOC-024,3.9,11
2026-01-30,LOC-024,4.7,16
2026-01-30,LOC-024,4.6,2
2026-01-30,LOC-024,4.1,5
2026-01-31,LOC-024,4.0,52
2026-01-31,LOC-024,4.1,30
2026-01-31,LOC-024,3.6,34
2026-02-01,LOC-024,3.3,25
2026-02-02,LOC-024,5.0,2
2026-02-03,LOC-024,3.9,11
2026-02-03,LOC-024,5.0,5
2026-02-03,LOC-024,3.8,3
2026-02-03,LOC-024,4.9,2
2026-02-04,LOC-024,5.0,6
2026-02-04,LOC-024,4.9,10
2026-02-04,LOC-024,4.0,1
2026-02-04,LOC-024,4.0,35
2026-02-04,LOC-024,4.1,15
2026-02-05,LOC-024,4.6,36
2026-02-05,LOC-024,4.1,18
2026-02-05,LOC-024,4.2,22
2026-02-07,LOC-024,3.7,21
2026-02-07,LOC-024,5.0,9
2026-02-07,LOC-024,4.0,15
2026-02-07,LOC-024,3.6,18
2026-02-08,LOC-024,4.0,51
2026-02-08,LOC-024,3.4,12
2026-02-08,LOC-024,4.4,23
2026-02-08,LOC-024,4.6,1
2026-02-09,LOC-024,3.6,9
2026-02-09,LOC-024,4.7,11
2026-02-09,LOC-024,4.7,3
2026-02-09,LOC-024,4.2,19
2026-02-10,LOC-024,4.6,1
2026-02-10,LOC-024,4.3,1
2026-02-11,LOC-024,4.2,8
2026-02-11,LOC-024,4.3,8
2026-02-11,LOC-024,4.6,3
2026-02-12,LOC-024,4.3,11
2026-02-12,LOC-024,3.6,2
2026-02-12,LOC-024,5.0,14
2026-02-13,LOC-024,5.0,24
2026-02-13,LOC-024,4.1,6
2026-02-13,LOC-024,3.2,71
2026-02-13,LOC-024,5.0,21
2026-02-14,LOC-024,4.1,5
2026-02-14,LOC-024,4.9,3
2026-02-14,LOC-024,5.0,2
2026-02-14,LOC-024,4.7,5
2026-02-14,LOC-024,4.2,1
2026-02-14,LOC-024,4.6,6
2026-02-14,LOC-024,4.8,6
2026-02-14,LOC-024,4.1,8
2026-02-15,LOC-024,4.8,13
2026-02-15,LOC-024,4.6,16
2026-02-15,LOC-024,4.8,10
2026-02-16,LOC-024,4.0,2
2026-02-16,LOC-024,4.3,9
2026-02-16,LOC-024,4.2,9
2026-02-17,LOC-024,3.8,10
2026-02-17,LOC-024,4.8,1
2026-02-18,LOC-024,4.8,11
2026-02-18,LOC-024,5.0,3
2026-02-19,LOC-024,4.6,27
2026-02-19,LOC-024,4.4,10
2026-02-20,LOC-024,4.8,15
2026-02-20,LOC-024,4.1,21
2026-02-20,LOC-024,4.7,13
2026-02-20,LOC-024,3.5,23
2026-02-20,LOC-024,4.1,26
2026-02-21,LOC-024,3.5,20
2026-02-21,LOC-024,4.4,10
2026-02-21,LOC-024,4.5,8
2026-02-21,LOC-024,4.1,1
2026-02-22,LOC-024,4.6,6
2026-02-22,LOC-024,4.2,4
2026-02-22,LOC-024,4.2,29
2026-02-22,LOC-024,3.9,13
2026-02-23,LOC-024,4.2,1
2026-02-23,LOC-024,4.7,2
2026-02-24,LOC-024,3.9,12
2026-02-24,LOC-024,4.5,7
2026-02-24,LOC-024,3.7,13
2026-02-25,LOC-024,3.7,4
2026-02-25,LOC-024,3.8,32
2026-02-25,LOC-024,4.4,10
2026-02-25,LOC-024,3.9,30
2026-02-25,LOC-024,5.0,6
2026-02-26,LOC-024,4.5,53
2026-02-26,LOC-024,3.8,1
2026-02-26,LOC-024,3.6,12
2026-02-26,LOC-024,3.9,2
2026-02-27,LOC-024,4.5,40
2026-02-28,LOC-024,4.8,7
2026-02-28,LOC-024,4.1,1
2026-02-28,LOC-024,4.3,20
2026-02-28,LOC-024,3.8,7
2026-02-28,LOC-024,3.8,4
2026-03-01,LOC-024,3.7,1
2026-03-01,LOC-024,4.8,5
2026-03-01,LOC-024,4.2,20
2026-03-01,LOC-024,4.1,1
2026-03-01,LOC-024,4.0,32
2026-03-01,LOC-024,4.1,37
2026-03-02,LOC-024,3.8,6
2026-03-03,LOC-024,4.2,10
2026-03-03,LOC-024,3.9,11
2026-03-03,LOC-024,4.4,15
2026-03-04,LOC-024,3.7,16
2026-03-04,LOC-024,3.1,7
2026-03-04,LOC-024,4.2,22
2026-03-05,LOC-024,4.6,1
2026-03-05,LOC-024,4.2,4
2026-03-06,LOC-024,3.2,25
2026-03-06,LOC-024,4.7,1
2026-03-06,LOC-024,4.5,16
2026-03-07,LOC-024,4.7,4
2026-03-08,LOC-024,4.9,2
2026-03-08,LOC-024,4.7,15
2026-03-09,LOC-024,4.4,5
2026-03-10,LOC-024,5.0,1
2026-03-11,LOC-024,4.6,10
2026-03-12,LOC-024,4.9,11
2026-03-12,LOC-024,4.2,38
2026-03-13,LOC-024,4.7,16
2026-03-13,LOC-024,3.6,11
2026-03-14,LOC-024,4.2,5
2026-03-14,LOC-024,3.4,17
2026-03-14,LOC-024,4.8,53
2026-03-15,LOC-024,4.2,2
2026-03-15,LOC-024,4.3,7
2026-03-15,LOC-024,3.6,4
2026-03-15,LOC-024,4.5,87
2026-03-15,LOC-024,4.1,9
2026-03-15,LOC-024,4.6,55
2026-03-16,LOC-024,4.0,6
2026-03-16,LOC-024,4.1,41
2026-03-16,LOC-024,3.5,3
2026-03-17,LOC-024,4.6,14
2026-03-17,LOC-024,4.4,14
2026-03-18,LOC-024,4.7,13
2026-03-18,LOC-024,4.4,11
2026-03-18,LOC-024,4.5,27
2026-03-18,LOC-024,5.0,7
2026-03-18,LOC-024,3.5,12
2026-03-19,LOC-024,4.4,1
2026-03-20,LOC-024,4.3,5
2026-03-20,LOC-024,4.1,15
2026-03-20,LOC-024,4.9,2
2026-03-21,LOC-024,5.0,6
2026-03-22,LOC-024,4.3,73
2026-03-22,LOC-024,3.8,20
2026-03-23,LOC-024,4.7,28
2026-03-23,LOC-024,4.5,4
2026-03-23,LOC-024,4.6,36
2026-03-23,LOC-024,4.6,7
2026-03-24,LOC-024,4.7,5
2026-03-24,LOC-024,4.3,6
2026-03-24,LOC-024,4.3,2
2026-03-25,LOC-024,4.9,23
2026-03-25,LOC-024,4.7,21
2026-03-25,LOC-024,4.8,2
2026-03-26,LOC-024,4.7,18
2026-03-26,LOC-024,4.2,2
2026-03-26,LOC-024,5.0,1
2026-03-26,LOC-024,4.4,8
2026-03-26,LOC-024,4.2,16
2026-03-27,LOC-024,5.0,24
2026-03-27,LOC-024,4.6,2
2026-03-27,LOC-024,4.8,12
2026-03-27,LOC-024,4.0,1
2026-03-29,LOC-024,3.7,8
2026-03-29,LOC-024,4.2,8
2026-03-29,LOC-024,5.0,22
2026-03-29,LOC-024,4.3,7
2026-03-30,LOC-024,4.8,14
2026-03-30,LOC-024,4.3,7
2026-03-30,LOC-024,3.9,3
2026-03-30,LOC-024,5.0,12
2026-04-01,LOC-024,4.3,3
2026-04-01,LOC-024,3.7,20
2026-04-02,LOC-024,3.6,18
2026-04-02,LOC-024,3.5,6
2026-04-02,LOC-024,3.7,1
2026-04-02,LOC-024,4.6,5
2026-04-02,LOC-024,4.1,4
2026-04-03,LOC-024,4.0,4
2026-04-03,LOC-024,3.9,32
2026-04-04,LOC-024,4.1,29
2026-04-04,LOC-024,3.3,3
2026-04-04,LOC-024,4.4,5
2026-04-04,LOC-024,4.1,21
2026-04-05,LOC-024,4.9,5
2026-04-05,LOC-024,4.8,1
2026-04-05,LOC-024,4.3,29
2026-04-05,LOC-024,3.7,6
2026-04-05,LOC-024,4.4,2
2026-04-05,LOC-024,3.4,50
2026-04-07,LOC-024,4.7,14
2026-04-07,LOC-024,3.3,10
2026-04-08,LOC-024,3.9,1
2026-04-08,LOC-024,4.0,23
2026-04-08,LOC-024,4.4,1
2026-04-08,LOC-024,4.6,22
2026-04-08,LOC-024,4.3,7
2026-04-09,LOC-024,4.3,15
2026-04-11,LOC-024,4.0,1
2026-04-11,LOC-024,4.8,53
2026-04-11,LOC-024,4.2,54
2026-04-11,LOC-024,3.2,8
2026-04-11,LOC-024,4.8,19
2026-04-12,LOC-024,4.3,16
2026-04-12,LOC-024,4.3,8
2026-04-12,LOC-024,4.5,1
2026-04-12,LOC-024,4.0,6
2026-04-12,LOC-024,4.1,79
2026-04-14,LOC-024,3.6,3
2026-04-14,LOC-024,4.4,11
2026-04-15,LOC-024,4.7,8
2026-04-15,LOC-024,3.5,23
2026-04-15,LOC-024,4.9,6
2026-04-16,LOC-024,2.8,3
2026-04-16,LOC-024,4.2,96
2026-04-16,LOC-024,4.2,8
2026-04-16,LOC-024,3.7,1
2026-04-16,LOC-024,4.5,9
2026-04-17,LOC-024,4.2,8
2026-04-17,LOC-024,4.6,37
2026-04-18,LOC-024,4.3,64
2026-04-18,LOC-024,4.3,1
2026-04-18,LOC-024,4.9,1
2026-04-18,LOC-024,3.7,1
2026-04-18,LOC-024,4.0,2
2026-04-19,LOC-024,5.0,17
2026-04-19,LOC-024,4.0,1
2026-04-19,LOC-024,4.7,46
2026-04-19,LOC-024,3.6,21
2026-04-19,LOC-024,4.0,18
2026-04-20,LOC-024,2.9,5
2026-04-20,LOC-024,4.0,8
2026-04-20,LOC-024,3.6,1
2026-04-21,LOC-024,4.3,9
2026-04-21,LOC-024,4.6,25
2026-04-21,LOC-024,4.3,3
2026-04-21,LOC-024,5.0,27
2026-04-21,LOC-024,4.3,18
2026-04-22,LOC-024,4.7,1
2026-04-22,LOC-024,4.4,11
2026-04-23,LOC-024,5.0,19
2026-04-23,LOC-024,4.5,10
2026-04-23,LOC-024,4.3,77
2026-04-24,LOC-024,4.3,7
2026-04-24,LOC-024,5.0,18
2026-04-24,LOC-024,5.0,3
2026-04-24,LOC-024,4.3,13
2026-04-24,LOC-024,4.0,29
2026-04-25,LOC-024,4.2,2
2026-04-25,LOC-024,4.1,1
2026-04-25,LOC-024,4.1,28
2026-04-26,LOC-024,5.0,6
2026-04-26,LOC-024,3.9,4
2026-04-26,LOC-024,4.6,7
2026-04-27,LOC-024,4.6,1
2026-04-27,LOC-024,3.6,11
2026-04-27,LOC-024,3.3,2
2026-04-27,LOC-024,3.9,26
2026-04-28,LOC-024,4.4,19
2026-04-28,LOC-024,4.1,16
2026-04-28,LOC-024,4.1,2
2026-04-29,LOC-024,4.3,79
2026-04-30,LOC-024,4.8,6
2026-05-01,LOC-024,4.2,10
2026-05-01,LOC-024,4.7,16
2026-05-01,LOC-024,3.8,13
2026-05-01,LOC-024,5.0,13
2026-05-03,LOC-024,3.9,1
2026-05-03,LOC-024,4.4,2
2026-05-03,LOC-024,4.2,5
2026-05-03,LOC-024,5.0,3
2026-05-04,LOC-024,5.0,3
2026-05-04,LOC-024,4.9,12
2026-05-04,LOC-024,4.3,17
2026-05-04,LOC-024,3.8,29
2026-05-04,LOC-024,4.1,4
2026-05-04,LOC-024,4.5,2
2026-05-05,LOC-024,3.8,8
2026-05-05,LOC-024,4.9,16
2026-05-06,LOC-024,3.9,6
2026-05-06,LOC-024,3.9,6
2026-05-07,LOC-024,4.0,2
2026-05-07,LOC-024,4.2,1
2026-05-07,LOC-024,4.3,2
2026-05-07,LOC-024,4.1,23
2026-05-07,LOC-024,3.4,9
2026-05-08,LOC-024,3.7,3
2026-05-08,LOC-024,2.9,45
2026-05-09,LOC-024,3.6,11
2026-05-09,LOC-024,4.8,1
2026-05-10,LOC-024,4.9,4
2026-05-10,LOC-024,3.9,31
2026-05-10,LOC-024,3.5,17
2026-05-10,LOC-024,4.2,12
2026-05-11,LOC-024,4.1,16
2026-05-11,LOC-024,5.0,37
2026-05-11,LOC-024,4.0,52
2026-05-11,LOC-024,4.7,1
2026-05-11,LOC-024,4.7,4
2026-05-11,LOC-024,4.3,12
2026-05-11,LOC-024,3.0,1
2026-05-12,LOC-024,4.0,64
2026-05-12,LOC-024,4.7,1
2026-05-13,LOC-024,3.4,37
2026-05-13,LOC-024,4.1,12
2026-05-13,LOC-024,3.2,8
2026-05-13,LOC-024,3.5,7
2026-05-13,LOC-024,5.0,4
2026-05-13,LOC-024,4.5,4
2026-05-13,LOC-024,4.6,28
2026-05-14,LOC-024,4.8,14
2026-05-15,LOC-024,4.1,24
2026-05-15,LOC-024,4.7,1
2026-05-15,LOC-024,4.4,14
2026-05-16,LOC-024,4.6,60
2026-05-16,LOC-024,4.9,8
2026-05-16,LOC-024,4.5,32
2026-05-16,LOC-024,3.9,8
2026-05-17,LOC-024,3.7,10
2026-05-17,LOC-024,4.8,10
2026-05-17,LOC-024,4.6,1
2026-05-18,LOC-024,4.7,45
2026-05-19,LOC-024,4.9,13
2026-05-19,LOC-024,4.6,3
2026-05-19,LOC-024,4.9,1
2026-05-20,LOC-024,5.0,7
2026-05-21,LOC-024,4.0,25
2026-05-21,LOC-024,5.0,34
2026-05-21,LOC-024,4.2,5
2026-05-22,LOC-024,4.1,10
2026-05-22,LOC-024,5.0,25
2026-05-22,LOC-024,5.0,17
2026-05-22,LOC-024,5.0,1
2026-05-22,LOC-024,4.1,1
2026-05-23,LOC-024,4.4,80
2026-05-23,LOC-024,4.0,17
2026-05-24,LOC-024,3.9,3
2026-05-24,LOC-024,4.1,3
2026-05-24,LOC-024,4.2,12
2026-05-25,LOC-024,3.6,6
2026-05-25,LOC-024,5.0,5
2026-05-25,LOC-024,4.2,20
2026-05-27,LOC-024,5.0,33
2026-05-27,LOC-024,5.0,22
2026-05-27,LOC-024,4.7,35
2026-05-28,LOC-024,4.4,16
2026-05-28,LOC-024,4.2,1
2026-05-29,LOC-024,4.3,1
2026-05-29,LOC-024,3.3,25
2026-05-30,LOC-024,4.5,16
2026-05-30,LOC-024,4.7,42
2026-05-31,LOC-024,4.3,1
2026-05-31,LOC-024,3.9,5
2026-06-01,LOC-024,4.9,10
2026-06-01,LOC-024,4.5,1
2026-06-01,LOC-024,4.4,31
2026-06-01,LOC-024,4.7,3
2026-06-01,LOC-024,4.0,25
2026-06-02,LOC-024,4.0,49
2026-06-02,LOC-024,4.3,14
2026-06-02,LOC-024,3.9,11
2026-06-02,LOC-024,4.4,20
2026-06-02,LOC-024,4.3,29
2026-06-03,LOC-024,3.8,5
2026-06-03,LOC-024,4.7,18
2026-06-03,LOC-024,5.0,6
2026-06-04,LOC-024,3.8,18
2026-06-04,LOC-024,4.6,2
2026-06-05,LOC-024,4.0,6
2026-06-05,LOC-024,4.3,10
2026-06-05,LOC-024,4.3,32
2026-06-05,LOC-024,3.7,1
2026-06-05,LOC-024,4.9,10
2026-06-05,LOC-024,4.9,29
2026-06-05,LOC-024,4.9,2
2026-06-06,LOC-024,4.1,23
2026-06-06,LOC-024,4.5,1
2026-06-06,LOC-024,4.0,24
2026-06-06,LOC-024,3.7,28
2026-06-06,LOC-024,4.7,9
2026-06-06,LOC-024,4.1,7
2026-06-08,LOC-024,4.7,54
2026-06-08,LOC-024,4.0,1
2026-06-08,LOC-024,4.0,3
2026-06-08,LOC-024,3.7,6
2026-06-08,LOC-024,4.7,22
2026-06-08,LOC-024,4.2,70
2026-06-09,LOC-024,4.9,15
2026-06-10,LOC-024,4.2,11
2026-06-10,LOC-024,4.1,4
2026-06-10,LOC-024,3.9,76
2026-06-11,LOC-024,5.0,3
2026-06-11,LOC-024,4.2,16
2026-06-11,LOC-024,4.9,16
2026-06-12,LOC-024,4.1,7
2026-06-12,LOC-024,4.1,21
2026-06-12,LOC-024,3.8,12
2026-06-13,LOC-024,4.4,1
2026-06-13,LOC-024,4.2,14
2026-06-13,LOC-024,5.0,11
2026-06-13,LOC-024,5.0,8
2026-06-13,LOC-024,3.7,5
2026-06-13,LOC-024,4.8,31
2026-06-14,LOC-024,3.5,12
2026-06-14,LOC-024,4.3,10
2026-06-14,LOC-024,4.1,2
2026-06-15,LOC-024,3.7,5
2026-06-15,LOC-024,3.8,48
2026-06-15,LOC-024,4.4,21
2026-06-15,LOC-024,3.9,18
2026-06-16,LOC-024,3.8,1
2026-06-16,LOC-024,4.1,10
2026-06-16,LOC-024,3.5,29
2026-06-16,LOC-024,4.5,6
2026-06-16,LOC-024,3.9,21
2026-06-17,LOC-024,3.9,1
2026-06-17,LOC-024,4.2,10
2026-06-18,LOC-024,3.7,20
2026-06-18,LOC-024,4.9,16
2026-06-18,LOC-024,4.3,3
2026-06-18,LOC-024,4.7,1
2026-06-18,LOC-024,4.5,9
2026-06-19,LOC-024,4.7,47
2026-06-19,LOC-024,4.5,29
2026-06-19,LOC-024,4.3,1
2026-06-19,LOC-024,4.1,4
2026-06-20,LOC-024,4.1,30
2026-06-20,LOC-024,4.5,11
2026-06-20,LOC-024,3.9,5
2026-06-21,LOC-024,3.9,88
2026-06-21,LOC-024,4.5,5
2026-06-21,LOC-024,4.9,11
2026-06-21,LOC-024,4.2,38
2026-06-21,LOC-024,3.6,10
2026-06-21,LOC-024,4.2,11
2026-06-22,LOC-024,4.6,1
2026-06-22,LOC-024,4.6,38
2026-06-22,LOC-024,4.5,15
2026-06-22,LOC-024,4.7,4
2026-06-22,LOC-024,4.0,18
2026-06-22,LOC-024,4.9,8
2026-06-22,LOC-024,4.8,9
2026-06-22,LOC-024,3.9,1
2026-06-23,LOC-024,5.0,19
2026-06-24,LOC-024,4.4,21
2026-06-24,LOC-024,4.7,21
2026-06-24,LOC-024,4.6,1
2026-06-24,LOC-024,3.8,13
2026-06-25,LOC-024,4.2,2
2026-06-25,LOC-024,4.8,59
2026-06-25,LOC-024,3.9,3
2026-06-25,LOC-024,4.9,33
2026-06-26,LOC-024,3.3,20
2026-06-26,LOC-024,4.8,10
2026-06-26,LOC-024,4.5,9
2026-06-26,LOC-024,3.6,4
2026-06-27,LOC-024,4.8,21
2026-06-28,LOC-024,3.9,56
2026-06-28,LOC-024,3.7,13
2026-06-28,LOC-024,4.4,7
2026-06-29,LOC-024,4.1,5
2026-06-29,LOC-024,4.1,17
2026-06-29,LOC-024,5.0,16
2026-06-29,LOC-024,4.1,52
2026-06-29,LOC-024,4.9,24
2026-06-29,LOC-024,4.3,24
2026-06-29,LOC-024,3.6,5
2026-06-30,LOC-024,4.9,2
2026-06-30,LOC-024,4.8,8
2026-06-30,LOC-024,5.0,40
2026-01-01,LOC-025,3.2,6
2026-01-01,LOC-025,4.7,20
2026-01-01,LOC-025,3.9,22
2026-01-01,LOC-025,3.5,6
2026-01-02,LOC-025,3.1,31
2026-01-02,LOC-025,3.6,8
2026-01-02,LOC-025,2.6,44
2026-01-04,LOC-025,2.7,1
2026-01-04,LOC-025,3.6,3
2026-01-05,LOC-025,3.9,17
2026-01-05,LOC-025,4.0,6
2026-01-06,LOC-025,3.0,1
2026-01-06,LOC-025,3.9,1
2026-01-07,LOC-025,2.3,13
2026-01-07,LOC-025,4.3,18
2026-01-08,LOC-025,2.9,5
2026-01-08,LOC-025,4.1,22
2026-01-08,LOC-025,3.0,4
2026-01-08,LOC-025,3.6,16
2026-01-09,LOC-025,2.6,8
2026-01-09,LOC-025,3.0,22
2026-01-09,LOC-025,4.4,1
2026-01-10,LOC-025,4.0,15
2026-01-10,LOC-025,2.9,70
2026-01-11,LOC-025,3.1,76
2026-01-11,LOC-025,3.5,22
2026-01-11,LOC-025,3.0,35
2026-01-11,LOC-025,4.4,1
2026-01-12,LOC-025,3.7,12
2026-01-12,LOC-025,3.4,6
2026-01-12,LOC-025,3.7,1
2026-01-13,LOC-025,3.4,7
2026-01-13,LOC-025,4.0,4
2026-01-13,LOC-025,3.9,25
2026-01-14,LOC-025,3.7,1
2026-01-14,LOC-025,3.1,11
2026-01-15,LOC-025,3.2,32
2026-01-15,LOC-025,3.7,3
2026-01-16,LOC-025,3.0,15
2026-01-16,LOC-025,3.8,6
2026-01-17,LOC-025,3.1,1
2026-01-17,LOC-025,3.6,13
2026-01-17,LOC-025,3.4,5
2026-01-17,LOC-025,3.8,8
2026-01-17,LOC-025,3.5,14
2026-01-18,LOC-025,3.2,1
2026-01-19,LOC-025,4.2,5
2026-01-19,LOC-025,2.9,16
2026-01-19,LOC-025,2.9,5
2026-01-20,LOC-025,3.8,6
2026-01-20,LOC-025,4.7,3
2026-01-20,LOC-025,3.5,9
2026-01-20,LOC-025,3.8,6
2026-01-20,LOC-025,4.1,21
2026-01-20,LOC-025,3.8,14
2026-01-21,LOC-025,3.6,35
2026-01-22,LOC-025,4.2,36
2026-01-22,LOC-025,3.6,5
2026-01-22,LOC-025,3.7,17
2026-01-24,LOC-025,3.9,12
2026-01-24,LOC-025,3.6,3
2026-01-24,LOC-025,4.0,7
2026-01-24,LOC-025,3.9,13
2026-01-25,LOC-025,2.4,17
2026-01-25,LOC-025,3.4,19
2026-01-25,LOC-025,3.9,8
2026-01-25,LOC-025,3.3,9
2026-01-25,LOC-025,3.5,26
2026-01-26,LOC-025,3.7,9
2026-01-26,LOC-025,3.6,7
2026-01-27,LOC-025,3.5,25
2026-01-27,LOC-025,4.0,12
2026-01-27,LOC-025,4.3,1
2026-01-28,LOC-025,4.0,20
2026-01-28,LOC-025,2.9,14
2026-01-28,LOC-025,3.4,4
2026-01-30,LOC-025,4.0,24
2026-01-31,LOC-025,4.0,4
2026-01-31,LOC-025,3.8,11
2026-01-31,LOC-025,3.9,1
2026-01-31,LOC-025,4.3,8
2026-01-31,LOC-025,3.0,27
2026-02-01,LOC-025,2.6,17
2026-02-01,LOC-025,3.2,2
2026-02-01,LOC-025,3.3,2
2026-02-01,LOC-025,3.2,15
2026-02-02,LOC-025,4.1,36
2026-02-02,LOC-025,4.1,17
2026-02-02,LOC-025,3.7,31
2026-02-03,LOC-025,3.3,17
2026-02-04,LOC-025,4.4,2
2026-02-04,LOC-025,4.2,18
2026-02-05,LOC-025,3.1,4
2026-02-05,LOC-025,3.8,1
2026-02-06,LOC-025,3.8,41
2026-02-06,LOC-025,3.9,12
2026-02-06,LOC-025,3.3,19
2026-02-07,LOC-025,3.9,15
2026-02-08,LOC-025,3.9,24
2026-02-08,LOC-025,3.1,12
2026-02-08,LOC-025,4.1,3
2026-02-09,LOC-025,3.9,3
2026-02-09,LOC-025,3.5,25
2026-02-09,LOC-025,3.7,33
2026-02-09,LOC-025,2.7,2
2026-02-09,LOC-025,3.6,3
2026-02-10,LOC-025,3.0,17
2026-02-10,LOC-025,3.6,13
2026-02-11,LOC-025,3.1,19
2026-02-11,LOC-025,3.1,29
2026-02-12,LOC-025,4.0,39
2026-02-13,LOC-025,3.9,4
2026-02-13,LOC-025,3.8,13
2026-02-14,LOC-025,3.5,4
2026-02-14,LOC-025,3.6,4
2026-02-15,LOC-025,3.7,1
2026-02-15,LOC-025,3.9,10
2026-02-16,LOC-025,4.5,28
2026-02-16,LOC-025,4.5,2
2026-02-16,LOC-025,3.4,1
2026-02-16,LOC-025,3.7,5
2026-02-16,LOC-025,3.9,7
2026-02-16,LOC-025,3.3,3
2026-02-17,LOC-025,4.4,24
2026-02-17,LOC-025,3.8,35
2026-02-17,LOC-025,3.4,8
2026-02-18,LOC-025,2.7,8
2026-02-18,LOC-025,3.8,36
2026-02-18,LOC-025,4.3,4
2026-02-18,LOC-025,2.9,4
2026-02-19,LOC-025,3.4,19
2026-02-19,LOC-025,4.1,14
2026-02-19,LOC-025,3.3,14
2026-02-20,LOC-025,3.3,7
2026-02-20,LOC-025,3.8,1
2026-02-20,LOC-025,4.3,3
2026-02-21,LOC-025,3.8,27
2026-02-21,LOC-025,4.2,2
2026-02-22,LOC-025,3.0,85
2026-02-22,LOC-025,3.2,9
2026-02-22,LOC-025,3.4,23
2026-02-22,LOC-025,2.8,6
2026-02-23,LOC-025,2.5,55
2026-02-23,LOC-025,3.4,2
2026-02-24,LOC-025,4.1,5
2026-02-24,LOC-025,4.0,12
2026-02-24,LOC-025,3.3,4
2026-02-24,LOC-025,3.7,18
2026-02-24,LOC-025,3.0,19
2026-02-26,LOC-025,3.6,5
2026-02-26,LOC-025,3.9,1
2026-02-26,LOC-025,3.4,17
2026-02-27,LOC-025,3.7,1
2026-02-27,LOC-025,3.1,6
2026-02-28,LOC-025,3.7,11
2026-02-28,LOC-025,3.4,9
2026-03-01,LOC-025,4.5,5
2026-03-01,LOC-025,2.9,1
2026-03-01,LOC-025,4.3,12
2026-03-01,LOC-025,3.4,8
2026-03-03,LOC-025,3.6,15
2026-03-03,LOC-025,3.8,14
2026-03-03,LOC-025,3.2,16
2026-03-03,LOC-025,3.2,2
2026-03-04,LOC-025,4.1,38
2026-03-05,LOC-025,3.0,2
2026-03-05,LOC-025,4.0,34
2026-03-05,LOC-025,3.3,1
2026-03-05,LOC-025,5.0,5
2026-03-06,LOC-025,4.4,3
2026-03-06,LOC-025,3.5,17
2026-03-06,LOC-025,3.4,8
2026-03-06,LOC-025,4.0,16
2026-03-06,LOC-025,3.1,33
2026-03-06,LOC-025,3.9,54
2026-03-07,LOC-025,3.7,1
2026-03-07,LOC-025,4.4,1
2026-03-07,LOC-025,4.0,42
2026-03-08,LOC-025,3.0,10
2026-03-08,LOC-025,4.0,1
2026-03-08,LOC-025,4.1,13
2026-03-09,LOC-025,2.7,1
2026-03-09,LOC-025,3.2,26
2026-03-09,LOC-025,4.0,6
2026-03-09,LOC-025,3.3,1
2026-03-10,LOC-025,3.8,31
2026-03-10,LOC-025,3.3,1
2026-03-10,LOC-025,4.2,13
2026-03-10,LOC-025,3.7,55
2026-03-10,LOC-025,3.8,12
2026-03-11,LOC-025,4.4,1
2026-03-11,LOC-025,3.4,10
2026-03-12,LOC-025,3.6,1
2026-03-12,LOC-025,4.0,18
2026-03-13,LOC-025,3.1,12
2026-03-13,LOC-025,3.4,5
2026-03-14,LOC-025,3.4,1
2026-03-16,LOC-025,3.8,20
2026-03-17,LOC-025,4.4,11
2026-03-17,LOC-025,2.6,1
2026-03-17,LOC-025,3.9,22
2026-03-17,LOC-025,3.4,1
2026-03-18,LOC-025,3.4,32
2026-03-18,LOC-025,3.8,21
2026-03-18,LOC-025,2.9,2
2026-03-18,LOC-025,3.5,19
2026-03-20,LOC-025,4.4,5
2026-03-20,LOC-025,4.3,5
2026-03-20,LOC-025,3.4,3
2026-03-21,LOC-025,3.9,3
2026-03-21,LOC-025,3.0,9
2026-03-21,LOC-025,3.5,37
2026-03-21,LOC-025,3.1,6
2026-03-21,LOC-025,3.2,4
2026-03-21,LOC-025,4.1,8
2026-03-21,LOC-025,3.4,23
2026-03-22,LOC-025,3.6,12
2026-03-22,LOC-025,3.8,23
2026-03-22,LOC-025,2.5,39
2026-03-22,LOC-025,2.8,4
2026-03-23,LOC-025,3.2,2
2026-03-24,LOC-025,3.3,56
2026-03-24,LOC-025,3.4,1
2026-03-24,LOC-025,3.0,39
2026-03-24,LOC-025,3.4,2
2026-03-25,LOC-025,4.2,16
2026-03-25,LOC-025,3.5,31
2026-03-25,LOC-025,3.6,25
2026-03-27,LOC-025,3.9,4
2026-03-27,LOC-025,4.4,15
2026-03-27,LOC-025,2.9,18
2026-03-27,LOC-025,3.6,6
2026-03-28,LOC-025,3.0,55
2026-03-29,LOC-025,3.8,19
2026-03-29,LOC-025,3.6,4
2026-03-29,LOC-025,3.8,19
2026-03-29,LOC-025,2.8,11
2026-03-30,LOC-025,2.9,11
2026-03-30,LOC-025,3.1,7
2026-03-31,LOC-025,3.8,5
2026-03-31,LOC-025,3.8,26
2026-03-31,LOC-025,3.3,14
2026-03-31,LOC-025,3.2,1
2026-04-01,LOC-025,3.5,18
2026-04-01,LOC-025,3.3,29
2026-04-02,LOC-025,4.0,10
2026-04-02,LOC-025,3.8,10
2026-04-04,LOC-025,4.7,3
2026-04-04,LOC-025,4.4,11
2026-04-05,LOC-025,3.8,9
2026-04-05,LOC-025,3.4,7
2026-04-05,LOC-025,3.8,2
2026-04-05,LOC-025,3.1,51
2026-04-05,LOC-025,3.0,36
2026-04-05,LOC-025,2.9,4
2026-04-06,LOC-025,4.3,6
2026-04-06,LOC-025,4.7,4
2026-04-08,LOC-025,3.2,1
2026-04-08,LOC-025,3.5,2
2026-04-09,LOC-025,3.5,15
2026-04-10,LOC-025,4.5,38
2026-04-10,LOC-025,3.0,62
2026-04-10,LOC-025,3.9,3
2026-04-10,LOC-025,4.1,68
2026-04-11,LOC-025,3.8,11
2026-04-11,LOC-025,3.5,1
2026-04-11,LOC-025,4.1,27
2026-04-12,LOC-025,3.7,11
2026-04-12,LOC-025,3.7,37
2026-04-12,LOC-025,3.5,38
2026-04-12,LOC-025,2.9,9
2026-04-12,LOC-025,3.7,4
2026-04-12,LOC-025,3.8,24
2026-04-13,LOC-025,3.3,34
2026-04-13,LOC-025,4.0,1
2026-04-13,LOC-025,4.0,20
2026-04-14,LOC-025,3.8,56
2026-04-14,LOC-025,3.9,1
2026-04-14,LOC-025,2.8,5
2026-04-15,LOC-025,3.4,12
2026-04-15,LOC-025,3.7,7
2026-04-15,LOC-025,3.8,27
2026-04-16,LOC-025,3.6,1
2026-04-16,LOC-025,3.5,29
2026-04-17,LOC-025,3.7,6
2026-04-17,LOC-025,3.8,58
2026-04-17,LOC-025,4.0,5
2026-04-17,LOC-025,3.7,30
2026-04-17,LOC-025,3.7,6
2026-04-17,LOC-025,3.5,12
2026-04-17,LOC-025,3.7,13
2026-04-18,LOC-025,3.6,2
2026-04-18,LOC-025,3.2,9
2026-04-18,LOC-025,3.1,22
2026-04-19,LOC-025,3.1,88
2026-04-19,LOC-025,3.4,6
2026-04-19,LOC-025,3.5,9
2026-04-19,LOC-025,4.2,3
2026-04-19,LOC-025,3.7,21
2026-04-20,LOC-025,3.1,46
2026-04-20,LOC-025,4.0,13
2026-04-20,LOC-025,3.5,20
2026-04-21,LOC-025,4.3,13
2026-04-21,LOC-025,3.9,8
2026-04-21,LOC-025,3.5,12
2026-04-21,LOC-025,3.7,52
2026-04-21,LOC-025,2.7,35
2026-04-22,LOC-025,3.5,23
2026-04-22,LOC-025,3.6,22
2026-04-22,LOC-025,4.3,4
2026-04-22,LOC-025,3.9,48
2026-04-22,LOC-025,4.7,1
2026-04-23,LOC-025,4.8,6
2026-04-24,LOC-025,3.7,22
2026-04-24,LOC-025,3.0,13
2026-04-25,LOC-025,4.1,23
2026-04-25,LOC-025,4.0,17
2026-04-25,LOC-025,4.7,31
2026-04-27,LOC-025,3.3,53
2026-04-28,LOC-025,4.1,2
2026-04-28,LOC-025,4.3,5
2026-04-28,LOC-025,3.8,9
2026-04-28,LOC-025,3.9,35
2026-04-29,LOC-025,3.7,1
2026-04-29,LOC-025,3.8,42
2026-04-30,LOC-025,3.6,7
2026-05-01,LOC-025,3.4,12
2026-05-01,LOC-025,3.6,4
2026-05-01,LOC-025,3.2,26
2026-05-01,LOC-025,4.0,20
2026-05-02,LOC-025,3.2,23
2026-05-03,LOC-025,3.8,13
2026-05-03,LOC-025,3.8,18
2026-05-03,LOC-025,3.4,1
2026-05-03,LOC-025,3.3,20
2026-05-03,LOC-025,3.3,1
2026-05-03,LOC-025,3.2,27
2026-05-03,LOC-025,3.9,14
2026-05-03,LOC-025,3.3,9
2026-05-04,LOC-025,3.8,16
2026-05-05,LOC-025,3.3,13
2026-05-05,LOC-025,3.3,2
2026-05-06,LOC-025,3.1,34
2026-05-07,LOC-025,3.8,49
2026-05-08,LOC-025,3.6,23
2026-05-08,LOC-025,2.5,34
2026-05-09,LOC-025,3.5,18
2026-05-09,LOC-025,3.1,1
2026-05-09,LOC-025,3.5,2
2026-05-09,LOC-025,3.9,1
2026-05-09,LOC-025,3.6,3
2026-05-09,LOC-025,3.4,1
2026-05-09,LOC-025,4.1,17
2026-05-10,LOC-025,3.8,11
2026-05-10,LOC-025,3.6,5
2026-05-10,LOC-025,3.4,41
2026-05-12,LOC-025,3.1,28
2026-05-12,LOC-025,2.9,16
2026-05-13,LOC-025,3.4,30
2026-05-13,LOC-025,4.1,1
2026-05-13,LOC-025,4.1,1
2026-05-14,LOC-025,3.4,9
2026-05-14,LOC-025,4.3,8
2026-05-14,LOC-025,3.3,6
2026-05-15,LOC-025,3.7,12
2026-05-16,LOC-025,2.7,5
2026-05-16,LOC-025,3.7,8
2026-05-16,LOC-025,3.6,3
2026-05-16,LOC-025,3.6,5
2026-05-17,LOC-025,2.9,16
2026-05-17,LOC-025,3.3,22
2026-05-17,LOC-025,3.5,13
2026-05-17,LOC-025,3.1,1
2026-05-17,LOC-025,3.9,16
2026-05-18,LOC-025,4.1,11
2026-05-18,LOC-025,2.8,23
2026-05-18,LOC-025,3.7,4
2026-05-18,LOC-025,3.0,18
2026-05-18,LOC-025,3.4,38
2026-05-19,LOC-025,3.2,18
2026-05-19,LOC-025,2.1,1
2026-05-19,LOC-025,3.5,1
2026-05-19,LOC-025,3.1,32
2026-05-19,LOC-025,3.3,39
2026-05-20,LOC-025,3.1,8
2026-05-20,LOC-025,3.3,2
2026-05-20,LOC-025,2.9,15
2026-05-20,LOC-025,3.2,8
2026-05-20,LOC-025,3.8,24
2026-05-21,LOC-025,3.6,10
2026-05-21,LOC-025,3.3,23
2026-05-21,LOC-025,4.5,26
2026-05-21,LOC-025,3.8,9
2026-05-21,LOC-025,2.8,9
2026-05-21,LOC-025,3.2,58
2026-05-22,LOC-025,3.2,30
2026-05-22,LOC-025,2.9,17
2026-05-22,LOC-025,3.6,8
2026-05-23,LOC-025,4.6,18
2026-05-23,LOC-025,2.8,35
2026-05-23,LOC-025,4.4,1
2026-05-24,LOC-025,3.4,15
2026-05-24,LOC-025,3.7,4
2026-05-24,LOC-025,3.8,17
2026-05-25,LOC-025,3.7,26
2026-05-25,LOC-025,3.6,18
2026-05-25,LOC-025,3.8,21
2026-05-26,LOC-025,3.9,9
2026-05-26,LOC-025,3.3,72
2026-05-26,LOC-025,3.4,2
2026-05-26,LOC-025,4.3,18
2026-05-26,LOC-025,3.2,4
2026-05-27,LOC-025,3.0,44
2026-05-27,LOC-025,3.9,7
2026-05-27,LOC-025,3.2,36
2026-05-28,LOC-025,4.5,1
2026-05-28,LOC-025,4.1,12
2026-05-28,LOC-025,3.2,14
2026-05-28,LOC-025,3.8,3
2026-05-29,LOC-025,3.5,11
2026-05-29,LOC-025,4.0,3
2026-05-29,LOC-025,3.3,6
2026-05-29,LOC-025,4.1,13
2026-05-29,LOC-025,4.2,5
2026-05-29,LOC-025,3.4,1
2026-05-29,LOC-025,3.7,5
2026-05-29,LOC-025,3.9,36
2026-05-30,LOC-025,3.8,2
2026-05-30,LOC-025,3.0,1
2026-05-30,LOC-025,3.8,11
2026-05-30,LOC-025,3.9,16
2026-05-30,LOC-025,3.9,1
2026-05-31,LOC-025,3.2,1
2026-06-01,LOC-025,3.8,7
2026-06-01,LOC-025,3.8,10
2026-06-02,LOC-025,3.3,22
2026-06-02,LOC-025,4.0,21
2026-06-02,LOC-025,3.9,27
2026-06-03,LOC-025,3.4,25
2026-06-03,LOC-025,4.1,20
2026-06-03,LOC-025,3.8,7
2026-06-03,LOC-025,3.4,15
2026-06-04,LOC-025,4.2,20
2026-06-04,LOC-025,3.1,1
2026-06-05,LOC-025,2.5,69
2026-06-05,LOC-025,3.5,8
2026-06-05,LOC-025,3.5,27
2026-06-05,LOC-025,4.2,14
2026-06-05,LOC-025,2.4,45
2026-06-05,LOC-025,3.2,11
2026-06-06,LOC-025,3.5,18
2026-06-06,LOC-025,3.7,1
2026-06-06,LOC-025,3.9,5
2026-06-06,LOC-025,4.0,5
2026-06-07,LOC-025,3.3,1
2026-06-07,LOC-025,5.0,38
2026-06-07,LOC-025,3.8,22
2026-06-07,LOC-025,3.7,17
2026-06-08,LOC-025,2.9,8
2026-06-08,LOC-025,3.3,16
2026-06-09,LOC-025,3.4,11
2026-06-09,LOC-025,3.6,31
2026-06-09,LOC-025,3.7,20
2026-06-10,LOC-025,2.9,13
2026-06-11,LOC-025,2.9,17
2026-06-11,LOC-025,3.8,19
2026-06-11,LOC-025,3.4,1
2026-06-12,LOC-025,2.8,26
2026-06-12,LOC-025,4.1,1
2026-06-12,LOC-025,3.3,8
2026-06-13,LOC-025,4.4,15
2026-06-13,LOC-025,3.6,47
2026-06-13,LOC-025,3.4,18
2026-06-13,LOC-025,3.0,13
2026-06-14,LOC-025,3.6,13
2026-06-14,LOC-025,3.4,11
2026-06-14,LOC-025,3.7,31
2026-06-15,LOC-025,3.1,21
2026-06-15,LOC-025,3.9,35
2026-06-15,LOC-025,4.0,4
2026-06-15,LOC-025,2.9,1
2026-06-15,LOC-025,3.7,28
2026-06-16,LOC-025,3.7,34
2026-06-16,LOC-025,5.0,11
2026-06-16,LOC-025,3.0,3
2026-06-16,LOC-025,2.9,37
2026-06-16,LOC-025,4.9,1
2026-06-16,LOC-025,3.8,10
2026-06-17,LOC-025,3.8,22
2026-06-17,LOC-025,3.9,7
2026-06-17,LOC-025,3.3,29
2026-06-17,LOC-025,2.8,5
2026-06-17,LOC-025,3.0,9
2026-06-17,LOC-025,3.9,89
2026-06-18,LOC-025,3.6,10
2026-06-18,LOC-025,3.3,1
2026-06-18,LOC-025,4.1,16
2026-06-18,LOC-025,3.1,32
2026-06-18,LOC-025,4.2,1
2026-06-19,LOC-025,3.8,14
2026-06-19,LOC-025,2.9,10
2026-06-19,LOC-025,3.9,8
2026-06-19,LOC-025,3.8,5
2026-06-19,LOC-025,3.8,8
2026-06-19,LOC-025,3.9,47
2026-06-20,LOC-025,3.5,1
2026-06-21,LOC-025,4.4,16
2026-06-21,LOC-025,3.5,17
2026-06-21,LOC-025,3.9,30
2026-06-21,LOC-025,4.2,17
2026-06-21,LOC-025,3.7,13
2026-06-22,LOC-025,3.3,65
2026-06-22,LOC-025,2.9,7
2026-06-23,LOC-025,3.8,3
2026-06-23,LOC-025,3.8,7
2026-06-23,LOC-025,3.7,15
2026-06-23,LOC-025,3.8,11
2026-06-23,LOC-025,3.4,19
2026-06-23,LOC-025,2.7,24
2026-06-24,LOC-025,3.6,6
2026-06-24,LOC-025,3.9,1
2026-06-24,LOC-025,3.1,2
2026-06-24,LOC-025,3.9,2
2026-06-24,LOC-025,3.4,2
2026-06-24,LOC-025,4.4,50
2026-06-25,LOC-025,3.8,1
2026-06-25,LOC-025,3.2,1
2026-06-25,LOC-025,4.1,14
2026-06-25,LOC-025,3.1,15
2026-06-25,LOC-025,3.5,33
2026-06-26,LOC-025,3.4,4
2026-06-26,LOC-025,4.0,12
2026-06-26,LOC-025,3.6,44
2026-06-27,LOC-025,3.8,9
2026-06-27,LOC-025,3.5,11
2026-06-27,LOC-025,3.3,4
2026-06-27,LOC-025,3.9,34
2026-06-27,LOC-025,4.1,38
2026-06-29,LOC-025,2.8,9
2026-06-29,LOC-025,3.6,1
2026-06-29,LOC-025,4.0,10
2026-06-29,LOC-025,3.4,8
2026-06-29,LOC-025,3.1,2
2026-06-30,LOC-025,4.3,30
2026-06-30,LOC-025,3.4,7
2026-01-01,LOC-026,4.3,1
2026-01-02,LOC-026,5.0,1
2026-01-02,LOC-026,3.5,5
2026-01-02,LOC-026,4.3,64
2026-01-03,LOC-026,4.4,6
2026-01-03,LOC-026,4.3,5
2026-01-03,LOC-026,4.1,6
2026-01-03,LOC-026,5.0,9
2026-01-03,LOC-026,3.6,11
2026-01-03,LOC-026,4.1,32
2026-01-03,LOC-026,5.0,21
2026-01-03,LOC-026,4.6,20
2026-01-04,LOC-026,4.3,6
2026-01-04,LOC-026,4.4,3
2026-01-04,LOC-026,4.2,6
2026-01-05,LOC-026,4.5,10
2026-01-05,LOC-026,5.0,12
2026-01-05,LOC-026,4.7,18
2026-01-06,LOC-026,4.5,12
2026-01-06,LOC-026,4.4,1
2026-01-06,LOC-026,4.7,1
2026-01-06,LOC-026,4.2,8
2026-01-06,LOC-026,4.9,5
2026-01-07,LOC-026,4.3,1
2026-01-08,LOC-026,4.6,6
2026-01-08,LOC-026,4.7,11
2026-01-08,LOC-026,4.7,15
2026-01-08,LOC-026,4.0,60
2026-01-08,LOC-026,4.1,53
2026-01-09,LOC-026,4.9,1
2026-01-09,LOC-026,5.0,1
2026-01-09,LOC-026,4.1,16
2026-01-10,LOC-026,4.4,11
2026-01-11,LOC-026,3.9,46
2026-01-11,LOC-026,4.6,22
2026-01-11,LOC-026,3.9,17
2026-01-12,LOC-026,4.4,25
2026-01-12,LOC-026,4.8,8
2026-01-12,LOC-026,4.2,14
2026-01-13,LOC-026,4.0,13
2026-01-13,LOC-026,4.0,29
2026-01-13,LOC-026,4.7,9
2026-01-13,LOC-026,4.1,9
2026-01-13,LOC-026,4.4,1
2026-01-13,LOC-026,4.3,32
2026-01-14,LOC-026,4.5,10
2026-01-15,LOC-026,4.2,4
2026-01-15,LOC-026,5.0,24
2026-01-15,LOC-026,4.4,1
2026-01-16,LOC-026,4.0,11
2026-01-16,LOC-026,4.3,3
2026-01-16,LOC-026,4.9,11
2026-01-17,LOC-026,4.4,6
2026-01-17,LOC-026,4.6,6
2026-01-17,LOC-026,4.3,3
2026-01-18,LOC-026,3.9,25
2026-01-18,LOC-026,4.7,10
2026-01-18,LOC-026,3.8,31
2026-01-18,LOC-026,4.3,57
2026-01-18,LOC-026,4.1,6
2026-01-19,LOC-026,4.7,49
2026-01-19,LOC-026,5.0,8
2026-01-19,LOC-026,3.5,9
2026-01-19,LOC-026,4.3,1
2026-01-19,LOC-026,4.3,1
2026-01-20,LOC-026,5.0,26
2026-01-20,LOC-026,4.7,42
2026-01-20,LOC-026,4.6,13
2026-01-21,LOC-026,5.0,27
2026-01-21,LOC-026,4.2,1
2026-01-23,LOC-026,3.4,8
2026-01-23,LOC-026,4.4,13
2026-01-23,LOC-026,5.0,5
2026-01-23,LOC-026,4.6,18
2026-01-23,LOC-026,4.0,6
2026-01-23,LOC-026,4.7,10
2026-01-23,LOC-026,3.6,1
2026-01-23,LOC-026,4.1,3
2026-01-24,LOC-026,4.6,30
2026-01-24,LOC-026,3.9,25
2026-01-24,LOC-026,5.0,4
2026-01-24,LOC-026,3.5,45
2026-01-25,LOC-026,3.5,27
2026-01-25,LOC-026,3.6,2
2026-01-25,LOC-026,4.5,8
2026-01-26,LOC-026,4.3,9
2026-01-26,LOC-026,4.6,7
2026-01-27,LOC-026,4.7,24
2026-01-29,LOC-026,4.9,5
2026-01-29,LOC-026,4.2,6
2026-01-30,LOC-026,4.1,34
2026-01-30,LOC-026,4.8,47
2026-01-30,LOC-026,3.9,26
2026-01-31,LOC-026,3.8,34
2026-01-31,LOC-026,4.2,1
2026-02-01,LOC-026,4.7,6
2026-02-01,LOC-026,4.6,15
2026-02-02,LOC-026,4.0,3
2026-02-02,LOC-026,5.0,11
2026-02-02,LOC-026,3.7,10
2026-02-02,LOC-026,5.0,55
2026-02-03,LOC-026,4.0,13
2026-02-04,LOC-026,3.9,6
2026-02-04,LOC-026,4.3,37
2026-02-04,LOC-026,4.1,12
2026-02-05,LOC-026,5.0,18
2026-02-05,LOC-026,4.6,2
2026-02-05,LOC-026,4.8,11
2026-02-05,LOC-026,5.0,8
2026-02-05,LOC-026,4.9,2
2026-02-06,LOC-026,4.1,5
2026-02-06,LOC-026,3.5,12
2026-02-06,LOC-026,3.6,20
2026-02-06,LOC-026,4.2,26
2026-02-07,LOC-026,3.3,11
2026-02-08,LOC-026,4.7,9
2026-02-09,LOC-026,4.3,8
2026-02-09,LOC-026,4.7,9
2026-02-09,LOC-026,4.2,19
2026-02-10,LOC-026,4.4,42
2026-02-10,LOC-026,4.2,2
2026-02-11,LOC-026,5.0,2
2026-02-12,LOC-026,4.2,29
2026-02-12,LOC-026,4.1,5
2026-02-14,LOC-026,5.0,6
2026-02-14,LOC-026,3.7,14
2026-02-14,LOC-026,4.0,45
2026-02-14,LOC-026,4.9,30
2026-02-14,LOC-026,3.6,14
2026-02-15,LOC-026,5.0,57
2026-02-15,LOC-026,4.9,6
2026-02-15,LOC-026,5.0,2
2026-02-15,LOC-026,5.0,1
2026-02-15,LOC-026,4.1,21
2026-02-16,LOC-026,4.9,7
2026-02-16,LOC-026,4.4,1
2026-02-16,LOC-026,4.0,5
2026-02-17,LOC-026,4.0,28
2026-02-17,LOC-026,4.7,2
2026-02-17,LOC-026,4.5,17
2026-02-17,LOC-026,4.4,1
2026-02-18,LOC-026,4.9,4
2026-02-18,LOC-026,4.2,11
2026-02-19,LOC-026,4.2,12
2026-02-19,LOC-026,3.4,24
2026-02-19,LOC-026,5.0,5
2026-02-19,LOC-026,4.6,27
2026-02-19,LOC-026,4.7,10
2026-02-20,LOC-026,3.4,10
2026-02-20,LOC-026,4.1,5
2026-02-21,LOC-026,4.9,9
2026-02-21,LOC-026,4.8,13
2026-02-22,LOC-026,4.1,8
2026-02-22,LOC-026,4.2,6
2026-02-22,LOC-026,4.1,3
2026-02-22,LOC-026,4.3,15
2026-02-23,LOC-026,4.4,74
2026-02-23,LOC-026,4.8,2
2026-02-24,LOC-026,3.8,41
2026-02-24,LOC-026,4.5,29
2026-02-24,LOC-026,4.5,1
2026-02-24,LOC-026,4.3,11
2026-02-25,LOC-026,4.8,1
2026-02-25,LOC-026,4.2,21
2026-02-25,LOC-026,4.5,17
2026-02-25,LOC-026,4.5,11
2026-02-26,LOC-026,4.7,31
2026-02-26,LOC-026,4.7,16
2026-02-27,LOC-026,4.6,14
2026-02-27,LOC-026,4.3,23
2026-02-27,LOC-026,4.1,12
2026-02-28,LOC-026,5.0,16
2026-02-28,LOC-026,4.1,24
2026-02-28,LOC-026,5.0,6
2026-02-28,LOC-026,4.8,48
2026-03-01,LOC-026,4.3,16
2026-03-02,LOC-026,4.4,1
2026-03-02,LOC-026,4.6,11
2026-03-03,LOC-026,4.3,23
2026-03-03,LOC-026,4.5,18
2026-03-03,LOC-026,3.7,38
2026-03-03,LOC-026,4.2,46
2026-03-04,LOC-026,4.8,40
2026-03-04,LOC-026,4.4,9
2026-03-04,LOC-026,4.4,16
2026-03-05,LOC-026,3.4,24
2026-03-05,LOC-026,4.9,1
2026-03-05,LOC-026,3.7,8
2026-03-05,LOC-026,3.8,1
2026-03-06,LOC-026,3.5,7
2026-03-06,LOC-026,4.0,6
2026-03-07,LOC-026,4.4,1
2026-03-07,LOC-026,3.8,18
2026-03-08,LOC-026,4.5,9
2026-03-08,LOC-026,4.8,16
2026-03-08,LOC-026,4.3,2
2026-03-08,LOC-026,4.7,1
2026-03-08,LOC-026,4.6,10
2026-03-09,LOC-026,4.7,3
2026-03-09,LOC-026,3.5,18
2026-03-09,LOC-026,4.2,5
2026-03-09,LOC-026,4.5,17
2026-03-09,LOC-026,4.6,21
2026-03-09,LOC-026,3.9,10
2026-03-10,LOC-026,4.1,62
2026-03-10,LOC-026,4.6,15
2026-03-10,LOC-026,3.6,1
2026-03-10,LOC-026,4.9,10
2026-03-11,LOC-026,4.0,13
2026-03-11,LOC-026,4.4,31
2026-03-11,LOC-026,3.7,4
2026-03-12,LOC-026,4.6,31
2026-03-12,LOC-026,4.1,1
2026-03-12,LOC-026,4.8,2
2026-03-12,LOC-026,4.8,1
2026-03-13,LOC-026,4.9,13
2026-03-14,LOC-026,4.2,5
2026-03-14,LOC-026,4.7,1
2026-03-14,LOC-026,4.1,5
2026-03-14,LOC-026,4.2,19
2026-03-14,LOC-026,5.0,1
2026-03-15,LOC-026,4.8,16
2026-03-15,LOC-026,3.7,9
2026-03-16,LOC-026,5.0,6
2026-03-16,LOC-026,4.2,9
2026-03-16,LOC-026,4.2,7
2026-03-17,LOC-026,4.4,9
2026-03-17,LOC-026,4.0,27
2026-03-17,LOC-026,4.7,2
2026-03-18,LOC-026,4.3,3
2026-03-19,LOC-026,4.3,20
2026-03-19,LOC-026,4.2,15
2026-03-19,LOC-026,4.9,25
2026-03-20,LOC-026,4.7,3
2026-03-20,LOC-026,4.5,5
2026-03-21,LOC-026,4.0,1
2026-03-21,LOC-026,5.0,8
2026-03-22,LOC-026,4.0,29
2026-03-23,LOC-026,3.7,30
2026-03-23,LOC-026,5.0,7
2026-03-23,LOC-026,3.4,104
2026-03-23,LOC-026,4.9,9
2026-03-24,LOC-026,4.4,26
2026-03-24,LOC-026,4.3,9
2026-03-24,LOC-026,4.8,1
2026-03-24,LOC-026,4.7,11
2026-03-25,LOC-026,4.5,1
2026-03-25,LOC-026,4.1,46
2026-03-26,LOC-026,3.6,5
2026-03-27,LOC-026,4.0,7
2026-03-28,LOC-026,4.1,5
2026-03-28,LOC-026,4.6,10
2026-03-28,LOC-026,4.1,22
2026-03-29,LOC-026,4.2,13
2026-03-29,LOC-026,4.4,19
2026-03-29,LOC-026,5.0,22
2026-03-29,LOC-026,4.8,3
2026-03-30,LOC-026,4.5,11
2026-03-30,LOC-026,3.8,1
2026-03-30,LOC-026,4.3,9
2026-03-30,LOC-026,3.1,16
2026-03-30,LOC-026,4.8,3
2026-03-30,LOC-026,4.0,2
2026-03-30,LOC-026,5.0,11
2026-03-31,LOC-026,4.6,28
2026-04-01,LOC-026,4.5,1
2026-04-01,LOC-026,5.0,24
2026-04-01,LOC-026,5.0,55
2026-04-01,LOC-026,4.6,5
2026-04-02,LOC-026,4.5,9
2026-04-02,LOC-026,4.2,57
2026-04-02,LOC-026,4.9,14
2026-04-02,LOC-026,3.7,1
2026-04-02,LOC-026,5.0,1
2026-04-02,LOC-026,5.0,12
2026-04-03,LOC-026,4.5,5
2026-04-03,LOC-026,5.0,13
2026-04-03,LOC-026,4.7,15
2026-04-03,LOC-026,4.9,2
2026-04-03,LOC-026,3.6,4
2026-04-04,LOC-026,4.9,20
2026-04-05,LOC-026,5.0,15
2026-04-05,LOC-026,3.4,11
2026-04-05,LOC-026,3.9,5
2026-04-06,LOC-026,4.5,45
2026-04-06,LOC-026,4.2,15
2026-04-07,LOC-026,4.8,49
2026-04-08,LOC-026,4.8,2
2026-04-08,LOC-026,4.2,8
2026-04-08,LOC-026,5.0,3
2026-04-08,LOC-026,4.3,14
2026-04-09,LOC-026,4.2,32
2026-04-09,LOC-026,4.6,1
2026-04-09,LOC-026,4.4,2
2026-04-09,LOC-026,4.3,9
2026-04-09,LOC-026,4.2,22
2026-04-09,LOC-026,4.7,18
2026-04-09,LOC-026,4.4,1
2026-04-10,LOC-026,4.9,1
2026-04-10,LOC-026,4.1,19
2026-04-10,LOC-026,3.9,22
2026-04-10,LOC-026,4.8,5
2026-04-11,LOC-026,4.4,45
2026-04-11,LOC-026,5.0,2
2026-04-11,LOC-026,4.4,16
2026-04-12,LOC-026,4.0,1
2026-04-12,LOC-026,5.0,14
2026-04-12,LOC-026,4.3,3
2026-04-12,LOC-026,4.3,22
2026-04-13,LOC-026,5.0,3
2026-04-13,LOC-026,4.2,21
2026-04-13,LOC-026,4.7,57
2026-04-14,LOC-026,4.6,10
2026-04-14,LOC-026,3.8,25
2026-04-14,LOC-026,4.7,8
2026-04-14,LOC-026,4.9,25
2026-04-14,LOC-026,4.8,7
2026-04-15,LOC-026,4.2,2
2026-04-15,LOC-026,4.6,36
2026-04-16,LOC-026,5.0,3
2026-04-16,LOC-026,4.2,22
2026-04-16,LOC-026,3.4,5
2026-04-16,LOC-026,5.0,3
2026-04-16,LOC-026,4.3,65
2026-04-17,LOC-026,5.0,7
2026-04-17,LOC-026,5.0,17
2026-04-17,LOC-026,5.0,2
2026-04-18,LOC-026,4.8,2
2026-04-18,LOC-026,3.4,1
2026-04-19,LOC-026,3.7,2
2026-04-19,LOC-026,4.5,1
2026-04-20,LOC-026,4.2,3
2026-04-20,LOC-026,3.9,8
2026-04-20,LOC-026,4.8,12
2026-04-20,LOC-026,4.6,45
2026-04-21,LOC-026,5.0,18
2026-04-21,LOC-026,4.8,28
2026-04-21,LOC-026,4.3,6
2026-04-21,LOC-026,3.9,37
2026-04-22,LOC-026,3.6,6
2026-04-22,LOC-026,5.0,2
2026-04-22,LOC-026,4.2,19
2026-04-23,LOC-026,3.4,7
2026-04-23,LOC-026,4.3,5
2026-04-23,LOC-026,4.9,1
2026-04-23,LOC-026,4.6,12
2026-04-24,LOC-026,5.0,2
2026-04-25,LOC-026,4.7,8
2026-04-25,LOC-026,4.9,3
2026-04-25,LOC-026,3.9,2
2026-04-25,LOC-026,4.0,18
2026-04-26,LOC-026,3.9,27
2026-04-26,LOC-026,4.2,7
2026-04-26,LOC-026,5.0,8
2026-04-26,LOC-026,4.5,5
2026-04-26,LOC-026,4.8,17
2026-04-26,LOC-026,3.9,14
2026-04-27,LOC-026,3.6,17
2026-04-27,LOC-026,4.5,7
2026-04-27,LOC-026,4.2,9
2026-04-27,LOC-026,3.4,1
2026-04-28,LOC-026,4.3,10
2026-04-28,LOC-026,4.7,35
2026-04-29,LOC-026,4.6,5
2026-04-29,LOC-026,4.0,21
2026-04-29,LOC-026,3.9,1
2026-04-29,LOC-026,4.5,21
2026-04-29,LOC-026,4.6,11
2026-04-29,LOC-026,4.7,1
2026-04-29,LOC-026,3.9,6
2026-04-30,LOC-026,4.3,36
2026-04-30,LOC-026,4.5,1
2026-04-30,LOC-026,5.0,19
2026-05-01,LOC-026,4.9,36
2026-05-02,LOC-026,4.7,1
2026-05-02,LOC-026,4.7,5
2026-05-03,LOC-026,5.0,16
2026-05-03,LOC-026,4.2,5
2026-05-03,LOC-026,4.5,5
2026-05-03,LOC-026,4.6,16
2026-05-03,LOC-026,4.7,6
2026-05-03,LOC-026,4.4,27
2026-05-04,LOC-026,5.0,6
2026-05-04,LOC-026,3.9,1
2026-05-04,LOC-026,4.5,17
2026-05-04,LOC-026,4.7,22
2026-05-04,LOC-026,4.7,8
2026-05-04,LOC-026,3.7,29
2026-05-05,LOC-026,4.2,1
2026-05-05,LOC-026,3.6,18
2026-05-05,LOC-026,4.5,12
2026-05-05,LOC-026,5.0,11
2026-05-05,LOC-026,5.0,7
2026-05-06,LOC-026,4.8,1
2026-05-06,LOC-026,3.7,58
2026-05-06,LOC-026,3.7,3
2026-05-06,LOC-026,5.0,4
2026-05-06,LOC-026,4.6,20
2026-05-06,LOC-026,4.8,1
2026-05-07,LOC-026,3.8,33
2026-05-07,LOC-026,4.4,1
2026-05-07,LOC-026,3.8,11
2026-05-08,LOC-026,4.3,36
2026-05-08,LOC-026,4.7,9
2026-05-09,LOC-026,4.5,1
2026-05-09,LOC-026,4.9,13
2026-05-10,LOC-026,4.2,19
2026-05-10,LOC-026,4.3,15
2026-05-10,LOC-026,4.2,7
2026-05-10,LOC-026,5.0,25
2026-05-10,LOC-026,3.7,1
2026-05-11,LOC-026,4.0,1
2026-05-11,LOC-026,4.3,24
2026-05-11,LOC-026,4.8,9
2026-05-11,LOC-026,4.9,13
2026-05-11,LOC-026,4.4,11
2026-05-12,LOC-026,4.2,7
2026-05-12,LOC-026,4.3,3
2026-05-13,LOC-026,4.8,2
2026-05-13,LOC-026,3.9,2
2026-05-13,LOC-026,4.3,10
2026-05-13,LOC-026,3.9,7
2026-05-14,LOC-026,4.2,7
2026-05-14,LOC-026,4.7,26
2026-05-14,LOC-026,4.8,5
2026-05-14,LOC-026,4.0,1
2026-05-14,LOC-026,4.0,1
2026-05-14,LOC-026,4.8,20
2026-05-15,LOC-026,4.4,15
2026-05-16,LOC-026,4.7,8
2026-05-17,LOC-026,4.7,2
2026-05-17,LOC-026,4.2,6
2026-05-17,LOC-026,5.0,34
2026-05-17,LOC-026,3.4,26
2026-05-18,LOC-026,4.1,4
2026-05-18,LOC-026,4.7,18
2026-05-18,LOC-026,3.6,9
2026-05-19,LOC-026,3.3,22
2026-05-19,LOC-026,5.0,10
2026-05-20,LOC-026,4.4,8
2026-05-20,LOC-026,4.3,2
2026-05-20,LOC-026,5.0,21
2026-05-20,LOC-026,3.7,1
2026-05-20,LOC-026,3.7,1
2026-05-21,LOC-026,5.0,35
2026-05-21,LOC-026,4.3,3
2026-05-21,LOC-026,4.5,1
2026-05-22,LOC-026,4.5,12
2026-05-22,LOC-026,4.7,9
2026-05-23,LOC-026,4.1,28
2026-05-23,LOC-026,5.0,1
2026-05-23,LOC-026,3.4,38
2026-05-23,LOC-026,4.3,29
2026-05-23,LOC-026,4.9,14
2026-05-24,LOC-026,4.3,31
2026-05-24,LOC-026,4.7,5
2026-05-24,LOC-026,4.1,7
2026-05-25,LOC-026,4.8,30
2026-05-25,LOC-026,3.8,1
2026-05-26,LOC-026,5.0,37
2026-05-27,LOC-026,3.2,3
2026-05-27,LOC-026,4.6,2
2026-05-27,LOC-026,5.0,1
2026-05-27,LOC-026,3.9,12
2026-05-28,LOC-026,4.1,11
2026-05-28,LOC-026,4.8,25
2026-05-28,LOC-026,4.9,25
2026-05-28,LOC-026,3.9,1
2026-05-29,LOC-026,4.6,1
2026-05-29,LOC-026,3.0,2
2026-05-29,LOC-026,4.0,2
2026-05-29,LOC-026,4.3,2
2026-05-30,LOC-026,4.9,10
2026-05-30,LOC-026,3.8,1
2026-05-31,LOC-026,4.7,6
2026-05-31,LOC-026,4.3,3
2026-05-31,LOC-026,3.8,7
2026-06-01,LOC-026,3.5,6
2026-06-01,LOC-026,3.9,8
2026-06-02,LOC-026,4.9,15
2026-06-02,LOC-026,4.9,10
2026-06-03,LOC-026,4.8,7
2026-06-03,LOC-026,4.7,4
2026-06-03,LOC-026,5.0,13
2026-06-03,LOC-026,4.6,12
2026-06-03,LOC-026,5.0,16
2026-06-03,LOC-026,4.9,12
2026-06-04,LOC-026,3.5,1
2026-06-04,LOC-026,4.1,4
2026-06-04,LOC-026,4.2,15
2026-06-04,LOC-026,5.0,13
2026-06-05,LOC-026,4.7,12
2026-06-05,LOC-026,4.5,16
2026-06-05,LOC-026,3.7,50
2026-06-06,LOC-026,4.1,8
2026-06-06,LOC-026,3.7,68
2026-06-07,LOC-026,3.9,2
2026-06-07,LOC-026,5.0,17
2026-06-08,LOC-026,4.4,1
2026-06-08,LOC-026,4.7,26
2026-06-08,LOC-026,4.5,27
2026-06-08,LOC-026,3.8,30
2026-06-08,LOC-026,4.4,22
2026-06-08,LOC-026,5.0,2
2026-06-08,LOC-026,3.8,10
2026-06-09,LOC-026,5.0,6
2026-06-10,LOC-026,4.5,10
2026-06-11,LOC-026,4.3,13
2026-06-11,LOC-026,3.9,24
2026-06-11,LOC-026,4.0,38
2026-06-11,LOC-026,5.0,15
2026-06-12,LOC-026,4.7,51
2026-06-12,LOC-026,4.4,7
2026-06-12,LOC-026,3.6,4
2026-06-13,LOC-026,5.0,8
2026-06-15,LOC-026,4.7,39
2026-06-15,LOC-026,4.2,6
2026-06-16,LOC-026,4.4,24
2026-06-17,LOC-026,3.9,3
2026-06-17,LOC-026,4.9,14
2026-06-18,LOC-026,4.8,10
2026-06-18,LOC-026,4.4,43
2026-06-18,LOC-026,3.8,10
2026-06-19,LOC-026,4.7,31
2026-06-20,LOC-026,4.8,20
2026-06-20,LOC-026,5.0,4
2026-06-20,LOC-026,4.7,8
2026-06-21,LOC-026,4.1,1
2026-06-21,LOC-026,4.5,17
2026-06-22,LOC-026,4.8,3
2026-06-22,LOC-026,5.0,10
2026-06-22,LOC-026,4.0,24
2026-06-22,LOC-026,4.6,1
2026-06-22,LOC-026,4.5,14
2026-06-22,LOC-026,4.2,53
2026-06-22,LOC-026,3.7,7
2026-06-23,LOC-026,4.7,30
2026-06-23,LOC-026,4.9,1
2026-06-23,LOC-026,2.9,4
2026-06-24,LOC-026,4.5,2
2026-06-24,LOC-026,4.2,12
2026-06-25,LOC-026,3.6,26
2026-06-25,LOC-026,4.0,12
2026-06-26,LOC-026,4.7,6
2026-06-26,LOC-026,4.6,11
2026-06-26,LOC-026,3.8,10
2026-06-26,LOC-026,5.0,17
2026-06-27,LOC-026,3.9,23
2026-06-27,LOC-026,4.5,35
2026-06-27,LOC-026,4.3,1
2026-06-27,LOC-026,5.0,6
2026-06-28,LOC-026,3.9,6
2026-06-28,LOC-026,3.8,2
2026-06-28,LOC-026,4.6,27
2026-06-28,LOC-026,4.6,10
2026-06-29,LOC-026,4.2,1
2026-06-29,LOC-026,4.0,1
2026-06-30,LOC-026,4.0,26
2026-06-30,LOC-026,3.9,13
2026-06-30,LOC-026,4.7,22
2026-01-01,LOC-027,5.0,15
2026-01-01,LOC-027,4.8,11
2026-01-01,LOC-027,4.6,3
2026-01-02,LOC-027,5.0,29
2026-01-02,LOC-027,4.1,20
2026-01-02,LOC-027,3.3,15
2026-01-04,LOC-027,4.5,21
2026-01-04,LOC-027,4.0,6
2026-01-04,LOC-027,4.7,19
2026-01-05,LOC-027,4.9,21
2026-01-05,LOC-027,4.3,13
2026-01-05,LOC-027,4.8,6
2026-01-05,LOC-027,3.8,9
2026-01-05,LOC-027,4.7,3
2026-01-05,LOC-027,4.4,14
2026-01-06,LOC-027,4.1,5
2026-01-06,LOC-027,3.7,18
2026-01-06,LOC-027,3.9,2
2026-01-07,LOC-027,4.1,15
2026-01-07,LOC-027,4.6,2
2026-01-08,LOC-027,4.0,14
2026-01-08,LOC-027,4.4,2
2026-01-08,LOC-027,5.0,11
2026-01-09,LOC-027,4.6,8
2026-01-09,LOC-027,4.5,35
2026-01-09,LOC-027,4.6,44
2026-01-10,LOC-027,4.6,27
2026-01-10,LOC-027,4.6,19
2026-01-10,LOC-027,5.0,24
2026-01-10,LOC-027,5.0,12
2026-01-11,LOC-027,4.3,12
2026-01-12,LOC-027,5.0,22
2026-01-12,LOC-027,5.0,17
2026-01-12,LOC-027,4.1,1
2026-01-12,LOC-027,4.6,43
2026-01-12,LOC-027,4.2,18
2026-01-12,LOC-027,5.0,8
2026-01-13,LOC-027,5.0,3
2026-01-13,LOC-027,5.0,5
2026-01-13,LOC-027,4.2,1
2026-01-13,LOC-027,4.0,43
2026-01-14,LOC-027,4.2,11
2026-01-15,LOC-027,4.6,45
2026-01-15,LOC-027,5.0,50
2026-01-15,LOC-027,4.3,16
2026-01-15,LOC-027,4.0,16
2026-01-15,LOC-027,4.5,1
2026-01-16,LOC-027,5.0,55
2026-01-16,LOC-027,5.0,3
2026-01-17,LOC-027,4.6,24
2026-01-17,LOC-027,4.1,15
2026-01-17,LOC-027,4.1,27
2026-01-17,LOC-027,5.0,9
2026-01-17,LOC-027,4.6,7
2026-01-17,LOC-027,4.9,14
2026-01-17,LOC-027,4.3,4
2026-01-18,LOC-027,5.0,11
2026-01-18,LOC-027,5.0,6
2026-01-18,LOC-027,5.0,1
2026-01-18,LOC-027,5.0,3
2026-01-19,LOC-027,5.0,13
2026-01-19,LOC-027,4.7,1
2026-01-19,LOC-027,5.0,4
2026-01-19,LOC-027,5.0,16
2026-01-20,LOC-027,5.0,19
2026-01-20,LOC-027,4.3,2
2026-01-20,LOC-027,4.7,18
2026-01-20,LOC-027,3.4,23
2026-01-20,LOC-027,4.9,7
2026-01-20,LOC-027,4.7,20
2026-01-20,LOC-027,4.1,4
2026-01-20,LOC-027,5.0,11
2026-01-21,LOC-027,4.4,1
2026-01-21,LOC-027,4.9,1
2026-01-21,LOC-027,5.0,13
2026-01-21,LOC-027,5.0,5
2026-01-22,LOC-027,4.0,8
2026-01-22,LOC-027,5.0,8
2026-01-22,LOC-027,5.0,56
2026-01-22,LOC-027,4.7,6
2026-01-24,LOC-027,4.8,1
2026-01-24,LOC-027,4.3,1
2026-01-25,LOC-027,4.5,15
2026-01-26,LOC-027,4.5,30
2026-01-27,LOC-027,4.5,29
2026-01-27,LOC-027,4.3,7
2026-01-27,LOC-027,5.0,2
2026-01-27,LOC-027,4.7,2
2026-01-27,LOC-027,4.3,1
2026-01-28,LOC-027,4.0,40
2026-01-28,LOC-027,4.8,7
2026-01-28,LOC-027,4.9,51
2026-01-29,LOC-027,4.5,7
2026-01-29,LOC-027,5.0,6
2026-01-30,LOC-027,4.8,15
2026-01-31,LOC-027,5.0,55
2026-01-31,LOC-027,4.5,2
2026-01-31,LOC-027,4.5,3
2026-01-31,LOC-027,4.5,5
2026-02-01,LOC-027,4.9,19
2026-02-01,LOC-027,4.5,1
2026-02-02,LOC-027,4.5,25
2026-02-02,LOC-027,4.0,3
2026-02-02,LOC-027,3.9,18
2026-02-02,LOC-027,5.0,11
2026-02-02,LOC-027,4.8,12
2026-02-03,LOC-027,4.5,3
2026-02-03,LOC-027,5.0,1
2026-02-03,LOC-027,3.6,1
2026-02-03,LOC-027,4.6,2
2026-02-04,LOC-027,4.7,86
2026-02-04,LOC-027,4.0,39
2026-02-04,LOC-027,5.0,8
2026-02-04,LOC-027,4.3,13
2026-02-04,LOC-027,4.8,25
2026-02-04,LOC-027,4.6,3
2026-02-05,LOC-027,5.0,3
2026-02-05,LOC-027,4.9,1
2026-02-05,LOC-027,4.3,1
2026-02-06,LOC-027,4.3,14
2026-02-06,LOC-027,5.0,13
2026-02-06,LOC-027,4.3,21
2026-02-06,LOC-027,5.0,15
2026-02-06,LOC-027,3.9,2
2026-02-06,LOC-027,4.5,1
2026-02-06,LOC-027,5.0,1
2026-02-07,LOC-027,4.8,6
2026-02-07,LOC-027,3.5,8
2026-02-07,LOC-027,4.6,36
2026-02-08,LOC-027,4.5,21
2026-02-08,LOC-027,4.5,39
2026-02-08,LOC-027,4.2,62
2026-02-09,LOC-027,5.0,30
2026-02-09,LOC-027,3.9,10
2026-02-09,LOC-027,4.7,19
2026-02-09,LOC-027,5.0,3
2026-02-10,LOC-027,5.0,3
2026-02-10,LOC-027,3.3,11
2026-02-10,LOC-027,4.2,32
2026-02-11,LOC-027,4.4,1
2026-02-11,LOC-027,3.7,8
2026-02-11,LOC-027,5.0,8
2026-02-11,LOC-027,4.9,22
2026-02-11,LOC-027,4.7,12
2026-02-11,LOC-027,4.5,2
2026-02-11,LOC-027,3.4,11
2026-02-11,LOC-027,4.3,13
2026-02-12,LOC-027,4.4,25
2026-02-12,LOC-027,4.7,9
2026-02-12,LOC-027,5.0,7
2026-02-12,LOC-027,5.0,22
2026-02-13,LOC-027,3.9,8
2026-02-13,LOC-027,4.6,12
2026-02-13,LOC-027,4.3,4
2026-02-14,LOC-027,5.0,2
2026-02-14,LOC-027,4.6,39
2026-02-14,LOC-027,5.0,5
2026-02-15,LOC-027,4.6,4
2026-02-15,LOC-027,4.8,5
2026-02-15,LOC-027,4.4,35
2026-02-16,LOC-027,4.0,33
2026-02-16,LOC-027,5.0,19
2026-02-16,LOC-027,5.0,3
2026-02-17,LOC-027,4.4,14
2026-02-17,LOC-027,4.5,9
2026-02-17,LOC-027,4.8,6
2026-02-17,LOC-027,4.0,1
2026-02-18,LOC-027,5.0,36
2026-02-18,LOC-027,4.9,7
2026-02-18,LOC-027,5.0,1
2026-02-19,LOC-027,4.8,4
2026-02-19,LOC-027,4.4,1
2026-02-20,LOC-027,4.3,55
2026-02-20,LOC-027,5.0,1
2026-02-20,LOC-027,4.5,11
2026-02-20,LOC-027,4.2,7
2026-02-21,LOC-027,5.0,29
2026-02-21,LOC-027,5.0,13
2026-02-21,LOC-027,4.9,18
2026-02-21,LOC-027,5.0,5
2026-02-22,LOC-027,5.0,15
2026-02-22,LOC-027,3.5,1
2026-02-22,LOC-027,4.7,15
2026-02-22,LOC-027,4.2,39
2026-02-22,LOC-027,5.0,7
2026-02-23,LOC-027,5.0,3
2026-02-23,LOC-027,4.7,7
2026-02-23,LOC-027,3.8,16
2026-02-24,LOC-027,4.7,5
2026-02-24,LOC-027,3.8,5
2026-02-25,LOC-027,4.6,5
2026-02-25,LOC-027,5.0,30
2026-02-25,LOC-027,4.1,6
2026-02-25,LOC-027,4.5,5
2026-02-25,LOC-027,5.0,18
2026-02-26,LOC-027,5.0,8
2026-02-26,LOC-027,4.0,4
2026-02-27,LOC-027,4.3,1
2026-02-27,LOC-027,5.0,1
2026-02-27,LOC-027,4.8,4
2026-02-27,LOC-027,4.1,1
2026-02-27,LOC-027,4.6,5
2026-02-27,LOC-027,5.0,11
2026-02-28,LOC-027,4.0,22
2026-02-28,LOC-027,5.0,5
2026-02-28,LOC-027,3.9,14
2026-02-28,LOC-027,4.7,9
2026-02-28,LOC-027,4.6,36
2026-02-28,LOC-027,4.1,16
2026-03-01,LOC-027,5.0,12
2026-03-01,LOC-027,4.5,6
2026-03-01,LOC-027,4.4,7
2026-03-01,LOC-027,4.9,2
2026-03-01,LOC-027,4.8,34
2026-03-01,LOC-027,4.3,23
2026-03-02,LOC-027,4.7,22
2026-03-02,LOC-027,5.0,11
2026-03-03,LOC-027,3.6,2
2026-03-03,LOC-027,4.1,31
2026-03-03,LOC-027,3.9,10
2026-03-03,LOC-027,5.0,2
2026-03-03,LOC-027,4.7,2
2026-03-04,LOC-027,4.2,6
2026-03-04,LOC-027,5.0,27
2026-03-04,LOC-027,4.7,28
2026-03-05,LOC-027,4.8,26
2026-03-05,LOC-027,5.0,2
2026-03-05,LOC-027,4.0,23
2026-03-05,LOC-027,5.0,36
2026-03-05,LOC-027,5.0,4
2026-03-06,LOC-027,4.1,19
2026-03-06,LOC-027,5.0,22
2026-03-07,LOC-027,4.1,2
2026-03-07,LOC-027,4.5,25
2026-03-07,LOC-027,4.1,23
2026-03-08,LOC-027,5.0,36
2026-03-08,LOC-027,5.0,21
2026-03-08,LOC-027,4.4,1
2026-03-09,LOC-027,4.8,36
2026-03-09,LOC-027,5.0,8
2026-03-09,LOC-027,3.8,4
2026-03-09,LOC-027,5.0,23
2026-03-10,LOC-027,5.0,7
2026-03-10,LOC-027,4.8,8
2026-03-11,LOC-027,4.7,20
2026-03-11,LOC-027,4.2,6
2026-03-11,LOC-027,4.6,41
2026-03-12,LOC-027,4.4,8
2026-03-12,LOC-027,4.2,7
2026-03-12,LOC-027,4.2,5
2026-03-12,LOC-027,4.1,5
2026-03-13,LOC-027,4.9,7
2026-03-13,LOC-027,4.3,3
2026-03-14,LOC-027,5.0,21
2026-03-14,LOC-027,4.5,4
2026-03-15,LOC-027,5.0,35
2026-03-15,LOC-027,4.0,59
2026-03-16,LOC-027,4.0,15
2026-03-17,LOC-027,5.0,13
2026-03-18,LOC-027,4.4,1
2026-03-19,LOC-027,3.8,12
2026-03-19,LOC-027,3.7,4
2026-03-19,LOC-027,5.0,10
2026-03-19,LOC-027,5.0,3
2026-03-19,LOC-027,4.7,13
2026-03-19,LOC-027,4.9,1
2026-03-20,LOC-027,3.9,11
2026-03-20,LOC-027,5.0,8
2026-03-21,LOC-027,4.6,10
2026-03-21,LOC-027,4.8,10
2026-03-21,LOC-027,4.3,10
2026-03-21,LOC-027,5.0,3
2026-03-21,LOC-027,4.1,45
2026-03-22,LOC-027,4.5,17
2026-03-22,LOC-027,5.0,1
2026-03-23,LOC-027,5.0,20
2026-03-23,LOC-027,5.0,4
2026-03-23,LOC-027,3.5,11
2026-03-23,LOC-027,3.7,16
2026-03-24,LOC-027,4.4,6
2026-03-24,LOC-027,5.0,3
2026-03-24,LOC-027,3.5,22
2026-03-25,LOC-027,5.0,8
2026-03-26,LOC-027,4.7,17
2026-03-26,LOC-027,4.9,3
2026-03-26,LOC-027,4.9,20
2026-03-26,LOC-027,3.6,14
2026-03-27,LOC-027,3.4,1
2026-03-27,LOC-027,5.0,1
2026-03-27,LOC-027,4.7,1
2026-03-27,LOC-027,5.0,23
2026-03-28,LOC-027,4.0,2
2026-03-28,LOC-027,4.8,7
2026-03-28,LOC-027,4.2,28
2026-03-28,LOC-027,4.2,29
2026-03-29,LOC-027,3.7,20
2026-03-29,LOC-027,3.7,2
2026-03-29,LOC-027,5.0,36
2026-03-30,LOC-027,5.0,29
2026-03-31,LOC-027,5.0,17
2026-03-31,LOC-027,5.0,20
2026-04-01,LOC-027,4.6,3
2026-04-01,LOC-027,3.6,59
2026-04-02,LOC-027,5.0,49
2026-04-02,LOC-027,5.0,47
2026-04-02,LOC-027,4.8,16
2026-04-03,LOC-027,5.0,35
2026-04-03,LOC-027,4.8,16
2026-04-03,LOC-027,4.5,11
2026-04-03,LOC-027,5.0,8
2026-04-04,LOC-027,4.5,7
2026-04-04,LOC-027,4.5,2
2026-04-04,LOC-027,4.6,13
2026-04-04,LOC-027,3.4,9
2026-04-05,LOC-027,4.9,1
2026-04-06,LOC-027,4.0,7
2026-04-06,LOC-027,4.7,20
2026-04-06,LOC-027,4.4,3
2026-04-07,LOC-027,4.7,4
2026-04-07,LOC-027,4.8,11
2026-04-07,LOC-027,4.4,2
2026-04-08,LOC-027,5.0,20
2026-04-08,LOC-027,5.0,7
2026-04-09,LOC-027,5.0,18
2026-04-10,LOC-027,4.5,4
2026-04-10,LOC-027,4.8,11
2026-04-11,LOC-027,4.7,48
2026-04-11,LOC-027,3.8,28
2026-04-11,LOC-027,4.9,6
2026-04-11,LOC-027,5.0,1
2026-04-12,LOC-027,5.0,11
2026-04-12,LOC-027,4.6,32
2026-04-12,LOC-027,4.8,16
2026-04-13,LOC-027,5.0,24
2026-04-13,LOC-027,5.0,15
2026-04-13,LOC-027,4.9,20
2026-04-13,LOC-027,4.4,37
2026-04-14,LOC-027,4.5,1
2026-04-14,LOC-027,4.7,14
2026-04-14,LOC-027,4.9,14
2026-04-14,LOC-027,4.7,3
2026-04-14,LOC-027,4.3,3
2026-04-15,LOC-027,4.6,13
2026-04-15,LOC-027,4.8,2
2026-04-16,LOC-027,4.6,11
2026-04-16,LOC-027,4.4,5
2026-04-16,LOC-027,4.2,22
2026-04-17,LOC-027,4.2,20
2026-04-17,LOC-027,3.7,8
2026-04-18,LOC-027,5.0,40
2026-04-18,LOC-027,4.1,8
2026-04-18,LOC-027,4.5,10
2026-04-18,LOC-027,4.4,14
2026-04-19,LOC-027,5.0,5
2026-04-20,LOC-027,4.3,35
2026-04-20,LOC-027,4.1,1
2026-04-20,LOC-027,3.9,14
2026-04-20,LOC-027,4.6,5
2026-04-21,LOC-027,5.0,1
2026-04-21,LOC-027,4.9,9
2026-04-21,LOC-027,5.0,14
2026-04-21,LOC-027,4.6,14
2026-04-21,LOC-027,5.0,1
2026-04-22,LOC-027,4.2,11
2026-04-22,LOC-027,5.0,23
2026-04-23,LOC-027,4.0,14
2026-04-24,LOC-027,4.0,1
2026-04-24,LOC-027,4.5,3
2026-04-24,LOC-027,4.5,6
2026-04-24,LOC-027,4.4,26
2026-04-25,LOC-027,4.9,5
2026-04-25,LOC-027,5.0,48
2026-04-25,LOC-027,4.6,5
2026-04-26,LOC-027,4.6,2
2026-04-26,LOC-027,4.2,34
2026-04-26,LOC-027,4.3,12
2026-04-26,LOC-027,4.9,16
2026-04-27,LOC-027,4.6,1
2026-04-28,LOC-027,4.3,33
2026-04-28,LOC-027,4.6,13
2026-04-28,LOC-027,4.5,13
2026-04-29,LOC-027,5.0,14
2026-04-29,LOC-027,4.1,12
2026-04-29,LOC-027,4.6,26
2026-04-29,LOC-027,5.0,4
2026-04-29,LOC-027,4.8,8
2026-05-01,LOC-027,4.5,34
2026-05-01,LOC-027,3.8,20
2026-05-01,LOC-027,4.7,7
2026-05-01,LOC-027,4.2,1
2026-05-01,LOC-027,5.0,10
2026-05-02,LOC-027,4.8,8
2026-05-02,LOC-027,3.7,5
2026-05-02,LOC-027,4.4,29
2026-05-02,LOC-027,5.0,14
2026-05-03,LOC-027,4.7,1
2026-05-03,LOC-027,4.7,21
2026-05-03,LOC-027,5.0,12
2026-05-03,LOC-027,4.6,31
2026-05-04,LOC-027,4.2,4
2026-05-04,LOC-027,4.1,1
2026-05-04,LOC-027,4.7,11
2026-05-06,LOC-027,4.8,21
2026-05-06,LOC-027,4.4,61
2026-05-06,LOC-027,4.5,53
2026-05-06,LOC-027,4.6,4
2026-05-07,LOC-027,4.4,74
2026-05-07,LOC-027,4.7,3
2026-05-08,LOC-027,5.0,19
2026-05-08,LOC-027,4.6,30
2026-05-08,LOC-027,4.3,7
2026-05-08,LOC-027,4.8,7
2026-05-09,LOC-027,4.9,17
2026-05-09,LOC-027,4.3,6
2026-05-10,LOC-027,5.0,10
2026-05-10,LOC-027,5.0,5
2026-05-12,LOC-027,5.0,13
2026-05-13,LOC-027,4.5,13
2026-05-13,LOC-027,4.9,14
2026-05-13,LOC-027,4.6,16
2026-05-13,LOC-027,4.6,1
2026-05-14,LOC-027,5.0,12
2026-05-14,LOC-027,4.6,9
2026-05-14,LOC-027,4.8,3
2026-05-15,LOC-027,3.8,16
2026-05-15,LOC-027,4.7,2
2026-05-15,LOC-027,4.3,8
2026-05-15,LOC-027,4.5,4
2026-05-16,LOC-027,5.0,35
2026-05-16,LOC-027,3.9,3
2026-05-16,LOC-027,4.0,2
2026-05-16,LOC-027,5.0,4
2026-05-17,LOC-027,4.3,11
2026-05-17,LOC-027,4.6,4
2026-05-17,LOC-027,4.5,1
2026-05-18,LOC-027,4.0,1
2026-05-18,LOC-027,4.0,44
2026-05-18,LOC-027,5.0,4
2026-05-19,LOC-027,4.2,5
2026-05-19,LOC-027,4.9,52
2026-05-19,LOC-027,5.0,30
2026-05-20,LOC-027,4.3,24
2026-05-20,LOC-027,4.1,52
2026-05-21,LOC-027,4.9,1
2026-05-21,LOC-027,4.8,27
2026-05-22,LOC-027,4.2,6
2026-05-22,LOC-027,4.0,11
2026-05-22,LOC-027,4.2,10
2026-05-22,LOC-027,4.5,4
2026-05-22,LOC-027,4.4,5
2026-05-23,LOC-027,5.0,7
2026-05-23,LOC-027,4.7,8
2026-05-24,LOC-027,4.6,20
2026-05-24,LOC-027,4.9,18
2026-05-24,LOC-027,5.0,32
2026-05-24,LOC-027,4.5,19
2026-05-25,LOC-027,5.0,14
2026-05-25,LOC-027,5.0,25
2026-05-25,LOC-027,5.0,1
2026-05-26,LOC-027,5.0,3
2026-05-26,LOC-027,4.3,29
2026-05-26,LOC-027,4.0,4
2026-05-26,LOC-027,4.7,2
2026-05-27,LOC-027,5.0,6
2026-05-27,LOC-027,4.9,14
2026-05-27,LOC-027,5.0,14
2026-05-27,LOC-027,4.4,23
2026-05-28,LOC-027,4.7,27
2026-05-28,LOC-027,4.8,34
2026-05-28,LOC-027,4.9,17
2026-05-29,LOC-027,4.2,1
2026-05-30,LOC-027,4.4,4
2026-05-30,LOC-027,4.8,34
2026-05-31,LOC-027,5.0,1
2026-05-31,LOC-027,4.2,4
2026-05-31,LOC-027,4.8,7
2026-05-31,LOC-027,4.4,9
2026-06-01,LOC-027,4.8,7
2026-06-01,LOC-027,4.4,13
2026-06-01,LOC-027,5.0,16
2026-06-02,LOC-027,4.6,12
2026-06-02,LOC-027,5.0,1
2026-06-02,LOC-027,3.2,22
2026-06-03,LOC-027,5.0,7
2026-06-03,LOC-027,5.0,49
2026-06-04,LOC-027,4.2,6
2026-06-04,LOC-027,5.0,12
2026-06-05,LOC-027,4.6,1
2026-06-06,LOC-027,4.0,4
2026-06-06,LOC-027,4.6,13
2026-06-07,LOC-027,4.5,3
2026-06-07,LOC-027,5.0,20
2026-06-07,LOC-027,4.3,4
2026-06-08,LOC-027,4.3,5
2026-06-08,LOC-027,5.0,4
2026-06-09,LOC-027,5.0,9
2026-06-09,LOC-027,4.6,17
2026-06-10,LOC-027,4.8,20
2026-06-10,LOC-027,4.9,12
2026-06-10,LOC-027,4.8,61
2026-06-10,LOC-027,4.0,10
2026-06-10,LOC-027,4.9,8
2026-06-11,LOC-027,5.0,7
2026-06-11,LOC-027,4.9,18
2026-06-11,LOC-027,4.6,1
2026-06-11,LOC-027,4.9,16
2026-06-11,LOC-027,4.8,8
2026-06-11,LOC-027,3.8,23
2026-06-12,LOC-027,3.3,15
2026-06-13,LOC-027,3.5,11
2026-06-13,LOC-027,4.9,1
2026-06-13,LOC-027,5.0,41
2026-06-13,LOC-027,4.5,1
2026-06-13,LOC-027,4.3,3
2026-06-13,LOC-027,4.9,21
2026-06-13,LOC-027,4.7,12
2026-06-14,LOC-027,5.0,2
2026-06-14,LOC-027,4.4,10
2026-06-14,LOC-027,5.0,1
2026-06-14,LOC-027,5.0,4
2026-06-15,LOC-027,3.4,11
2026-06-15,LOC-027,5.0,19
2026-06-15,LOC-027,5.0,1
2026-06-16,LOC-027,5.0,33
2026-06-16,LOC-027,4.0,30
2026-06-16,LOC-027,5.0,2
2026-06-16,LOC-027,5.0,4
2026-06-16,LOC-027,4.8,17
2026-06-17,LOC-027,4.3,12
2026-06-17,LOC-027,4.1,3
2026-06-17,LOC-027,4.9,5
2026-06-18,LOC-027,4.0,23
2026-06-18,LOC-027,4.9,21
2026-06-18,LOC-027,4.5,22
2026-06-19,LOC-027,4.9,8
2026-06-19,LOC-027,4.2,13
2026-06-19,LOC-027,4.8,24
2026-06-19,LOC-027,4.4,15
2026-06-19,LOC-027,4.3,6
2026-06-19,LOC-027,3.9,19
2026-06-20,LOC-027,4.6,34
2026-06-20,LOC-027,4.6,10
2026-06-20,LOC-027,5.0,5
2026-06-20,LOC-027,5.0,49
2026-06-21,LOC-027,4.7,2
2026-06-22,LOC-027,4.4,14
2026-06-22,LOC-027,4.0,11
2026-06-23,LOC-027,5.0,22
2026-06-23,LOC-027,4.3,15
2026-06-23,LOC-027,5.0,54
2026-06-23,LOC-027,4.1,8
2026-06-24,LOC-027,4.1,1
2026-06-25,LOC-027,4.5,54
2026-06-25,LOC-027,4.5,9
2026-06-25,LOC-027,4.3,4
2026-06-26,LOC-027,5.0,32
2026-06-26,LOC-027,4.4,3
2026-06-26,LOC-027,5.0,5
2026-06-26,LOC-027,4.5,30
2026-06-26,LOC-027,4.5,3
2026-06-26,LOC-027,4.3,1
2026-06-27,LOC-027,4.3,21
2026-06-27,LOC-027,4.4,1
2026-06-27,LOC-027,3.8,65
2026-06-27,LOC-027,4.2,12
2026-06-28,LOC-027,5.0,5
2026-06-28,LOC-027,4.3,7
2026-06-28,LOC-027,4.5,8
2026-06-29,LOC-027,4.9,4
2026-06-29,LOC-027,5.0,29
2026-06-30,LOC-027,4.7,8
2026-06-30,LOC-027,4.9,3
2026-06-30,LOC-027,5.0,18
2026-01-01,LOC-028,4.1,26
2026-01-01,LOC-028,4.8,1
2026-01-01,LOC-028,4.6,4
2026-01-02,LOC-028,4.7,5
2026-01-02,LOC-028,3.7,28
2026-01-02,LOC-028,4.7,8
2026-01-02,LOC-028,4.3,1
2026-01-02,LOC-028,4.3,39
2026-01-03,LOC-028,5.0,22
2026-01-03,LOC-028,5.0,1
2026-01-03,LOC-028,4.3,16
2026-01-04,LOC-028,4.4,1
2026-01-04,LOC-028,4.9,24
2026-01-04,LOC-028,4.8,12
2026-01-05,LOC-028,4.9,12
2026-01-05,LOC-028,4.9,7
2026-01-06,LOC-028,4.3,32
2026-01-06,LOC-028,3.3,1
2026-01-06,LOC-028,4.4,20
2026-01-06,LOC-028,4.5,33
2026-01-06,LOC-028,4.1,4
2026-01-06,LOC-028,5.0,23
2026-01-06,LOC-028,4.1,1
2026-01-07,LOC-028,4.8,10
2026-01-07,LOC-028,4.5,1
2026-01-08,LOC-028,4.5,3
2026-01-08,LOC-028,4.6,5
2026-01-08,LOC-028,4.9,23
2026-01-08,LOC-028,4.4,7
2026-01-08,LOC-028,4.5,39
2026-01-08,LOC-028,4.5,1
2026-01-09,LOC-028,3.8,84
2026-01-10,LOC-028,4.3,5
2026-01-10,LOC-028,4.3,33
2026-01-10,LOC-028,5.0,5
2026-01-11,LOC-028,4.8,14
2026-01-11,LOC-028,4.8,1
2026-01-11,LOC-028,4.4,6
2026-01-11,LOC-028,4.7,7
2026-01-11,LOC-028,4.8,7
2026-01-12,LOC-028,3.9,9
2026-01-12,LOC-028,4.8,36
2026-01-13,LOC-028,4.7,3
2026-01-14,LOC-028,4.7,22
2026-01-14,LOC-028,4.9,3
2026-01-14,LOC-028,4.1,1
2026-01-14,LOC-028,4.6,2
2026-01-14,LOC-028,5.0,6
2026-01-14,LOC-028,4.0,25
2026-01-15,LOC-028,3.9,2
2026-01-15,LOC-028,4.5,8
2026-01-15,LOC-028,4.3,42
2026-01-16,LOC-028,4.1,1
2026-01-16,LOC-028,4.9,8
2026-01-16,LOC-028,4.6,17
2026-01-17,LOC-028,4.2,9
2026-01-18,LOC-028,5.0,17
2026-01-18,LOC-028,4.9,9
2026-01-19,LOC-028,5.0,24
2026-01-20,LOC-028,4.2,22
2026-01-20,LOC-028,4.6,34
2026-01-20,LOC-028,4.9,3
2026-01-21,LOC-028,4.5,7
2026-01-22,LOC-028,3.9,9
2026-01-22,LOC-028,4.3,1
2026-01-23,LOC-028,4.8,12
2026-01-23,LOC-028,4.7,1
2026-01-23,LOC-028,3.8,14
2026-01-23,LOC-028,4.5,8
2026-01-23,LOC-028,4.6,1
2026-01-23,LOC-028,4.7,1
2026-01-23,LOC-028,4.7,30
2026-01-24,LOC-028,4.1,9
2026-01-24,LOC-028,4.7,38
2026-01-24,LOC-028,3.8,9
2026-01-25,LOC-028,4.5,14
2026-01-25,LOC-028,4.8,9
2026-01-25,LOC-028,3.5,6
2026-01-26,LOC-028,4.3,2
2026-01-27,LOC-028,4.2,22
2026-01-27,LOC-028,4.5,5
2026-01-27,LOC-028,4.8,26
2026-01-27,LOC-028,4.9,3
2026-01-27,LOC-028,3.9,13
2026-01-27,LOC-028,4.7,1
2026-01-28,LOC-028,5.0,39
2026-01-28,LOC-028,4.6,4
2026-01-28,LOC-028,4.2,13
2026-01-28,LOC-028,4.6,24
2026-01-29,LOC-028,4.7,16
2026-01-29,LOC-028,4.3,23
2026-01-29,LOC-028,4.8,5
2026-01-29,LOC-028,4.0,23
2026-01-29,LOC-028,4.8,4
2026-01-29,LOC-028,5.0,36
2026-01-29,LOC-028,4.6,12
2026-01-31,LOC-028,4.9,7
2026-01-31,LOC-028,4.3,9
2026-01-31,LOC-028,4.7,19
2026-01-31,LOC-028,5.0,18
2026-02-01,LOC-028,5.0,2
2026-02-01,LOC-028,5.0,44
2026-02-01,LOC-028,4.5,5
2026-02-01,LOC-028,4.5,12
2026-02-01,LOC-028,3.6,1
2026-02-02,LOC-028,4.6,7
2026-02-02,LOC-028,4.6,19
2026-02-02,LOC-028,4.3,22
2026-02-02,LOC-028,4.8,6
2026-02-02,LOC-028,4.4,9
2026-02-02,LOC-028,4.9,54
2026-02-03,LOC-028,4.6,1
2026-02-03,LOC-028,3.9,10
2026-02-03,LOC-028,4.2,32
2026-02-05,LOC-028,5.0,7
2026-02-05,LOC-028,4.7,31
2026-02-05,LOC-028,5.0,38
2026-02-05,LOC-028,4.6,10
2026-02-05,LOC-028,4.4,1
2026-02-05,LOC-028,5.0,29
2026-02-06,LOC-028,5.0,20
2026-02-06,LOC-028,4.2,1
2026-02-07,LOC-028,4.7,6
2026-02-08,LOC-028,4.1,64
2026-02-08,LOC-028,4.0,92
2026-02-08,LOC-028,5.0,13
2026-02-09,LOC-028,4.5,2
2026-02-09,LOC-028,3.9,4
2026-02-09,LOC-028,4.7,15
2026-02-09,LOC-028,4.5,1
2026-02-09,LOC-028,5.0,6
2026-02-09,LOC-028,4.8,3
2026-02-09,LOC-028,4.7,28
2026-02-10,LOC-028,4.8,10
2026-02-10,LOC-028,4.1,16
2026-02-11,LOC-028,5.0,21
2026-02-11,LOC-028,4.1,12
2026-02-11,LOC-028,4.9,3
2026-02-11,LOC-028,4.3,22
2026-02-11,LOC-028,4.3,34
2026-02-12,LOC-028,4.5,37
2026-02-13,LOC-028,4.6,15
2026-02-13,LOC-028,5.0,15
2026-02-14,LOC-028,4.2,10
2026-02-14,LOC-028,5.0,5
2026-02-14,LOC-028,4.4,5
2026-02-14,LOC-028,4.2,5
2026-02-14,LOC-028,4.3,1
2026-02-15,LOC-028,4.8,8
2026-02-15,LOC-028,4.0,1
2026-02-15,LOC-028,4.9,20
2026-02-15,LOC-028,4.8,55
2026-02-15,LOC-028,5.0,5
2026-02-16,LOC-028,4.9,4
2026-02-17,LOC-028,4.3,10
2026-02-17,LOC-028,4.3,1
2026-02-17,LOC-028,4.2,5
2026-02-17,LOC-028,5.0,20
2026-02-18,LOC-028,5.0,9
2026-02-18,LOC-028,3.7,1
2026-02-18,LOC-028,4.7,23
2026-02-19,LOC-028,3.7,3
2026-02-19,LOC-028,3.9,2
2026-02-20,LOC-028,5.0,4
2026-02-20,LOC-028,4.5,12
2026-02-20,LOC-028,5.0,3
2026-02-22,LOC-028,4.0,35
2026-02-22,LOC-028,3.6,42
2026-02-23,LOC-028,4.1,7
2026-02-23,LOC-028,4.0,18
2026-02-23,LOC-028,3.9,11
2026-02-23,LOC-028,4.6,18
2026-02-24,LOC-028,5.0,1
2026-02-24,LOC-028,4.7,7
2026-02-24,LOC-028,5.0,3
2026-02-25,LOC-028,5.0,4
2026-02-25,LOC-028,3.9,9
2026-02-25,LOC-028,3.6,17
2026-02-26,LOC-028,4.5,8
2026-02-26,LOC-028,3.7,12
2026-02-28,LOC-028,4.4,30
2026-02-28,LOC-028,4.7,5
2026-02-28,LOC-028,4.0,1
2026-02-28,LOC-028,4.7,10
2026-02-28,LOC-028,5.0,8
2026-02-28,LOC-028,4.0,14
2026-02-28,LOC-028,5.0,14
2026-03-01,LOC-028,4.7,11
2026-03-01,LOC-028,4.1,8
2026-03-01,LOC-028,4.4,19
2026-03-01,LOC-028,3.6,11
2026-03-01,LOC-028,3.9,4
2026-03-01,LOC-028,3.9,31
2026-03-02,LOC-028,4.2,1
2026-03-02,LOC-028,5.0,9
2026-03-02,LOC-028,4.4,14
2026-03-04,LOC-028,4.2,3
2026-03-04,LOC-028,4.3,18
2026-03-04,LOC-028,4.4,4
2026-03-04,LOC-028,3.6,14
2026-03-05,LOC-028,4.1,16
2026-03-05,LOC-028,5.0,1
2026-03-05,LOC-028,4.1,5
2026-03-05,LOC-028,4.9,9
2026-03-06,LOC-028,4.8,3
2026-03-06,LOC-028,4.8,20
2026-03-06,LOC-028,5.0,41
2026-03-07,LOC-028,4.7,3
2026-03-07,LOC-028,4.3,12
2026-03-07,LOC-028,5.0,34
2026-03-07,LOC-028,4.3,2
2026-03-07,LOC-028,3.9,10
2026-03-07,LOC-028,4.5,3
2026-03-08,LOC-028,5.0,10
2026-03-08,LOC-028,5.0,38
2026-03-08,LOC-028,5.0,3
2026-03-09,LOC-028,4.7,2
2026-03-10,LOC-028,4.2,13
2026-03-10,LOC-028,4.5,1
2026-03-12,LOC-028,5.0,49
2026-03-12,LOC-028,4.4,20
2026-03-12,LOC-028,4.0,7
2026-03-12,LOC-028,4.0,7
2026-03-13,LOC-028,5.0,27
2026-03-13,LOC-028,4.1,22
2026-03-13,LOC-028,4.9,33
2026-03-14,LOC-028,4.9,8
2026-03-14,LOC-028,4.7,22
2026-03-14,LOC-028,5.0,32
2026-03-14,LOC-028,4.7,65
2026-03-15,LOC-028,4.5,1
2026-03-15,LOC-028,4.7,35
2026-03-15,LOC-028,4.5,1
2026-03-16,LOC-028,4.2,20
2026-03-16,LOC-028,3.7,14
2026-03-16,LOC-028,5.0,1
2026-03-17,LOC-028,5.0,18
2026-03-17,LOC-028,4.9,38
2026-03-18,LOC-028,4.6,6
2026-03-18,LOC-028,5.0,2
2026-03-18,LOC-028,4.6,18
2026-03-18,LOC-028,5.0,24
2026-03-18,LOC-028,4.5,13
2026-03-19,LOC-028,4.8,13
2026-03-19,LOC-028,3.7,68
2026-03-19,LOC-028,4.5,35
2026-03-20,LOC-028,4.9,3
2026-03-20,LOC-028,5.0,71
2026-03-21,LOC-028,4.5,6
2026-03-21,LOC-028,5.0,38
2026-03-21,LOC-028,4.6,21
2026-03-22,LOC-028,4.7,32
2026-03-22,LOC-028,4.8,18
2026-03-24,LOC-028,3.7,13
2026-03-25,LOC-028,5.0,5
2026-03-25,LOC-028,4.5,13
2026-03-25,LOC-028,4.5,9
2026-03-26,LOC-028,5.0,23
2026-03-26,LOC-028,4.6,3
2026-03-27,LOC-028,5.0,11
2026-03-27,LOC-028,5.0,9
2026-03-27,LOC-028,4.3,39
2026-03-28,LOC-028,4.8,16
2026-03-28,LOC-028,4.9,27
2026-03-28,LOC-028,4.9,2
2026-03-28,LOC-028,4.0,15
2026-03-29,LOC-028,3.6,3
2026-03-29,LOC-028,5.0,31
2026-03-30,LOC-028,4.9,1
2026-03-30,LOC-028,4.6,1
2026-03-31,LOC-028,4.8,7
2026-03-31,LOC-028,4.9,2
2026-04-01,LOC-028,4.6,35
2026-04-01,LOC-028,4.3,4
2026-04-01,LOC-028,4.8,58
2026-04-02,LOC-028,5.0,13
2026-04-02,LOC-028,4.6,14
2026-04-02,LOC-028,4.9,8
2026-04-03,LOC-028,4.2,3
2026-04-03,LOC-028,4.6,3
2026-04-03,LOC-028,3.5,38
2026-04-03,LOC-028,4.0,4
2026-04-03,LOC-028,4.0,2
2026-04-04,LOC-028,4.0,24
2026-04-04,LOC-028,4.7,17
2026-04-04,LOC-028,4.3,6
2026-04-04,LOC-028,4.8,24
2026-04-04,LOC-028,4.1,15
2026-04-04,LOC-028,4.7,56
2026-04-04,LOC-028,5.0,12
2026-04-04,LOC-028,4.2,1
2026-04-04,LOC-028,4.3,13
2026-04-05,LOC-028,4.3,1
2026-04-05,LOC-028,4.5,53
2026-04-05,LOC-028,4.1,11
2026-04-05,LOC-028,3.9,8
2026-04-05,LOC-028,4.4,17
2026-04-05,LOC-028,3.9,3
2026-04-06,LOC-028,4.1,4
2026-04-06,LOC-028,5.0,6
2026-04-06,LOC-028,5.0,14
2026-04-07,LOC-028,4.6,1
2026-04-09,LOC-028,4.4,38
2026-04-10,LOC-028,4.7,2
2026-04-10,LOC-028,4.1,67
2026-04-10,LOC-028,4.3,59
2026-04-11,LOC-028,4.4,8
2026-04-11,LOC-028,4.5,28
2026-04-11,LOC-028,3.5,25
2026-04-11,LOC-028,4.5,7
2026-04-11,LOC-028,4.0,25
2026-04-12,LOC-028,4.3,5
2026-04-12,LOC-028,4.0,11
2026-04-12,LOC-028,5.0,6
2026-04-13,LOC-028,4.5,14
2026-04-14,LOC-028,4.5,8
2026-04-14,LOC-028,4.8,25
2026-04-14,LOC-028,5.0,11
2026-04-15,LOC-028,5.0,10
2026-04-15,LOC-028,4.5,43
2026-04-16,LOC-028,4.5,13
2026-04-16,LOC-028,5.0,10
2026-04-18,LOC-028,5.0,1
2026-04-18,LOC-028,4.9,14
2026-04-19,LOC-028,4.2,34
2026-04-19,LOC-028,4.8,2
2026-04-19,LOC-028,4.4,19
2026-04-19,LOC-028,4.5,31
2026-04-19,LOC-028,4.7,49
2026-04-19,LOC-028,4.4,29
2026-04-19,LOC-028,5.0,41
2026-04-20,LOC-028,4.5,16
2026-04-21,LOC-028,4.9,10
2026-04-21,LOC-028,4.6,33
2026-04-21,LOC-028,4.5,6
2026-04-21,LOC-028,5.0,13
2026-04-23,LOC-028,4.1,1
2026-04-23,LOC-028,4.5,28
2026-04-24,LOC-028,4.4,7
2026-04-24,LOC-028,4.2,6
2026-04-24,LOC-028,4.6,9
2026-04-25,LOC-028,4.1,40
2026-04-25,LOC-028,4.3,2
2026-04-26,LOC-028,4.2,1
2026-04-26,LOC-028,3.9,9
2026-04-27,LOC-028,4.4,2
2026-04-27,LOC-028,4.5,10
2026-04-28,LOC-028,3.5,8
2026-04-28,LOC-028,4.8,5
2026-04-29,LOC-028,5.0,1
2026-04-29,LOC-028,4.7,1
2026-04-29,LOC-028,4.6,3
2026-04-29,LOC-028,3.3,1
2026-04-30,LOC-028,4.5,2
2026-05-01,LOC-028,3.9,8
2026-05-01,LOC-028,3.8,23
2026-05-01,LOC-028,4.8,22
2026-05-02,LOC-028,4.5,9
2026-05-03,LOC-028,4.8,27
2026-05-03,LOC-028,4.2,12
2026-05-03,LOC-028,4.5,5
2026-05-04,LOC-028,4.4,19
2026-05-04,LOC-028,4.8,9
2026-05-04,LOC-028,5.0,1
2026-05-04,LOC-028,5.0,1
2026-05-05,LOC-028,4.5,12
2026-05-05,LOC-028,4.5,10
2026-05-06,LOC-028,4.9,8
2026-05-06,LOC-028,4.8,25
2026-05-06,LOC-028,4.4,1
2026-05-06,LOC-028,4.2,3
2026-05-07,LOC-028,4.9,2
2026-05-07,LOC-028,4.1,1
2026-05-07,LOC-028,4.6,26
2026-05-07,LOC-028,4.2,3
2026-05-08,LOC-028,4.3,14
2026-05-08,LOC-028,3.8,1
2026-05-09,LOC-028,4.6,44
2026-05-09,LOC-028,4.0,19
2026-05-09,LOC-028,4.5,22
2026-05-09,LOC-028,4.4,3
2026-05-10,LOC-028,4.0,16
2026-05-10,LOC-028,4.4,10
2026-05-11,LOC-028,4.3,9
2026-05-11,LOC-028,4.7,1
2026-05-12,LOC-028,4.6,19
2026-05-12,LOC-028,4.1,2
2026-05-12,LOC-028,4.5,1
2026-05-13,LOC-028,4.0,22
2026-05-13,LOC-028,4.9,12
2026-05-13,LOC-028,5.0,1
2026-05-13,LOC-028,4.5,7
2026-05-13,LOC-028,4.3,31
2026-05-14,LOC-028,4.5,2
2026-05-14,LOC-028,4.2,16
2026-05-14,LOC-028,5.0,31
2026-05-14,LOC-028,5.0,4
2026-05-15,LOC-028,4.6,3
2026-05-15,LOC-028,4.9,7
2026-05-15,LOC-028,3.8,2
2026-05-15,LOC-028,4.6,26
2026-05-15,LOC-028,4.2,12
2026-05-16,LOC-028,4.3,9
2026-05-16,LOC-028,4.9,12
2026-05-16,LOC-028,4.8,51
2026-05-16,LOC-028,4.3,6
2026-05-17,LOC-028,4.3,3
2026-05-17,LOC-028,4.9,5
2026-05-17,LOC-028,4.2,4
2026-05-17,LOC-028,4.6,2
2026-05-17,LOC-028,5.0,11
2026-05-17,LOC-028,4.3,1
2026-05-18,LOC-028,4.4,7
2026-05-18,LOC-028,4.6,36
2026-05-18,LOC-028,4.8,2
2026-05-18,LOC-028,4.1,7
2026-05-18,LOC-028,5.0,9
2026-05-19,LOC-028,5.0,40
2026-05-19,LOC-028,4.6,8
2026-05-19,LOC-028,4.8,2
2026-05-19,LOC-028,4.2,14
2026-05-19,LOC-028,4.5,8
2026-05-20,LOC-028,4.8,6
2026-05-20,LOC-028,4.2,49
2026-05-20,LOC-028,5.0,5
2026-05-20,LOC-028,4.3,1
2026-05-20,LOC-028,4.2,32
2026-05-21,LOC-028,5.0,1
2026-05-21,LOC-028,4.7,25
2026-05-21,LOC-028,4.6,5
2026-05-22,LOC-028,4.0,2
2026-05-22,LOC-028,4.1,2
2026-05-23,LOC-028,5.0,24
2026-05-23,LOC-028,4.5,8
2026-05-23,LOC-028,4.3,7
2026-05-23,LOC-028,4.2,1
2026-05-23,LOC-028,5.0,1
2026-05-23,LOC-028,4.4,21
2026-05-23,LOC-028,4.8,2
2026-05-24,LOC-028,4.1,6
2026-05-24,LOC-028,4.9,37
2026-05-24,LOC-028,4.5,1
2026-05-24,LOC-028,4.5,51
2026-05-25,LOC-028,4.8,3
2026-05-25,LOC-028,5.0,25
2026-05-26,LOC-028,4.3,9
2026-05-26,LOC-028,5.0,8
2026-05-27,LOC-028,4.6,1
2026-05-27,LOC-028,4.7,19
2026-05-27,LOC-028,4.8,2
2026-05-27,LOC-028,5.0,2
2026-05-27,LOC-028,4.5,3
2026-05-28,LOC-028,3.4,19
2026-05-28,LOC-028,4.9,1
2026-05-28,LOC-028,4.2,12
2026-05-28,LOC-028,4.3,70
2026-05-29,LOC-028,5.0,22
2026-05-29,LOC-028,4.2,10
2026-05-29,LOC-028,4.6,10
2026-05-29,LOC-028,4.8,1
2026-05-30,LOC-028,4.8,15
2026-05-30,LOC-028,4.7,13
2026-05-30,LOC-028,5.0,1
2026-05-30,LOC-028,4.4,17
2026-05-31,LOC-028,5.0,14
2026-05-31,LOC-028,3.8,5
2026-05-31,LOC-028,4.4,9
2026-06-01,LOC-028,4.9,8
2026-06-01,LOC-028,5.0,8
2026-06-01,LOC-028,4.2,17
2026-06-01,LOC-028,5.0,15
2026-06-02,LOC-028,3.5,30
2026-06-02,LOC-028,4.5,13
2026-06-02,LOC-028,3.0,10
2026-06-03,LOC-028,4.9,4
2026-06-04,LOC-028,4.8,4
2026-06-04,LOC-028,4.3,4
2026-06-04,LOC-028,4.5,1
2026-06-04,LOC-028,4.9,6
2026-06-05,LOC-028,4.1,30
2026-06-05,LOC-028,4.5,6
2026-06-05,LOC-028,4.6,1
2026-06-06,LOC-028,4.3,13
2026-06-06,LOC-028,4.2,4
2026-06-07,LOC-028,4.8,19
2026-06-07,LOC-028,4.6,2
2026-06-07,LOC-028,4.4,12
2026-06-08,LOC-028,5.0,118
2026-06-09,LOC-028,4.7,1
2026-06-09,LOC-028,4.5,35
2026-06-09,LOC-028,5.0,17
2026-06-10,LOC-028,5.0,7
2026-06-10,LOC-028,5.0,1
2026-06-10,LOC-028,4.1,1
2026-06-10,LOC-028,3.0,5
2026-06-11,LOC-028,4.1,3
2026-06-11,LOC-028,5.0,40
2026-06-11,LOC-028,4.3,35
2026-06-11,LOC-028,4.1,5
2026-06-11,LOC-028,3.8,1
2026-06-12,LOC-028,4.2,28
2026-06-12,LOC-028,4.5,1
2026-06-12,LOC-028,4.0,1
2026-06-13,LOC-028,4.0,2
2026-06-13,LOC-028,4.9,29
2026-06-14,LOC-028,4.4,4
2026-06-14,LOC-028,5.0,23
2026-06-14,LOC-028,4.4,26
2026-06-14,LOC-028,4.0,13
2026-06-14,LOC-028,4.7,11
2026-06-15,LOC-028,3.7,22
2026-06-16,LOC-028,4.8,30
2026-06-17,LOC-028,4.5,45
2026-06-18,LOC-028,4.4,9
2026-06-18,LOC-028,4.2,2
2026-06-18,LOC-028,5.0,43
2026-06-18,LOC-028,5.0,24
2026-06-18,LOC-028,5.0,19
2026-06-18,LOC-028,5.0,3
2026-06-19,LOC-028,4.7,4
2026-06-19,LOC-028,3.7,19
2026-06-19,LOC-028,4.0,1
2026-06-20,LOC-028,4.8,13
2026-06-21,LOC-028,4.3,57
2026-06-21,LOC-028,4.1,11
2026-06-21,LOC-028,5.0,13
2026-06-21,LOC-028,4.6,1
2026-06-21,LOC-028,5.0,13
2026-06-21,LOC-028,4.8,10
2026-06-22,LOC-028,4.9,9
2026-06-22,LOC-028,5.0,5
2026-06-22,LOC-028,4.1,3
2026-06-22,LOC-028,3.8,5
2026-06-23,LOC-028,4.2,28
2026-06-23,LOC-028,4.2,7
2026-06-23,LOC-028,4.2,11
2026-06-23,LOC-028,4.0,19
2026-06-23,LOC-028,4.9,1
2026-06-24,LOC-028,4.0,18
2026-06-24,LOC-028,4.6,18
2026-06-25,LOC-028,4.9,7
2026-06-25,LOC-028,4.2,1
2026-06-25,LOC-028,4.3,3
2026-06-25,LOC-028,3.9,17
2026-06-25,LOC-028,3.9,15
2026-06-26,LOC-028,4.7,33
2026-06-26,LOC-028,3.7,10
2026-06-26,LOC-028,4.7,5
2026-06-27,LOC-028,4.2,9
2026-06-27,LOC-028,4.2,3
2026-06-27,LOC-028,4.9,14
2026-06-28,LOC-028,5.0,27
2026-06-28,LOC-028,4.7,9
2026-06-28,LOC-028,4.7,21
2026-06-29,LOC-028,4.6,5
2026-06-30,LOC-028,5.0,19
2026-06-30,LOC-028,4.8,45
2026-06-30,LOC-028,4.7,13
2026-06-30,LOC-028,4.5,12
2026-06-30,LOC-028,4.9,8
2026-06-30,LOC-028,4.4,1
2026-01-01,LOC-029,4.1,6
2026-01-01,LOC-029,4.0,12
2026-01-01,LOC-029,4.0,1
2026-01-02,LOC-029,3.7,9
2026-01-02,LOC-029,4.1,1
2026-01-02,LOC-029,3.4,12
2026-01-02,LOC-029,4.3,30
2026-01-03,LOC-029,4.2,3
2026-01-04,LOC-029,3.8,38
2026-01-04,LOC-029,4.5,28
2026-01-04,LOC-029,4.1,14
2026-01-05,LOC-029,4.5,7
2026-01-05,LOC-029,3.4,18
2026-01-05,LOC-029,3.3,5
2026-01-05,LOC-029,3.1,56
2026-01-06,LOC-029,3.7,7
2026-01-06,LOC-029,4.1,33
2026-01-06,LOC-029,3.6,22
2026-01-06,LOC-029,3.6,15
2026-01-06,LOC-029,4.1,9
2026-01-07,LOC-029,4.4,13
2026-01-07,LOC-029,3.5,6
2026-01-07,LOC-029,5.0,27
2026-01-07,LOC-029,4.5,52
2026-01-07,LOC-029,4.5,18
2026-01-07,LOC-029,4.4,1
2026-01-07,LOC-029,4.3,5
2026-01-08,LOC-029,3.3,2
2026-01-08,LOC-029,3.8,1
2026-01-09,LOC-029,4.9,11
2026-01-09,LOC-029,4.0,13
2026-01-09,LOC-029,4.2,3
2026-01-10,LOC-029,3.9,20
2026-01-10,LOC-029,4.6,10
2026-01-11,LOC-029,3.8,18
2026-01-11,LOC-029,3.3,5
2026-01-12,LOC-029,3.4,5
2026-01-13,LOC-029,3.6,14
2026-01-13,LOC-029,4.3,16
2026-01-13,LOC-029,4.6,25
2026-01-14,LOC-029,3.5,1
2026-01-14,LOC-029,4.3,20
2026-01-14,LOC-029,4.2,40
2026-01-14,LOC-029,4.3,27
2026-01-15,LOC-029,4.0,18
2026-01-15,LOC-029,4.6,1
2026-01-15,LOC-029,3.4,10
2026-01-15,LOC-029,3.3,51
2026-01-15,LOC-029,4.5,36
2026-01-16,LOC-029,4.9,6
2026-01-16,LOC-029,4.6,7
2026-01-16,LOC-029,4.3,7
2026-01-16,LOC-029,4.3,42
2026-01-16,LOC-029,5.0,44
2026-01-17,LOC-029,4.6,5
2026-01-17,LOC-029,4.3,8
2026-01-17,LOC-029,4.4,3
2026-01-17,LOC-029,4.0,6
2026-01-17,LOC-029,4.4,14
2026-01-17,LOC-029,3.8,1
2026-01-17,LOC-029,5.0,17
2026-01-18,LOC-029,5.0,20
2026-01-18,LOC-029,3.1,14
2026-01-19,LOC-029,4.5,1
2026-01-19,LOC-029,4.8,4
2026-01-19,LOC-029,4.3,10
2026-01-19,LOC-029,4.7,1
2026-01-20,LOC-029,4.0,12
2026-01-20,LOC-029,5.0,23
2026-01-20,LOC-029,3.4,4
2026-01-20,LOC-029,3.3,1
2026-01-20,LOC-029,3.6,23
2026-01-20,LOC-029,3.8,3
2026-01-21,LOC-029,4.4,4
2026-01-21,LOC-029,3.7,16
2026-01-21,LOC-029,3.4,11
2026-01-23,LOC-029,4.2,10
2026-01-23,LOC-029,4.6,30
2026-01-23,LOC-029,4.1,7
2026-01-23,LOC-029,4.3,9
2026-01-24,LOC-029,3.6,2
2026-01-24,LOC-029,3.2,1
2026-01-24,LOC-029,2.9,1
2026-01-25,LOC-029,3.8,25
2026-01-25,LOC-029,4.4,1
2026-01-25,LOC-029,5.0,13
2026-01-26,LOC-029,3.7,14
2026-01-26,LOC-029,3.9,1
2026-01-26,LOC-029,4.0,21
2026-01-27,LOC-029,4.5,1
2026-01-27,LOC-029,3.0,6
2026-01-28,LOC-029,4.1,75
2026-01-28,LOC-029,4.0,32
2026-01-28,LOC-029,3.7,7
2026-01-28,LOC-029,4.1,1
2026-01-29,LOC-029,5.0,9
2026-01-29,LOC-029,4.3,5
2026-01-29,LOC-029,4.2,1
2026-01-29,LOC-029,4.1,4
2026-01-30,LOC-029,3.9,8
2026-01-30,LOC-029,4.1,10
2026-01-30,LOC-029,3.9,27
2026-01-30,LOC-029,4.2,16
2026-02-01,LOC-029,3.0,63
2026-02-03,LOC-029,4.3,33
2026-02-03,LOC-029,5.0,1
2026-02-03,LOC-029,4.3,11
2026-02-03,LOC-029,4.1,8
2026-02-03,LOC-029,5.0,11
2026-02-03,LOC-029,4.1,1
2026-02-04,LOC-029,4.2,15
2026-02-04,LOC-029,4.4,1
2026-02-04,LOC-029,3.7,45
2026-02-04,LOC-029,4.3,6
2026-02-04,LOC-029,4.0,32
2026-02-04,LOC-029,4.4,4
2026-02-06,LOC-029,5.0,12
2026-02-06,LOC-029,4.0,18
2026-02-07,LOC-029,5.0,16
2026-02-07,LOC-029,4.0,8
2026-02-07,LOC-029,4.3,11
2026-02-07,LOC-029,4.1,1
2026-02-07,LOC-029,3.7,20
2026-02-07,LOC-029,5.0,12
2026-02-08,LOC-029,4.8,13
2026-02-09,LOC-029,3.7,26
2026-02-09,LOC-029,3.9,11
2026-02-09,LOC-029,4.2,84
2026-02-10,LOC-029,3.8,9
2026-02-10,LOC-029,4.1,11
2026-02-10,LOC-029,4.6,1
2026-02-10,LOC-029,4.0,20
2026-02-10,LOC-029,4.3,7
2026-02-10,LOC-029,4.4,4
2026-02-11,LOC-029,3.6,15
2026-02-12,LOC-029,4.3,5
2026-02-12,LOC-029,4.4,61
2026-02-12,LOC-029,4.4,14
2026-02-13,LOC-029,4.3,1
2026-02-13,LOC-029,3.7,34
2026-02-13,LOC-029,4.3,89
2026-02-14,LOC-029,3.7,3
2026-02-14,LOC-029,3.3,44
2026-02-15,LOC-029,4.1,8
2026-02-15,LOC-029,3.9,3
2026-02-15,LOC-029,3.7,36
2026-02-17,LOC-029,3.6,12
2026-02-17,LOC-029,4.4,1
2026-02-18,LOC-029,5.0,22
2026-02-18,LOC-029,4.0,13
2026-02-18,LOC-029,4.2,43
2026-02-19,LOC-029,4.3,34
2026-02-19,LOC-029,3.8,10
2026-02-19,LOC-029,3.2,11
2026-02-20,LOC-029,3.3,1
2026-02-20,LOC-029,4.3,18
2026-02-20,LOC-029,4.3,10
2026-02-20,LOC-029,3.4,2
2026-02-20,LOC-029,4.3,3
2026-02-21,LOC-029,3.9,26
2026-02-21,LOC-029,3.7,9
2026-02-21,LOC-029,4.6,11
2026-02-21,LOC-029,4.2,10
2026-02-21,LOC-029,3.9,23
2026-02-21,LOC-029,3.8,3
2026-02-22,LOC-029,3.9,10
2026-02-22,LOC-029,3.4,27
2026-02-23,LOC-029,3.8,3
2026-02-23,LOC-029,4.2,5
2026-02-23,LOC-029,3.8,53
2026-02-23,LOC-029,4.7,3
2026-02-24,LOC-029,4.5,1
2026-02-24,LOC-029,4.5,14
2026-02-24,LOC-029,4.4,25
2026-02-24,LOC-029,4.8,1
2026-02-25,LOC-029,4.2,1
2026-02-25,LOC-029,3.8,26
2026-02-25,LOC-029,4.1,5
2026-02-25,LOC-029,3.6,23
2026-02-26,LOC-029,4.6,7
2026-02-26,LOC-029,4.1,16
2026-02-26,LOC-029,4.4,19
2026-02-27,LOC-029,4.5,1
2026-02-28,LOC-029,3.9,4
2026-02-28,LOC-029,4.0,14
2026-02-28,LOC-029,2.9,5
2026-03-01,LOC-029,4.9,13
2026-03-01,LOC-029,5.0,60
2026-03-01,LOC-029,4.5,25
2026-03-01,LOC-029,4.5,1
2026-03-02,LOC-029,4.9,27
2026-03-02,LOC-029,3.3,8
2026-03-03,LOC-029,3.6,9
2026-03-03,LOC-029,3.1,14
2026-03-04,LOC-029,5.0,1
2026-03-04,LOC-029,4.1,30
2026-03-04,LOC-029,4.8,24
2026-03-04,LOC-029,4.9,9
2026-03-04,LOC-029,4.1,35
2026-03-05,LOC-029,3.3,4
2026-03-05,LOC-029,3.3,18
2026-03-05,LOC-029,4.3,4
2026-03-05,LOC-029,4.0,19
2026-03-06,LOC-029,3.5,10
2026-03-06,LOC-029,4.0,14
2026-03-06,LOC-029,4.4,15
2026-03-06,LOC-029,3.6,21
2026-03-06,LOC-029,3.8,5
2026-03-07,LOC-029,5.0,28
2026-03-07,LOC-029,4.4,36
2026-03-07,LOC-029,5.0,1
2026-03-07,LOC-029,3.6,1
2026-03-07,LOC-029,3.3,30
2026-03-07,LOC-029,3.9,5
2026-03-08,LOC-029,4.2,16
2026-03-08,LOC-029,3.9,2
2026-03-08,LOC-029,4.3,1
2026-03-08,LOC-029,3.8,9
2026-03-09,LOC-029,3.6,43
2026-03-09,LOC-029,3.7,1
2026-03-10,LOC-029,4.1,30
2026-03-10,LOC-029,4.5,36
2026-03-10,LOC-029,5.0,2
2026-03-10,LOC-029,4.6,2
2026-03-10,LOC-029,4.7,17
2026-03-10,LOC-029,4.8,5
2026-03-11,LOC-029,4.3,12
2026-03-11,LOC-029,3.6,6
2026-03-11,LOC-029,4.9,22
2026-03-12,LOC-029,4.5,18
2026-03-12,LOC-029,4.1,2
2026-03-13,LOC-029,3.6,6
2026-03-14,LOC-029,4.0,6
2026-03-14,LOC-029,3.1,5
2026-03-14,LOC-029,3.3,21
2026-03-14,LOC-029,4.6,41
2026-03-15,LOC-029,3.0,6
2026-03-15,LOC-029,3.9,13
2026-03-15,LOC-029,4.2,10
2026-03-16,LOC-029,4.3,12
2026-03-16,LOC-029,3.9,27
2026-03-16,LOC-029,4.9,1
2026-03-16,LOC-029,3.6,7
2026-03-16,LOC-029,3.0,9
2026-03-16,LOC-029,4.6,1
2026-03-17,LOC-029,4.2,16
2026-03-17,LOC-029,4.7,2
2026-03-18,LOC-029,3.5,10
2026-03-18,LOC-029,5.0,26
2026-03-18,LOC-029,3.9,45
2026-03-19,LOC-029,4.7,21
2026-03-20,LOC-029,3.9,21
2026-03-21,LOC-029,4.6,29
2026-03-21,LOC-029,4.2,11
2026-03-21,LOC-029,4.0,10
2026-03-22,LOC-029,3.6,3
2026-03-22,LOC-029,3.8,25
2026-03-22,LOC-029,4.6,2
2026-03-23,LOC-029,4.7,23
2026-03-23,LOC-029,3.2,8
2026-03-23,LOC-029,4.6,1
2026-03-23,LOC-029,4.1,32
2026-03-23,LOC-029,4.1,6
2026-03-24,LOC-029,3.9,18
2026-03-25,LOC-029,4.1,5
2026-03-25,LOC-029,4.0,17
2026-03-25,LOC-029,3.7,1
2026-03-25,LOC-029,4.0,34
2026-03-25,LOC-029,4.4,2
2026-03-27,LOC-029,3.3,20
2026-03-27,LOC-029,4.7,1
2026-03-27,LOC-029,3.9,16
2026-03-28,LOC-029,2.9,16
2026-03-28,LOC-029,3.7,53
2026-03-28,LOC-029,3.9,30
2026-03-29,LOC-029,3.1,38
2026-03-29,LOC-029,4.6,10
2026-03-29,LOC-029,4.1,21
2026-03-29,LOC-029,4.1,4
2026-03-29,LOC-029,3.9,4
2026-03-30,LOC-029,3.9,32
2026-03-30,LOC-029,4.1,17
2026-03-30,LOC-029,4.8,5
2026-03-31,LOC-029,3.4,15
2026-03-31,LOC-029,2.6,4
2026-03-31,LOC-029,3.6,9
2026-03-31,LOC-029,3.8,6
2026-04-01,LOC-029,4.4,60
2026-04-02,LOC-029,4.4,17
2026-04-02,LOC-029,4.2,14
2026-04-02,LOC-029,3.7,34
2026-04-03,LOC-029,3.2,7
2026-04-03,LOC-029,4.1,6
2026-04-04,LOC-029,5.0,13
2026-04-05,LOC-029,3.9,20
2026-04-05,LOC-029,3.7,9
2026-04-06,LOC-029,4.0,3
2026-04-07,LOC-029,3.2,9
2026-04-08,LOC-029,4.5,1
2026-04-08,LOC-029,3.6,2
2026-04-08,LOC-029,3.5,25
2026-04-09,LOC-029,4.8,24
2026-04-09,LOC-029,4.3,10
2026-04-09,LOC-029,4.4,1
2026-04-09,LOC-029,4.7,9
2026-04-09,LOC-029,3.9,22
2026-04-09,LOC-029,4.5,6
2026-04-09,LOC-029,4.4,3
2026-04-10,LOC-029,4.3,9
2026-04-10,LOC-029,3.5,32
2026-04-10,LOC-029,4.3,17
2026-04-11,LOC-029,3.9,13
2026-04-11,LOC-029,4.1,35
2026-04-11,LOC-029,3.8,33
2026-04-11,LOC-029,4.9,12
2026-04-11,LOC-029,4.7,35
2026-04-11,LOC-029,3.2,11
2026-04-11,LOC-029,4.6,2
2026-04-11,LOC-029,4.5,1
2026-04-12,LOC-029,4.0,20
2026-04-12,LOC-029,4.4,3
2026-04-12,LOC-029,3.2,112
2026-04-12,LOC-029,3.9,7
2026-04-13,LOC-029,4.4,17
2026-04-13,LOC-029,4.5,1
2026-04-14,LOC-029,3.5,5
2026-04-14,LOC-029,2.8,19
2026-04-15,LOC-029,3.7,14
2026-04-15,LOC-029,3.6,132
2026-04-15,LOC-029,4.1,30
2026-04-15,LOC-029,4.1,32
2026-04-15,LOC-029,4.1,13
2026-04-16,LOC-029,4.1,4
2026-04-16,LOC-029,4.5,33
2026-04-16,LOC-029,4.6,3
2026-04-17,LOC-029,3.7,26
2026-04-18,LOC-029,4.5,14
2026-04-18,LOC-029,4.2,1
2026-04-18,LOC-029,5.0,1
2026-04-19,LOC-029,4.5,55
2026-04-19,LOC-029,3.4,26
2026-04-19,LOC-029,4.0,1
2026-04-19,LOC-029,3.0,1
2026-04-19,LOC-029,4.0,1
2026-04-20,LOC-029,4.1,23
2026-04-20,LOC-029,4.1,9
2026-04-20,LOC-029,3.7,27
2026-04-21,LOC-029,3.9,8
2026-04-21,LOC-029,4.0,17
2026-04-21,LOC-029,4.0,25
2026-04-21,LOC-029,3.8,12
2026-04-22,LOC-029,3.4,31
2026-04-22,LOC-029,4.1,86
2026-04-22,LOC-029,3.7,1
2026-04-23,LOC-029,3.6,2
2026-04-23,LOC-029,3.7,3
2026-04-23,LOC-029,4.4,35
2026-04-23,LOC-029,3.5,6
2026-04-24,LOC-029,4.3,9
2026-04-24,LOC-029,4.7,14
2026-04-24,LOC-029,4.5,1
2026-04-24,LOC-029,3.9,29
2026-04-24,LOC-029,3.9,7
2026-04-25,LOC-029,4.0,3
2026-04-25,LOC-029,3.5,24
2026-04-25,LOC-029,3.7,18
2026-04-25,LOC-029,4.8,7
2026-04-26,LOC-029,4.1,26
2026-04-26,LOC-029,5.0,1
2026-04-27,LOC-029,4.3,11
2026-04-27,LOC-029,4.0,4
2026-04-27,LOC-029,3.9,15
2026-04-28,LOC-029,3.9,2
2026-04-28,LOC-029,4.1,13
2026-04-28,LOC-029,4.4,1
2026-04-28,LOC-029,4.5,14
2026-04-28,LOC-029,4.1,11
2026-04-29,LOC-029,4.8,59
2026-04-30,LOC-029,4.4,26
2026-04-30,LOC-029,3.7,8
2026-05-01,LOC-029,3.5,10
2026-05-01,LOC-029,4.4,1
2026-05-01,LOC-029,4.8,18
2026-05-02,LOC-029,3.7,5
2026-05-02,LOC-029,4.0,8
2026-05-03,LOC-029,3.9,1
2026-05-03,LOC-029,3.0,34
2026-05-03,LOC-029,3.8,14
2026-05-04,LOC-029,4.0,34
2026-05-04,LOC-029,3.9,1
2026-05-05,LOC-029,4.3,19
2026-05-05,LOC-029,4.2,8
2026-05-05,LOC-029,4.3,72
2026-05-05,LOC-029,3.4,43
2026-05-06,LOC-029,3.2,1
2026-05-06,LOC-029,4.4,6
2026-05-06,LOC-029,4.3,3
2026-05-07,LOC-029,5.0,4
2026-05-07,LOC-029,3.4,8
2026-05-08,LOC-029,4.7,5
2026-05-08,LOC-029,3.9,1
2026-05-09,LOC-029,4.2,25
2026-05-10,LOC-029,4.8,6
2026-05-10,LOC-029,4.0,1
2026-05-10,LOC-029,5.0,4
2026-05-11,LOC-029,4.4,14
2026-05-11,LOC-029,3.9,2
2026-05-11,LOC-029,3.3,16
2026-05-11,LOC-029,5.0,17
2026-05-12,LOC-029,4.5,38
2026-05-12,LOC-029,3.1,52
2026-05-12,LOC-029,4.1,5
2026-05-12,LOC-029,4.0,7
2026-05-13,LOC-029,4.0,25
2026-05-13,LOC-029,4.2,10
2026-05-14,LOC-029,4.9,25
2026-05-14,LOC-029,4.0,31
2026-05-14,LOC-029,4.4,17
2026-05-14,LOC-029,4.0,13
2026-05-15,LOC-029,3.5,16
2026-05-15,LOC-029,3.8,5
2026-05-16,LOC-029,4.9,17
2026-05-16,LOC-029,3.2,69
2026-05-16,LOC-029,4.1,12
2026-05-16,LOC-029,3.2,33
2026-05-16,LOC-029,4.8,1
2026-05-17,LOC-029,3.5,3
2026-05-17,LOC-029,3.7,15
2026-05-17,LOC-029,3.9,1
2026-05-18,LOC-029,4.5,2
2026-05-18,LOC-029,4.0,8
2026-05-18,LOC-029,3.5,5
2026-05-18,LOC-029,4.3,37
2026-05-18,LOC-029,4.3,17
2026-05-20,LOC-029,3.6,17
2026-05-21,LOC-029,4.4,8
2026-05-21,LOC-029,4.2,16
2026-05-21,LOC-029,3.7,12
2026-05-22,LOC-029,3.4,21
2026-05-23,LOC-029,4.4,7
2026-05-23,LOC-029,5.0,7
2026-05-23,LOC-029,3.6,35
2026-05-24,LOC-029,3.7,11
2026-05-24,LOC-029,3.8,17
2026-05-24,LOC-029,4.9,3
2026-05-25,LOC-029,4.4,13
2026-05-25,LOC-029,4.3,1
2026-05-27,LOC-029,4.4,1
2026-05-27,LOC-029,4.5,3
2026-05-27,LOC-029,3.8,3
2026-05-27,LOC-029,4.1,6
2026-05-27,LOC-029,4.3,1
2026-05-27,LOC-029,4.9,41
2026-05-28,LOC-029,3.3,21
2026-05-28,LOC-029,3.0,40
2026-05-28,LOC-029,4.9,4
2026-05-28,LOC-029,3.7,26
2026-05-28,LOC-029,4.9,16
2026-05-28,LOC-029,4.1,3
2026-05-29,LOC-029,5.0,19
2026-05-29,LOC-029,3.3,20
2026-05-30,LOC-029,4.3,8
2026-05-30,LOC-029,3.7,13
2026-05-30,LOC-029,3.5,23
2026-05-30,LOC-029,4.3,5
2026-05-30,LOC-029,4.2,11
2026-05-31,LOC-029,5.0,1
2026-05-31,LOC-029,3.9,19
2026-06-01,LOC-029,4.2,3
2026-06-01,LOC-029,3.5,12
2026-06-02,LOC-029,5.0,12
2026-06-02,LOC-029,3.5,10
2026-06-02,LOC-029,4.3,7
2026-06-02,LOC-029,4.9,1
2026-06-03,LOC-029,4.0,7
2026-06-03,LOC-029,4.2,7
2026-06-04,LOC-029,3.4,58
2026-06-05,LOC-029,4.5,5
2026-06-05,LOC-029,3.7,9
2026-06-06,LOC-029,4.5,13
2026-06-06,LOC-029,3.6,67
2026-06-06,LOC-029,4.0,28
2026-06-07,LOC-029,3.7,9
2026-06-07,LOC-029,3.6,27
2026-06-08,LOC-029,4.0,5
2026-06-08,LOC-029,3.7,3
2026-06-08,LOC-029,4.4,17
2026-06-08,LOC-029,3.7,4
2026-06-08,LOC-029,3.1,11
2026-06-09,LOC-029,3.7,50
2026-06-09,LOC-029,4.3,6
2026-06-09,LOC-029,3.4,14
2026-06-10,LOC-029,3.7,15
2026-06-11,LOC-029,5.0,2
2026-06-11,LOC-029,4.1,99
2026-06-11,LOC-029,4.5,16
2026-06-11,LOC-029,4.1,23
2026-06-11,LOC-029,4.2,39
2026-06-11,LOC-029,4.0,78
2026-06-12,LOC-029,3.7,9
2026-06-12,LOC-029,4.7,28
2026-06-12,LOC-029,2.9,16
2026-06-13,LOC-029,4.1,5
2026-06-13,LOC-029,4.0,1
2026-06-13,LOC-029,4.1,3
2026-06-14,LOC-029,4.3,3
2026-06-14,LOC-029,3.6,16
2026-06-14,LOC-029,4.2,10
2026-06-14,LOC-029,3.9,1
2026-06-14,LOC-029,3.5,40
2026-06-15,LOC-029,4.9,13
2026-06-15,LOC-029,4.7,1
2026-06-15,LOC-029,4.1,14
2026-06-15,LOC-029,3.1,14
2026-06-16,LOC-029,4.4,22
2026-06-16,LOC-029,3.9,32
2026-06-16,LOC-029,3.9,41
2026-06-16,LOC-029,3.1,20
2026-06-16,LOC-029,3.9,21
2026-06-17,LOC-029,3.1,10
2026-06-17,LOC-029,4.1,18
2026-06-17,LOC-029,3.6,11
2026-06-18,LOC-029,4.4,19
2026-06-18,LOC-029,4.4,1
2026-06-18,LOC-029,3.4,35
2026-06-18,LOC-029,4.2,10
2026-06-19,LOC-029,3.5,10
2026-06-19,LOC-029,4.8,1
2026-06-19,LOC-029,4.4,37
2026-06-19,LOC-029,2.8,3
2026-06-19,LOC-029,4.3,11
2026-06-20,LOC-029,4.4,10
2026-06-20,LOC-029,3.7,17
2026-06-21,LOC-029,4.4,23
2026-06-21,LOC-029,4.6,23
2026-06-22,LOC-029,3.6,27
2026-06-22,LOC-029,4.1,60
2026-06-22,LOC-029,4.3,12
2026-06-22,LOC-029,3.6,28
2026-06-23,LOC-029,4.0,1
2026-06-23,LOC-029,4.0,11
2026-06-23,LOC-029,4.6,33
2026-06-23,LOC-029,4.2,9
2026-06-24,LOC-029,4.3,21
2026-06-25,LOC-029,3.7,5
2026-06-25,LOC-029,3.9,50
2026-06-25,LOC-029,5.0,8
2026-06-25,LOC-029,4.1,12
2026-06-25,LOC-029,5.0,1
2026-06-25,LOC-029,4.5,17
2026-06-25,LOC-029,3.9,4
2026-06-26,LOC-029,4.2,9
2026-06-26,LOC-029,4.1,5
2026-06-27,LOC-029,3.9,31
2026-06-27,LOC-029,3.8,17
2026-06-27,LOC-029,4.8,15
2026-06-27,LOC-029,3.4,40
2026-06-28,LOC-029,4.1,14
2026-06-29,LOC-029,3.5,16
2026-06-29,LOC-029,4.2,6
2026-01-01,LOC-030,4.3,13
2026-01-02,LOC-030,3.8,10
2026-01-02,LOC-030,5.0,16
2026-01-02,LOC-030,5.0,1
2026-01-02,LOC-030,4.1,9
2026-01-02,LOC-030,4.4,20
2026-01-02,LOC-030,4.7,12
2026-01-04,LOC-030,4.2,1
2026-01-04,LOC-030,4.7,8
2026-01-04,LOC-030,4.4,8
2026-01-05,LOC-030,3.7,34
2026-01-06,LOC-030,3.8,40
2026-01-06,LOC-030,4.5,11
2026-01-06,LOC-030,4.0,12
2026-01-07,LOC-030,3.9,7
2026-01-08,LOC-030,4.7,1
2026-01-08,LOC-030,4.5,11
2026-01-09,LOC-030,5.0,2
2026-01-09,LOC-030,5.0,18
2026-01-09,LOC-030,4.6,3
2026-01-10,LOC-030,4.8,1
2026-01-10,LOC-030,5.0,9
2026-01-10,LOC-030,5.0,16
2026-01-10,LOC-030,4.9,6
2026-01-10,LOC-030,3.9,1
2026-01-11,LOC-030,4.0,1
2026-01-11,LOC-030,3.1,6
2026-01-11,LOC-030,4.9,5
2026-01-11,LOC-030,2.6,13
2026-01-11,LOC-030,4.8,30
2026-01-12,LOC-030,5.0,24
2026-01-12,LOC-030,4.0,41
2026-01-12,LOC-030,4.7,15
2026-01-12,LOC-030,3.9,47
2026-01-13,LOC-030,4.5,1
2026-01-14,LOC-030,5.0,1
2026-01-14,LOC-030,4.6,3
2026-01-14,LOC-030,4.8,2
2026-01-14,LOC-030,3.6,1
2026-01-15,LOC-030,4.4,47
2026-01-15,LOC-030,5.0,3
2026-01-15,LOC-030,4.4,8
2026-01-16,LOC-030,4.1,1
2026-01-16,LOC-030,4.9,29
2026-01-16,LOC-030,4.5,1
2026-01-18,LOC-030,4.3,8
2026-01-18,LOC-030,5.0,6
2026-01-18,LOC-030,3.9,6
2026-01-18,LOC-030,4.7,45
2026-01-18,LOC-030,4.9,2
2026-01-18,LOC-030,5.0,16
2026-01-18,LOC-030,3.9,1
2026-01-19,LOC-030,4.5,2
2026-01-20,LOC-030,4.0,21
2026-01-20,LOC-030,4.8,10
2026-01-20,LOC-030,4.7,1
2026-01-21,LOC-030,4.7,53
2026-01-21,LOC-030,4.1,3
2026-01-21,LOC-030,4.3,6
2026-01-22,LOC-030,4.2,1
2026-01-22,LOC-030,4.9,45
2026-01-22,LOC-030,4.3,29
2026-01-22,LOC-030,4.7,2
2026-01-23,LOC-030,4.3,5
2026-01-23,LOC-030,4.6,38
2026-01-23,LOC-030,4.9,1
2026-01-23,LOC-030,4.8,20
2026-01-23,LOC-030,5.0,2
2026-01-24,LOC-030,4.1,2
2026-01-24,LOC-030,4.3,5
2026-01-25,LOC-030,3.1,9
2026-01-25,LOC-030,5.0,2
2026-01-25,LOC-030,4.7,22
2026-01-26,LOC-030,4.5,36
2026-01-27,LOC-030,3.7,6
2026-01-27,LOC-030,4.0,12
2026-01-27,LOC-030,4.6,14
2026-01-27,LOC-030,4.3,2
2026-01-27,LOC-030,5.0,9
2026-01-27,LOC-030,3.8,5
2026-01-28,LOC-030,5.0,37
2026-01-28,LOC-030,4.0,17
2026-01-29,LOC-030,4.8,2
2026-01-29,LOC-030,4.1,12
2026-01-29,LOC-030,4.6,27
2026-01-30,LOC-030,4.3,38
2026-01-30,LOC-030,4.3,5
2026-01-30,LOC-030,4.3,4
2026-01-30,LOC-030,4.5,6
2026-01-30,LOC-030,4.7,23
2026-01-31,LOC-030,4.5,11
2026-01-31,LOC-030,5.0,40
2026-02-01,LOC-030,4.9,9
2026-02-01,LOC-030,3.4,6
2026-02-01,LOC-030,4.3,4
2026-02-01,LOC-030,4.8,42
2026-02-01,LOC-030,3.8,63
2026-02-02,LOC-030,4.0,32
2026-02-02,LOC-030,4.7,16
2026-02-03,LOC-030,4.2,6
2026-02-03,LOC-030,5.0,1
2026-02-04,LOC-030,5.0,25
2026-02-04,LOC-030,5.0,8
2026-02-04,LOC-030,4.2,6
2026-02-04,LOC-030,4.9,2
2026-02-05,LOC-030,4.4,2
2026-02-05,LOC-030,4.7,6
2026-02-05,LOC-030,3.4,73
2026-02-05,LOC-030,4.4,8
2026-02-06,LOC-030,5.0,13
2026-02-06,LOC-030,5.0,8
2026-02-07,LOC-030,4.3,56
2026-02-07,LOC-030,4.3,67
2026-02-08,LOC-030,4.3,2
2026-02-08,LOC-030,4.7,7
2026-02-08,LOC-030,4.3,3
2026-02-08,LOC-030,5.0,29
2026-02-09,LOC-030,4.5,2
2026-02-09,LOC-030,4.2,59
2026-02-09,LOC-030,4.5,6
2026-02-09,LOC-030,4.2,12
2026-02-10,LOC-030,4.7,4
2026-02-10,LOC-030,4.0,1
2026-02-10,LOC-030,4.9,33
2026-02-10,LOC-030,4.4,15
2026-02-10,LOC-030,4.2,1
2026-02-11,LOC-030,4.8,31
2026-02-11,LOC-030,4.4,14
2026-02-11,LOC-030,4.1,7
2026-02-12,LOC-030,4.4,18
2026-02-12,LOC-030,4.7,5
2026-02-12,LOC-030,4.5,29
2026-02-13,LOC-030,4.7,9
2026-02-13,LOC-030,4.7,25
2026-02-13,LOC-030,4.3,62
2026-02-13,LOC-030,4.3,35
2026-02-13,LOC-030,4.0,23
2026-02-14,LOC-030,4.5,4
2026-02-14,LOC-030,5.0,13
2026-02-14,LOC-030,5.0,1
2026-02-14,LOC-030,4.0,5
2026-02-15,LOC-030,4.8,28
2026-02-15,LOC-030,4.1,2
2026-02-15,LOC-030,4.6,17
2026-02-15,LOC-030,4.9,2
2026-02-17,LOC-030,4.3,11
2026-02-17,LOC-030,5.0,30
2026-02-18,LOC-030,4.3,15
2026-02-18,LOC-030,4.5,1
2026-02-18,LOC-030,5.0,32
2026-02-18,LOC-030,4.6,24
2026-02-19,LOC-030,4.3,12
2026-02-20,LOC-030,4.0,25
2026-02-21,LOC-030,4.4,26
2026-02-21,LOC-030,3.8,1
2026-02-21,LOC-030,4.5,14
2026-02-21,LOC-030,4.4,14
2026-02-21,LOC-030,3.7,11
2026-02-22,LOC-030,4.2,22
2026-02-22,LOC-030,4.1,15
2026-02-22,LOC-030,3.9,4
2026-02-23,LOC-030,4.1,3
2026-02-23,LOC-030,4.8,6
2026-02-24,LOC-030,4.1,5
2026-02-25,LOC-030,4.2,14
2026-02-26,LOC-030,4.2,23
2026-02-26,LOC-030,4.9,2
2026-02-26,LOC-030,4.8,24
2026-02-26,LOC-030,4.7,19
2026-02-27,LOC-030,5.0,3
2026-02-27,LOC-030,4.8,9
2026-02-27,LOC-030,3.4,6
2026-02-27,LOC-030,5.0,11
2026-02-27,LOC-030,4.2,1
2026-02-27,LOC-030,5.0,6
2026-02-28,LOC-030,3.2,1
2026-03-01,LOC-030,4.8,2
2026-03-02,LOC-030,5.0,8
2026-03-02,LOC-030,3.5,28
2026-03-02,LOC-030,4.2,27
2026-03-02,LOC-030,5.0,6
2026-03-03,LOC-030,3.8,6
2026-03-03,LOC-030,4.9,46
2026-03-03,LOC-030,4.5,23
2026-03-04,LOC-030,4.8,1
2026-03-04,LOC-030,4.3,38
2026-03-04,LOC-030,4.1,2
2026-03-04,LOC-030,5.0,8
2026-03-04,LOC-030,3.6,1
2026-03-04,LOC-030,4.2,15
2026-03-04,LOC-030,5.0,16
2026-03-05,LOC-030,4.5,21
2026-03-05,LOC-030,4.0,1
2026-03-05,LOC-030,5.0,22
2026-03-05,LOC-030,4.3,11
2026-03-05,LOC-030,4.3,6
2026-03-05,LOC-030,4.0,28
2026-03-05,LOC-030,5.0,4
2026-03-06,LOC-030,4.7,4
2026-03-06,LOC-030,4.3,40
2026-03-06,LOC-030,4.2,1
2026-03-06,LOC-030,4.8,2
2026-03-06,LOC-030,3.5,24
2026-03-06,LOC-030,4.5,4
2026-03-06,LOC-030,4.7,28
2026-03-07,LOC-030,5.0,18
2026-03-07,LOC-030,4.9,34
2026-03-07,LOC-030,4.2,9
2026-03-07,LOC-030,4.7,46
2026-03-08,LOC-030,4.5,5
2026-03-08,LOC-030,4.4,13
2026-03-08,LOC-030,4.7,11
2026-03-08,LOC-030,3.8,10
2026-03-09,LOC-030,4.7,3
2026-03-10,LOC-030,4.9,50
2026-03-10,LOC-030,4.5,6
2026-03-10,LOC-030,4.5,58
2026-03-12,LOC-030,4.0,36
2026-03-13,LOC-030,4.4,9
2026-03-13,LOC-030,4.3,4
2026-03-13,LOC-030,4.3,9
2026-03-13,LOC-030,4.2,2
2026-03-14,LOC-030,4.8,6
2026-03-14,LOC-030,5.0,21
2026-03-14,LOC-030,4.1,1
2026-03-15,LOC-030,5.0,1
2026-03-16,LOC-030,4.8,8
2026-03-16,LOC-030,4.3,7
2026-03-16,LOC-030,3.4,10
2026-03-17,LOC-030,5.0,11
2026-03-17,LOC-030,4.2,30
2026-03-17,LOC-030,4.7,15
2026-03-18,LOC-030,5.0,28
2026-03-18,LOC-030,4.9,12
2026-03-18,LOC-030,5.0,21
2026-03-18,LOC-030,4.7,3
2026-03-18,LOC-030,4.5,9
2026-03-18,LOC-030,5.0,1
2026-03-19,LOC-030,4.8,12
2026-03-19,LOC-030,4.9,76
2026-03-19,LOC-030,4.9,12
2026-03-20,LOC-030,4.3,3
2026-03-20,LOC-030,4.9,6
2026-03-20,LOC-030,4.8,1
2026-03-21,LOC-030,4.9,34
2026-03-21,LOC-030,4.1,20
2026-03-21,LOC-030,4.9,4
2026-03-21,LOC-030,4.7,4
2026-03-21,LOC-030,4.3,5
2026-03-22,LOC-030,4.4,21
2026-03-22,LOC-030,4.6,10
2026-03-22,LOC-030,4.3,13
2026-03-22,LOC-030,4.8,4
2026-03-22,LOC-030,5.0,1
2026-03-22,LOC-030,4.7,3
2026-03-22,LOC-030,4.7,17
2026-03-23,LOC-030,4.3,6
2026-03-23,LOC-030,5.0,16
2026-03-24,LOC-030,4.2,5
2026-03-24,LOC-030,4.3,2
2026-03-24,LOC-030,4.8,11
2026-03-24,LOC-030,4.3,1
2026-03-24,LOC-030,5.0,4
2026-03-25,LOC-030,5.0,9
2026-03-25,LOC-030,3.3,20
2026-03-25,LOC-030,4.7,32
2026-03-25,LOC-030,4.4,1
2026-03-25,LOC-030,4.5,35
2026-03-26,LOC-030,4.1,7
2026-03-26,LOC-030,4.6,24
2026-03-26,LOC-030,4.0,32
2026-03-27,LOC-030,4.9,19
2026-03-29,LOC-030,5.0,1
2026-03-29,LOC-030,4.5,1
2026-03-29,LOC-030,4.9,61
2026-03-29,LOC-030,3.9,3
2026-03-29,LOC-030,4.8,8
2026-03-29,LOC-030,4.3,41
2026-03-30,LOC-030,4.4,14
2026-03-31,LOC-030,4.6,7
2026-03-31,LOC-030,3.9,13
2026-03-31,LOC-030,5.0,20
2026-04-01,LOC-030,3.8,11
2026-04-01,LOC-030,4.8,10
2026-04-01,LOC-030,3.8,1
2026-04-02,LOC-030,5.0,8
2026-04-02,LOC-030,4.3,14
2026-04-02,LOC-030,4.5,3
2026-04-03,LOC-030,5.0,9
2026-04-03,LOC-030,4.3,16
2026-04-03,LOC-030,4.8,2
2026-04-03,LOC-030,5.0,16
2026-04-03,LOC-030,4.3,1
2026-04-03,LOC-030,4.8,5
2026-04-03,LOC-030,5.0,17
2026-04-04,LOC-030,4.7,1
2026-04-04,LOC-030,4.0,5
2026-04-04,LOC-030,4.7,2
2026-04-04,LOC-030,4.2,1
2026-04-05,LOC-030,4.4,1
2026-04-05,LOC-030,5.0,32
2026-04-05,LOC-030,4.4,4
2026-04-05,LOC-030,4.2,1
2026-04-06,LOC-030,4.1,7
2026-04-06,LOC-030,4.8,10
2026-04-06,LOC-030,4.7,18
2026-04-07,LOC-030,4.5,3
2026-04-07,LOC-030,4.2,14
2026-04-07,LOC-030,4.4,17
2026-04-08,LOC-030,5.0,9
2026-04-08,LOC-030,4.0,2
2026-04-08,LOC-030,5.0,38
2026-04-10,LOC-030,4.9,11
2026-04-10,LOC-030,5.0,12
2026-04-10,LOC-030,4.2,16
2026-04-10,LOC-030,4.5,7
2026-04-10,LOC-030,4.3,9
2026-04-10,LOC-030,4.7,38
2026-04-10,LOC-030,4.7,7
2026-04-11,LOC-030,5.0,43
2026-04-11,LOC-030,4.4,1
2026-04-11,LOC-030,4.1,11
2026-04-11,LOC-030,5.0,1
2026-04-11,LOC-030,3.7,23
2026-04-13,LOC-030,5.0,12
2026-04-13,LOC-030,4.6,17
2026-04-13,LOC-030,4.0,4
2026-04-13,LOC-030,4.9,7
2026-04-14,LOC-030,4.9,45
2026-04-14,LOC-030,4.8,16
2026-04-14,LOC-030,4.1,1
2026-04-15,LOC-030,3.8,3
2026-04-15,LOC-030,4.9,6
2026-04-16,LOC-030,3.9,46
2026-04-17,LOC-030,4.0,3
2026-04-17,LOC-030,4.2,1
2026-04-17,LOC-030,4.4,1
2026-04-18,LOC-030,5.0,1
2026-04-18,LOC-030,4.7,11
2026-04-19,LOC-030,4.2,7
2026-04-19,LOC-030,4.5,20
2026-04-20,LOC-030,3.6,3
2026-04-20,LOC-030,4.6,9
2026-04-20,LOC-030,3.8,1
2026-04-21,LOC-030,5.0,5
2026-04-21,LOC-030,4.4,16
2026-04-21,LOC-030,4.3,39
2026-04-22,LOC-030,4.9,43
2026-04-22,LOC-030,4.1,14
2026-04-22,LOC-030,5.0,4
2026-04-22,LOC-030,4.1,1
2026-04-23,LOC-030,4.3,1
2026-04-23,LOC-030,5.0,2
2026-04-24,LOC-030,4.5,20
2026-04-24,LOC-030,4.5,4
2026-04-25,LOC-030,4.3,5
2026-04-25,LOC-030,3.0,3
2026-04-25,LOC-030,5.0,17
2026-04-25,LOC-030,5.0,26
2026-04-26,LOC-030,4.9,16
2026-04-26,LOC-030,4.7,7
2026-04-27,LOC-030,5.0,39
2026-04-27,LOC-030,4.8,22
2026-04-27,LOC-030,4.2,12
2026-04-27,LOC-030,5.0,1
2026-04-28,LOC-030,4.3,22
2026-04-28,LOC-030,4.5,10
2026-04-28,LOC-030,4.8,17
2026-04-28,LOC-030,4.3,14
2026-04-28,LOC-030,3.7,19
2026-04-28,LOC-030,5.0,35
2026-04-29,LOC-030,4.9,39
2026-04-29,LOC-030,5.0,1
2026-04-29,LOC-030,3.7,10
2026-04-29,LOC-030,4.6,2
2026-04-29,LOC-030,4.8,1
2026-04-29,LOC-030,4.8,3
2026-04-30,LOC-030,4.3,25
2026-04-30,LOC-030,4.4,8
2026-04-30,LOC-030,4.1,59
2026-04-30,LOC-030,5.0,8
2026-05-01,LOC-030,4.7,14
2026-05-01,LOC-030,5.0,3
2026-05-01,LOC-030,4.8,22
2026-05-02,LOC-030,4.6,3
2026-05-02,LOC-030,5.0,9
2026-05-03,LOC-030,5.0,6
2026-05-03,LOC-030,5.0,6
2026-05-03,LOC-030,4.1,6
2026-05-04,LOC-030,4.1,21
2026-05-04,LOC-030,4.9,16
2026-05-05,LOC-030,4.1,1
2026-05-05,LOC-030,4.1,16
2026-05-06,LOC-030,4.8,25
2026-05-06,LOC-030,4.5,35
2026-05-06,LOC-030,4.4,29
2026-05-06,LOC-030,3.9,11
2026-05-06,LOC-030,5.0,2
2026-05-06,LOC-030,4.5,35
2026-05-07,LOC-030,5.0,38
2026-05-08,LOC-030,4.1,1
2026-05-08,LOC-030,4.0,3
2026-05-08,LOC-030,3.9,2
2026-05-09,LOC-030,5.0,7
2026-05-09,LOC-030,4.7,50
2026-05-09,LOC-030,5.0,5
2026-05-09,LOC-030,4.8,1
2026-05-10,LOC-030,3.5,1
2026-05-10,LOC-030,4.9,7
2026-05-10,LOC-030,4.2,3
2026-05-11,LOC-030,5.0,8
2026-05-11,LOC-030,4.9,1
2026-05-12,LOC-030,5.0,22
2026-05-12,LOC-030,3.8,38
2026-05-12,LOC-030,5.0,2
2026-05-13,LOC-030,4.4,12
2026-05-13,LOC-030,3.6,42
2026-05-13,LOC-030,5.0,3
2026-05-13,LOC-030,5.0,24
2026-05-13,LOC-030,5.0,50
2026-05-13,LOC-030,4.1,34
2026-05-13,LOC-030,4.9,10
2026-05-13,LOC-030,3.5,6
2026-05-14,LOC-030,4.5,46
2026-05-14,LOC-030,4.4,1
2026-05-14,LOC-030,4.5,1
2026-05-14,LOC-030,3.8,20
2026-05-14,LOC-030,5.0,23
2026-05-15,LOC-030,5.0,5
2026-05-15,LOC-030,4.5,4
2026-05-15,LOC-030,4.5,42
2026-05-15,LOC-030,3.9,1
2026-05-15,LOC-030,5.0,71
2026-05-15,LOC-030,3.4,38
2026-05-15,LOC-030,4.0,21
2026-05-16,LOC-030,4.0,1
2026-05-16,LOC-030,4.0,30
2026-05-16,LOC-030,5.0,2
2026-05-17,LOC-030,4.5,71
2026-05-18,LOC-030,4.9,21
2026-05-18,LOC-030,5.0,2
2026-05-18,LOC-030,3.6,37
2026-05-19,LOC-030,5.0,2
2026-05-19,LOC-030,4.6,3
2026-05-19,LOC-030,4.9,18
2026-05-19,LOC-030,4.0,20
2026-05-20,LOC-030,4.7,40
2026-05-20,LOC-030,4.5,4
2026-05-22,LOC-030,4.5,4
2026-05-22,LOC-030,4.1,1
2026-05-23,LOC-030,4.7,1
2026-05-23,LOC-030,4.9,38
2026-05-23,LOC-030,4.9,14
2026-05-23,LOC-030,4.7,16
2026-05-24,LOC-030,4.3,22
2026-05-24,LOC-030,4.5,4
2026-05-24,LOC-030,4.6,74
2026-05-24,LOC-030,5.0,5
2026-05-24,LOC-030,3.9,8
2026-05-24,LOC-030,4.0,5
2026-05-24,LOC-030,4.7,4
2026-05-25,LOC-030,5.0,17
2026-05-25,LOC-030,4.0,1
2026-05-26,LOC-030,5.0,15
2026-05-26,LOC-030,4.8,5
2026-05-26,LOC-030,3.6,24
2026-05-26,LOC-030,5.0,46
2026-05-28,LOC-030,5.0,27
2026-05-28,LOC-030,4.1,6
2026-05-28,LOC-030,5.0,5
2026-05-29,LOC-030,5.0,1
2026-05-29,LOC-030,4.8,22
2026-05-29,LOC-030,4.3,29
2026-05-30,LOC-030,4.5,2
2026-05-30,LOC-030,4.8,17
2026-05-30,LOC-030,3.9,23
2026-05-30,LOC-030,4.3,21
2026-05-31,LOC-030,4.9,8
2026-05-31,LOC-030,4.6,20
2026-05-31,LOC-030,4.9,16
2026-05-31,LOC-030,5.0,8
2026-05-31,LOC-030,3.7,35
2026-06-01,LOC-030,4.1,23
2026-06-01,LOC-030,5.0,44
2026-06-01,LOC-030,4.7,24
2026-06-01,LOC-030,4.3,2
2026-06-01,LOC-030,4.5,1
2026-06-02,LOC-030,4.7,9
2026-06-02,LOC-030,4.4,1
2026-06-02,LOC-030,5.0,7
2026-06-02,LOC-030,4.6,43
2026-06-03,LOC-030,4.4,3
2026-06-03,LOC-030,4.5,11
2026-06-04,LOC-030,5.0,41
2026-06-04,LOC-030,4.7,17
2026-06-04,LOC-030,4.9,26
2026-06-04,LOC-030,5.0,10
2026-06-04,LOC-030,4.1,26
2026-06-04,LOC-030,4.4,28
2026-06-05,LOC-030,4.4,2
2026-06-05,LOC-030,5.0,27
2026-06-05,LOC-030,4.5,1
2026-06-05,LOC-030,5.0,20
2026-06-06,LOC-030,4.6,8
2026-06-06,LOC-030,4.4,20
2026-06-06,LOC-030,4.8,29
2026-06-06,LOC-030,4.6,19
2026-06-06,LOC-030,4.9,8
2026-06-07,LOC-030,4.1,44
2026-06-07,LOC-030,4.3,2
2026-06-07,LOC-030,5.0,11
2026-06-07,LOC-030,4.0,11
2026-06-08,LOC-030,4.2,15
2026-06-08,LOC-030,5.0,2
2026-06-08,LOC-030,4.0,13
2026-06-09,LOC-030,4.5,19
2026-06-09,LOC-030,4.7,9
2026-06-09,LOC-030,4.6,3
2026-06-09,LOC-030,4.4,13
2026-06-10,LOC-030,4.9,1
2026-06-11,LOC-030,4.2,53
2026-06-11,LOC-030,3.8,1
2026-06-11,LOC-030,5.0,12
2026-06-12,LOC-030,4.1,14
2026-06-12,LOC-030,4.3,2
2026-06-12,LOC-030,3.7,9
2026-06-12,LOC-030,5.0,9
2026-06-13,LOC-030,4.5,8
2026-06-13,LOC-030,4.7,12
2026-06-13,LOC-030,4.7,1
2026-06-13,LOC-030,4.5,1
2026-06-13,LOC-030,3.9,40
2026-06-13,LOC-030,4.0,105
2026-06-14,LOC-030,3.6,24
2026-06-15,LOC-030,4.4,15
2026-06-15,LOC-030,4.9,14
2026-06-15,LOC-030,3.9,1
2026-06-15,LOC-030,4.1,1
2026-06-16,LOC-030,4.5,20
2026-06-16,LOC-030,5.0,1
2026-06-16,LOC-030,4.3,22
2026-06-16,LOC-030,4.6,11
2026-06-16,LOC-030,4.1,45
2026-06-17,LOC-030,3.4,16
2026-06-18,LOC-030,4.2,4
2026-06-19,LOC-030,4.3,7
2026-06-19,LOC-030,5.0,24
2026-06-20,LOC-030,4.3,2
2026-06-20,LOC-030,4.4,10
2026-06-20,LOC-030,4.6,17
2026-06-20,LOC-030,5.0,2
2026-06-20,LOC-030,5.0,10
2026-06-20,LOC-030,4.2,22
2026-06-21,LOC-030,3.6,2
2026-06-21,LOC-030,3.7,25
2026-06-22,LOC-030,4.0,24
2026-06-22,LOC-030,4.3,11
2026-06-22,LOC-030,3.8,5
2026-06-22,LOC-030,4.1,9
2026-06-23,LOC-030,3.8,9
2026-06-23,LOC-030,5.0,7
2026-06-23,LOC-030,4.3,20
2026-06-23,LOC-030,4.4,6
2026-06-24,LOC-030,4.0,11
2026-06-24,LOC-030,4.4,19
2026-06-24,LOC-030,4.7,11
2026-06-24,LOC-030,4.6,14
2026-06-24,LOC-030,4.2,18
2026-06-25,LOC-030,4.2,3
2026-06-25,LOC-030,3.7,23
2026-06-25,LOC-030,4.6,2
2026-06-25,LOC-030,4.5,6
2026-06-26,LOC-030,4.1,11
2026-06-27,LOC-030,4.5,1
2026-06-27,LOC-030,4.8,24
2026-06-27,LOC-030,3.8,22
2026-06-27,LOC-030,3.9,9
2026-06-27,LOC-030,4.7,5
2026-06-27,LOC-030,4.7,154
2026-06-28,LOC-030,3.9,32
2026-06-30,LOC-030,4.2,2
2026-06-30,LOC-030,4.3,95
2026-06-30,LOC-030,4.6,1
2026-06-30,LOC-030,4.3,54
2026-01-01,LOC-031,4.1,14
2026-01-01,LOC-031,4.2,2
2026-01-01,LOC-031,3.1,3
2026-01-02,LOC-031,4.2,12
2026-01-03,LOC-031,2.9,6
2026-01-03,LOC-031,3.1,15
2026-01-03,LOC-031,2.8,10
2026-01-04,LOC-031,3.5,12
2026-01-04,LOC-031,3.1,79
2026-01-04,LOC-031,2.9,4
2026-01-05,LOC-031,3.3,13
2026-01-05,LOC-031,4.2,11
2026-01-05,LOC-031,4.1,5
2026-01-05,LOC-031,3.9,16
2026-01-06,LOC-031,3.0,22
2026-01-06,LOC-031,3.8,8
2026-01-06,LOC-031,3.0,24
2026-01-07,LOC-031,3.2,1
2026-01-07,LOC-031,3.9,17
2026-01-07,LOC-031,3.8,14
2026-01-08,LOC-031,3.4,17
2026-01-09,LOC-031,3.4,24
2026-01-09,LOC-031,2.4,1
2026-01-09,LOC-031,4.2,29
2026-01-09,LOC-031,3.8,6
2026-01-09,LOC-031,3.0,17
2026-01-09,LOC-031,4.0,16
2026-01-10,LOC-031,4.4,19
2026-01-10,LOC-031,3.0,1
2026-01-11,LOC-031,3.2,35
2026-01-11,LOC-031,3.2,19
2026-01-11,LOC-031,2.4,58
2026-01-13,LOC-031,3.2,34
2026-01-13,LOC-031,4.1,4
2026-01-14,LOC-031,3.4,7
2026-01-14,LOC-031,3.6,3
2026-01-14,LOC-031,3.6,11
2026-01-14,LOC-031,3.5,16
2026-01-15,LOC-031,3.6,14
2026-01-15,LOC-031,3.9,5
2026-01-15,LOC-031,3.3,10
2026-01-16,LOC-031,4.0,3
2026-01-17,LOC-031,3.2,5
2026-01-17,LOC-031,4.0,47
2026-01-17,LOC-031,2.9,22
2026-01-17,LOC-031,3.5,1
2026-01-18,LOC-031,3.2,72
2026-01-18,LOC-031,3.2,3
2026-01-18,LOC-031,3.6,21
2026-01-18,LOC-031,4.1,9
2026-01-18,LOC-031,3.6,19
2026-01-18,LOC-031,3.4,21
2026-01-19,LOC-031,4.8,14
2026-01-20,LOC-031,3.4,11
2026-01-20,LOC-031,4.0,6
2026-01-20,LOC-031,3.7,3
2026-01-20,LOC-031,3.2,8
2026-01-20,LOC-031,3.0,1
2026-01-21,LOC-031,3.1,16
2026-01-21,LOC-031,4.0,1
2026-01-21,LOC-031,3.4,21
2026-01-21,LOC-031,3.4,3
2026-01-22,LOC-031,4.8,13
2026-01-22,LOC-031,3.4,16
2026-01-22,LOC-031,4.2,3
2026-01-22,LOC-031,2.6,1
2026-01-23,LOC-031,3.4,1
2026-01-23,LOC-031,3.6,4
2026-01-23,LOC-031,3.8,6
2026-01-23,LOC-031,4.7,3
2026-01-24,LOC-031,3.7,10
2026-01-24,LOC-031,4.9,8
2026-01-25,LOC-031,3.8,10
2026-01-25,LOC-031,3.6,6
2026-01-25,LOC-031,3.7,4
2026-01-25,LOC-031,2.5,7
2026-01-25,LOC-031,3.3,2
2026-01-26,LOC-031,3.4,9
2026-01-26,LOC-031,4.0,9
2026-01-26,LOC-031,2.9,10
2026-01-26,LOC-031,4.5,1
2026-01-27,LOC-031,3.4,15
2026-01-27,LOC-031,3.5,28
2026-01-28,LOC-031,4.0,3
2026-01-29,LOC-031,3.7,9
2026-01-30,LOC-031,4.3,49
2026-01-30,LOC-031,4.0,20
2026-01-30,LOC-031,3.6,48
2026-01-30,LOC-031,3.4,7
2026-01-31,LOC-031,3.2,21
2026-01-31,LOC-031,3.3,4
2026-01-31,LOC-031,3.3,4
2026-02-01,LOC-031,4.1,11
2026-02-01,LOC-031,3.3,1
2026-02-01,LOC-031,2.9,1
2026-02-01,LOC-031,3.8,3
2026-02-02,LOC-031,3.5,24
2026-02-02,LOC-031,4.2,22
2026-02-02,LOC-031,2.5,5
2026-02-02,LOC-031,3.6,19
2026-02-03,LOC-031,3.1,8
2026-02-03,LOC-031,3.9,22
2026-02-03,LOC-031,3.2,1
2026-02-03,LOC-031,3.8,15
2026-02-05,LOC-031,3.0,23
2026-02-05,LOC-031,3.1,22
2026-02-06,LOC-031,4.4,22
2026-02-06,LOC-031,3.8,21
2026-02-06,LOC-031,3.6,25
2026-02-06,LOC-031,4.2,19
2026-02-06,LOC-031,3.7,7
2026-02-07,LOC-031,3.1,23
2026-02-07,LOC-031,3.7,8
2026-02-07,LOC-031,3.9,3
2026-02-07,LOC-031,3.4,24
2026-02-07,LOC-031,2.7,12
2026-02-08,LOC-031,3.9,21
2026-02-09,LOC-031,3.0,17
2026-02-09,LOC-031,4.5,37
2026-02-09,LOC-031,3.7,1
2026-02-10,LOC-031,3.4,1
2026-02-11,LOC-031,3.0,17
2026-02-11,LOC-031,3.4,21
2026-02-11,LOC-031,3.9,8
2026-02-11,LOC-031,3.8,17
2026-02-11,LOC-031,2.7,6
2026-02-12,LOC-031,3.1,4
2026-02-12,LOC-031,3.5,21
2026-02-13,LOC-031,4.0,12
2026-02-14,LOC-031,3.3,17
2026-02-14,LOC-031,3.2,14
2026-02-15,LOC-031,4.4,6
2026-02-15,LOC-031,4.0,1
2026-02-15,LOC-031,4.4,18
2026-02-15,LOC-031,4.4,10
2026-02-15,LOC-031,3.8,19
2026-02-16,LOC-031,4.2,19
2026-02-16,LOC-031,3.9,6
2026-02-18,LOC-031,3.3,10
2026-02-18,LOC-031,3.1,16
2026-02-18,LOC-031,3.8,21
2026-02-18,LOC-031,3.9,39
2026-02-19,LOC-031,3.1,21
2026-02-19,LOC-031,3.9,2
2026-02-19,LOC-031,4.0,11
2026-02-19,LOC-031,3.8,11
2026-02-19,LOC-031,3.0,19
2026-02-19,LOC-031,2.6,1
2026-02-20,LOC-031,3.9,6
2026-02-20,LOC-031,3.1,23
2026-02-20,LOC-031,4.0,12
2026-02-20,LOC-031,4.0,30
2026-02-22,LOC-031,2.7,2
2026-02-22,LOC-031,3.1,6
2026-02-23,LOC-031,2.5,4
2026-02-23,LOC-031,3.7,6
2026-02-23,LOC-031,3.3,3
2026-02-24,LOC-031,4.4,31
2026-02-24,LOC-031,3.8,3
2026-02-24,LOC-031,4.3,50
2026-02-25,LOC-031,3.9,41
2026-02-25,LOC-031,3.3,13
2026-02-25,LOC-031,4.2,9
2026-02-25,LOC-031,4.0,7
2026-02-25,LOC-031,3.3,5
2026-02-26,LOC-031,4.1,12
2026-02-26,LOC-031,3.5,51
2026-02-26,LOC-031,3.8,13
2026-02-27,LOC-031,3.6,24
2026-02-27,LOC-031,3.1,5
2026-02-28,LOC-031,4.1,5
2026-03-01,LOC-031,3.0,4
2026-03-01,LOC-031,2.5,15
2026-03-01,LOC-031,3.7,6
2026-03-02,LOC-031,3.9,6
2026-03-02,LOC-031,4.1,3
2026-03-02,LOC-031,3.8,1
2026-03-02,LOC-031,3.9,13
2026-03-03,LOC-031,3.9,13
2026-03-03,LOC-031,3.8,7
2026-03-03,LOC-031,3.6,35
2026-03-04,LOC-031,3.8,63
2026-03-04,LOC-031,2.5,33
2026-03-05,LOC-031,3.2,22
2026-03-05,LOC-031,3.4,20
2026-03-05,LOC-031,3.9,9
2026-03-07,LOC-031,3.1,1
2026-03-07,LOC-031,4.1,57
2026-03-07,LOC-031,3.1,17
2026-03-07,LOC-031,3.6,10
2026-03-07,LOC-031,3.6,9
2026-03-08,LOC-031,3.0,15
2026-03-08,LOC-031,3.2,23
2026-03-09,LOC-031,3.5,4
2026-03-09,LOC-031,3.2,35
2026-03-09,LOC-031,3.0,57
2026-03-09,LOC-031,3.3,5
2026-03-09,LOC-031,3.4,9
2026-03-10,LOC-031,3.4,28
2026-03-10,LOC-031,3.5,11
2026-03-10,LOC-031,3.4,4
2026-03-11,LOC-031,3.8,3
2026-03-11,LOC-031,2.5,7
2026-03-11,LOC-031,4.6,27
2026-03-11,LOC-031,4.0,1
2026-03-11,LOC-031,3.5,6
2026-03-11,LOC-031,4.3,2
2026-03-11,LOC-031,3.2,12
2026-03-12,LOC-031,2.8,4
2026-03-14,LOC-031,4.3,1
2026-03-14,LOC-031,3.8,31
2026-03-14,LOC-031,3.6,9
2026-03-14,LOC-031,3.6,1
2026-03-14,LOC-031,4.6,6
2026-03-14,LOC-031,4.2,50
2026-03-14,LOC-031,3.4,5
2026-03-15,LOC-031,3.4,10
2026-03-15,LOC-031,3.4,15
2026-03-15,LOC-031,4.3,8
2026-03-16,LOC-031,3.3,1
2026-03-16,LOC-031,3.5,1
2026-03-16,LOC-031,3.6,8
2026-03-16,LOC-031,3.6,21
2026-03-17,LOC-031,3.5,20
2026-03-17,LOC-031,4.4,11
2026-03-17,LOC-031,3.6,28
2026-03-17,LOC-031,3.5,3
2026-03-18,LOC-031,2.8,21
2026-03-19,LOC-031,4.3,19
2026-03-19,LOC-031,3.8,14
2026-03-19,LOC-031,2.9,31
2026-03-19,LOC-031,3.6,29
2026-03-19,LOC-031,3.2,9
2026-03-20,LOC-031,4.1,10
2026-03-20,LOC-031,4.5,41
2026-03-20,LOC-031,4.2,15
2026-03-21,LOC-031,3.1,4
2026-03-22,LOC-031,3.2,30
2026-03-22,LOC-031,3.4,22
2026-03-22,LOC-031,3.3,2
2026-03-22,LOC-031,2.9,5
2026-03-23,LOC-031,3.4,35
2026-03-23,LOC-031,3.5,20
2026-03-23,LOC-031,4.6,3
2026-03-24,LOC-031,3.7,8
2026-03-24,LOC-031,3.8,1
2026-03-24,LOC-031,4.3,2
2026-03-24,LOC-031,3.3,6
2026-03-25,LOC-031,2.4,4
2026-03-25,LOC-031,3.9,17
2026-03-25,LOC-031,2.6,1
2026-03-25,LOC-031,4.1,98
2026-03-25,LOC-031,2.8,14
2026-03-25,LOC-031,3.7,15
2026-03-25,LOC-031,5.0,3
2026-03-25,LOC-031,2.9,4
2026-03-25,LOC-031,4.0,1
2026-03-25,LOC-031,3.8,29
2026-03-26,LOC-031,3.2,1
2026-03-26,LOC-031,3.6,2
2026-03-26,LOC-031,3.7,10
2026-03-27,LOC-031,3.1,3
2026-03-27,LOC-031,4.2,1
2026-03-28,LOC-031,3.7,3
2026-03-28,LOC-031,3.1,10
2026-03-28,LOC-031,3.8,3
2026-03-28,LOC-031,4.8,9
2026-03-28,LOC-031,4.0,1
2026-03-29,LOC-031,3.6,41
2026-03-29,LOC-031,3.9,12
2026-03-29,LOC-031,3.6,79
2026-03-30,LOC-031,3.0,14
2026-03-30,LOC-031,2.9,1
2026-03-30,LOC-031,2.7,2
2026-03-30,LOC-031,3.8,13
2026-03-30,LOC-031,4.1,46
2026-03-30,LOC-031,2.5,2
2026-03-30,LOC-031,3.4,7
2026-03-30,LOC-031,3.1,2
2026-03-31,LOC-031,3.5,15
2026-03-31,LOC-031,3.7,2
2026-04-01,LOC-031,3.4,9
2026-04-02,LOC-031,3.9,2
2026-04-02,LOC-031,3.6,1
2026-04-02,LOC-031,3.6,5
2026-04-02,LOC-031,3.5,24
2026-04-03,LOC-031,3.8,16
2026-04-03,LOC-031,3.8,6
2026-04-03,LOC-031,3.5,11
2026-04-03,LOC-031,4.0,9
2026-04-03,LOC-031,3.6,16
2026-04-04,LOC-031,3.3,1
2026-04-04,LOC-031,3.6,1
2026-04-05,LOC-031,3.7,5
2026-04-05,LOC-031,4.1,31
2026-04-05,LOC-031,3.6,25
2026-04-05,LOC-031,4.4,3
2026-04-06,LOC-031,4.2,3
2026-04-06,LOC-031,4.1,1
2026-04-06,LOC-031,4.0,23
2026-04-07,LOC-031,3.4,1
2026-04-07,LOC-031,3.4,25
2026-04-08,LOC-031,3.5,5
2026-04-08,LOC-031,3.8,71
2026-04-08,LOC-031,3.1,22
2026-04-09,LOC-031,3.8,29
2026-04-09,LOC-031,3.9,11
2026-04-09,LOC-031,3.7,5
2026-04-09,LOC-031,4.3,16
2026-04-10,LOC-031,4.1,10
2026-04-10,LOC-031,4.4,57
2026-04-11,LOC-031,3.2,17
2026-04-11,LOC-031,3.8,25
2026-04-11,LOC-031,3.0,24
2026-04-11,LOC-031,3.9,7
2026-04-11,LOC-031,3.1,6
2026-04-12,LOC-031,3.4,27
2026-04-13,LOC-031,3.7,1
2026-04-13,LOC-031,3.3,6
2026-04-13,LOC-031,4.2,9
2026-04-13,LOC-031,3.5,19
2026-04-13,LOC-031,3.5,3
2026-04-13,LOC-031,4.0,3
2026-04-14,LOC-031,3.7,12
2026-04-14,LOC-031,4.1,12
2026-04-14,LOC-031,4.3,10
2026-04-15,LOC-031,3.4,8
2026-04-15,LOC-031,3.2,70
2026-04-15,LOC-031,3.3,41
2026-04-15,LOC-031,3.0,1
2026-04-16,LOC-031,2.6,2
2026-04-16,LOC-031,3.4,14
2026-04-16,LOC-031,5.0,1
2026-04-16,LOC-031,4.0,10
2026-04-16,LOC-031,3.3,1
2026-04-16,LOC-031,3.6,34
2026-04-16,LOC-031,3.2,19
2026-04-17,LOC-031,3.4,31
2026-04-17,LOC-031,3.1,12
2026-04-17,LOC-031,3.9,22
2026-04-18,LOC-031,4.3,1
2026-04-18,LOC-031,2.7,24
2026-04-18,LOC-031,3.5,3
2026-04-19,LOC-031,3.5,1
2026-04-19,LOC-031,3.5,8
2026-04-19,LOC-031,4.4,6
2026-04-19,LOC-031,3.2,44
2026-04-20,LOC-031,2.7,1
2026-04-20,LOC-031,3.4,48
2026-04-21,LOC-031,2.9,7
2026-04-21,LOC-031,3.2,82
2026-04-22,LOC-031,3.2,1
2026-04-22,LOC-031,3.3,44
2026-04-23,LOC-031,3.0,1
2026-04-23,LOC-031,3.1,1
2026-04-23,LOC-031,3.8,7
2026-04-23,LOC-031,2.7,9
2026-04-23,LOC-031,3.9,21
2026-04-24,LOC-031,3.1,31
2026-04-24,LOC-031,3.6,1
2026-04-25,LOC-031,2.9,3
2026-04-25,LOC-031,2.8,4
2026-04-25,LOC-031,4.1,15
2026-04-25,LOC-031,3.2,2
2026-04-25,LOC-031,3.3,14
2026-04-26,LOC-031,3.2,2
2026-04-26,LOC-031,3.8,16
2026-04-26,LOC-031,4.6,13
2026-04-27,LOC-031,3.5,2
2026-04-27,LOC-031,3.7,19
2026-04-27,LOC-031,4.4,3
2026-04-27,LOC-031,3.6,2
2026-04-27,LOC-031,3.4,5
2026-04-28,LOC-031,3.6,17
2026-04-28,LOC-031,3.7,7
2026-04-29,LOC-031,3.8,1
2026-04-29,LOC-031,2.9,7
2026-04-30,LOC-031,3.1,11
2026-04-30,LOC-031,3.0,16
2026-04-30,LOC-031,3.1,1
2026-05-01,LOC-031,2.4,28
2026-05-01,LOC-031,3.3,33
2026-05-01,LOC-031,4.1,12
2026-05-01,LOC-031,3.5,43
2026-05-02,LOC-031,3.2,23
2026-05-02,LOC-031,3.3,35
2026-05-03,LOC-031,3.5,6
2026-05-03,LOC-031,3.4,6
2026-05-04,LOC-031,2.8,15
2026-05-04,LOC-031,4.0,2
2026-05-04,LOC-031,4.0,12
2026-05-04,LOC-031,3.7,1
2026-05-05,LOC-031,2.9,1
2026-05-05,LOC-031,4.7,10
2026-05-05,LOC-031,3.4,22
2026-05-05,LOC-031,3.4,29
2026-05-06,LOC-031,4.0,5
2026-05-06,LOC-031,2.5,8
2026-05-07,LOC-031,4.1,1
2026-05-08,LOC-031,3.0,3
2026-05-08,LOC-031,3.9,3
2026-05-08,LOC-031,2.3,5
2026-05-08,LOC-031,3.6,5
2026-05-08,LOC-031,3.9,28
2026-05-08,LOC-031,4.1,1
2026-05-08,LOC-031,3.4,27
2026-05-09,LOC-031,2.8,3
2026-05-10,LOC-031,2.9,15
2026-05-10,LOC-031,3.9,12
2026-05-10,LOC-031,3.0,49
2026-05-10,LOC-031,3.9,66
2026-05-11,LOC-031,3.4,4
2026-05-12,LOC-031,3.3,13
2026-05-12,LOC-031,4.4,9
2026-05-12,LOC-031,4.1,19
2026-05-13,LOC-031,4.1,33
2026-05-13,LOC-031,3.6,35
2026-05-14,LOC-031,4.7,1
2026-05-14,LOC-031,3.8,25
2026-05-14,LOC-031,3.3,46
2026-05-14,LOC-031,4.1,14
2026-05-15,LOC-031,3.0,9
2026-05-15,LOC-031,3.4,12
2026-05-15,LOC-031,3.8,6
2026-05-15,LOC-031,3.6,19
2026-05-16,LOC-031,2.5,4
2026-05-17,LOC-031,3.5,19
2026-05-18,LOC-031,3.8,15
2026-05-18,LOC-031,3.1,55
2026-05-19,LOC-031,2.8,30
2026-05-19,LOC-031,3.2,18
2026-05-19,LOC-031,3.0,17
2026-05-19,LOC-031,3.5,63
2026-05-20,LOC-031,4.7,30
2026-05-20,LOC-031,3.7,10
2026-05-20,LOC-031,2.8,38
2026-05-20,LOC-031,3.7,1
2026-05-20,LOC-031,3.9,1
2026-05-21,LOC-031,3.6,31
2026-05-21,LOC-031,2.7,32
2026-05-21,LOC-031,2.6,17
2026-05-23,LOC-031,4.3,15
2026-05-23,LOC-031,3.6,9
2026-05-24,LOC-031,3.1,10
2026-05-24,LOC-031,4.4,30
2026-05-24,LOC-031,3.1,1
2026-05-25,LOC-031,3.7,11
2026-05-25,LOC-031,2.9,5
2026-05-25,LOC-031,3.9,7
2026-05-26,LOC-031,2.9,19
2026-05-26,LOC-031,4.4,54
2026-05-26,LOC-031,3.0,3
2026-05-26,LOC-031,4.8,23
2026-05-27,LOC-031,2.6,2
2026-05-28,LOC-031,4.1,2
2026-05-28,LOC-031,2.7,20
2026-05-28,LOC-031,2.6,42
2026-05-28,LOC-031,4.4,7
2026-05-29,LOC-031,3.7,1
2026-05-29,LOC-031,3.3,9
2026-05-29,LOC-031,3.3,21
2026-05-29,LOC-031,4.0,22
2026-05-30,LOC-031,2.8,20
2026-05-30,LOC-031,3.3,18
2026-05-30,LOC-031,3.6,1
2026-05-31,LOC-031,4.8,9
2026-05-31,LOC-031,3.9,11
2026-06-01,LOC-031,3.2,13
2026-06-01,LOC-031,3.4,1
2026-06-01,LOC-031,3.5,12
2026-06-02,LOC-031,3.6,4
2026-06-03,LOC-031,3.6,5
2026-06-03,LOC-031,4.1,27
2026-06-03,LOC-031,3.5,5
2026-06-04,LOC-031,3.6,4
2026-06-04,LOC-031,3.1,17
2026-06-04,LOC-031,3.1,14
2026-06-05,LOC-031,3.9,4
2026-06-05,LOC-031,4.1,8
2026-06-06,LOC-031,3.3,7
2026-06-06,LOC-031,4.1,32
2026-06-06,LOC-031,4.3,21
2026-06-07,LOC-031,3.3,6
2026-06-07,LOC-031,3.5,5
2026-06-07,LOC-031,3.4,7
2026-06-08,LOC-031,3.1,11
2026-06-08,LOC-031,3.5,14
2026-06-09,LOC-031,2.7,16
2026-06-09,LOC-031,3.4,2
2026-06-10,LOC-031,3.4,15
2026-06-10,LOC-031,3.5,6
2026-06-10,LOC-031,3.2,1
2026-06-10,LOC-031,3.8,5
2026-06-10,LOC-031,3.3,9
2026-06-10,LOC-031,3.6,8
2026-06-11,LOC-031,4.4,63
2026-06-11,LOC-031,3.4,6
2026-06-11,LOC-031,4.4,4
2026-06-12,LOC-031,4.2,10
2026-06-12,LOC-031,3.8,7
2026-06-12,LOC-031,2.5,18
2026-06-12,LOC-031,3.4,41
2026-06-14,LOC-031,4.4,10
2026-06-14,LOC-031,3.5,2
2026-06-14,LOC-031,2.8,11
2026-06-14,LOC-031,3.1,1
2026-06-15,LOC-031,3.2,21
2026-06-16,LOC-031,4.3,41
2026-06-16,LOC-031,3.8,22
2026-06-17,LOC-031,3.4,8
2026-06-17,LOC-031,3.1,1
2026-06-19,LOC-031,4.1,33
2026-06-20,LOC-031,3.8,17
2026-06-20,LOC-031,4.3,26
2026-06-20,LOC-031,3.7,31
2026-06-20,LOC-031,3.6,9
2026-06-20,LOC-031,4.5,18
2026-06-21,LOC-031,3.4,9
2026-06-22,LOC-031,3.1,18
2026-06-22,LOC-031,3.3,17
2026-06-23,LOC-031,4.0,78
2026-06-23,LOC-031,3.1,14
2026-06-24,LOC-031,4.0,6
2026-06-24,LOC-031,4.4,3
2026-06-25,LOC-031,3.6,4
2026-06-25,LOC-031,3.5,39
2026-06-25,LOC-031,3.4,8
2026-06-25,LOC-031,3.9,9
2026-06-25,LOC-031,2.5,6
2026-06-26,LOC-031,4.0,8
2026-06-26,LOC-031,3.9,5
2026-06-26,LOC-031,4.0,32
2026-06-27,LOC-031,2.6,9
2026-06-27,LOC-031,3.6,5
2026-06-27,LOC-031,4.0,27
2026-06-28,LOC-031,3.4,9
2026-06-29,LOC-031,4.1,1
2026-06-29,LOC-031,3.7,13
2026-06-30,LOC-031,2.9,9
2026-06-30,LOC-031,3.1,21
2026-06-30,LOC-031,3.4,15
2026-06-30,LOC-031,4.0,7
2026-01-01,LOC-032,3.1,1
2026-01-01,LOC-032,2.9,16
2026-01-01,LOC-032,2.5,35
2026-01-01,LOC-032,3.8,7
2026-01-02,LOC-032,2.9,22
2026-01-03,LOC-032,4.0,12
2026-01-03,LOC-032,3.7,19
2026-01-04,LOC-032,3.7,3
2026-01-04,LOC-032,3.7,19
2026-01-04,LOC-032,3.5,15
2026-01-05,LOC-032,3.7,15
2026-01-05,LOC-032,4.3,21
2026-01-06,LOC-032,3.6,15
2026-01-06,LOC-032,4.1,28
2026-01-06,LOC-032,3.2,76
2026-01-06,LOC-032,3.0,80
2026-01-07,LOC-032,3.9,6
2026-01-08,LOC-032,3.1,3
2026-01-08,LOC-032,3.9,18
2026-01-08,LOC-032,3.2,4
2026-01-08,LOC-032,3.2,3
2026-01-08,LOC-032,2.7,22
2026-01-09,LOC-032,3.3,3
2026-01-10,LOC-032,3.6,6
2026-01-10,LOC-032,3.8,23
2026-01-10,LOC-032,4.3,5
2026-01-10,LOC-032,3.0,30
2026-01-11,LOC-032,3.3,12
2026-01-11,LOC-032,4.8,7
2026-01-11,LOC-032,3.6,13
2026-01-12,LOC-032,3.3,4
2026-01-12,LOC-032,3.9,14
2026-01-13,LOC-032,4.3,2
2026-01-13,LOC-032,3.5,9
2026-01-13,LOC-032,3.8,4
2026-01-13,LOC-032,3.4,31
2026-01-14,LOC-032,4.2,1
2026-01-14,LOC-032,4.1,4
2026-01-14,LOC-032,2.7,4
2026-01-16,LOC-032,4.3,38
2026-01-16,LOC-032,3.7,20
2026-01-16,LOC-032,3.2,28
2026-01-16,LOC-032,3.8,16
2026-01-16,LOC-032,3.4,5
2026-01-16,LOC-032,4.1,10
2026-01-17,LOC-032,2.9,17
2026-01-17,LOC-032,3.8,12
2026-01-17,LOC-032,3.5,16
2026-01-17,LOC-032,2.6,30
2026-01-18,LOC-032,3.8,7
2026-01-18,LOC-032,3.6,9
2026-01-19,LOC-032,3.0,2
2026-01-19,LOC-032,3.8,16
2026-01-19,LOC-032,2.7,48
2026-01-19,LOC-032,3.3,1
2026-01-19,LOC-032,3.4,1
2026-01-19,LOC-032,4.0,6
2026-01-19,LOC-032,3.8,1
2026-01-19,LOC-032,3.3,33
2026-01-20,LOC-032,3.6,1
2026-01-20,LOC-032,2.5,21
2026-01-20,LOC-032,3.9,18
2026-01-20,LOC-032,4.2,17
2026-01-21,LOC-032,3.2,1
2026-01-21,LOC-032,2.9,1
2026-01-22,LOC-032,4.4,41
2026-01-22,LOC-032,2.6,3
2026-01-23,LOC-032,3.8,43
2026-01-23,LOC-032,3.3,5
2026-01-23,LOC-032,3.5,7
2026-01-24,LOC-032,2.9,21
2026-01-24,LOC-032,3.6,10
2026-01-24,LOC-032,3.8,8
2026-01-24,LOC-032,2.7,8
2026-01-24,LOC-032,3.6,20
2026-01-25,LOC-032,3.7,5
2026-01-25,LOC-032,2.8,9
2026-01-25,LOC-032,3.7,26
2026-01-25,LOC-032,3.8,7
2026-01-25,LOC-032,3.5,1
2026-01-25,LOC-032,3.1,31
2026-01-25,LOC-032,3.3,2
2026-01-26,LOC-032,3.8,8
2026-01-26,LOC-032,4.3,12
2026-01-26,LOC-032,3.3,19
2026-01-26,LOC-032,4.1,19
2026-01-27,LOC-032,3.6,9
2026-01-27,LOC-032,2.8,7
2026-01-28,LOC-032,3.1,3
2026-01-29,LOC-032,3.8,33
2026-01-29,LOC-032,3.7,11
2026-01-29,LOC-032,3.1,5
2026-01-30,LOC-032,3.6,13
2026-01-30,LOC-032,4.9,1
2026-01-30,LOC-032,3.6,19
2026-01-31,LOC-032,3.5,5
2026-01-31,LOC-032,3.2,52
2026-01-31,LOC-032,3.5,1
2026-02-01,LOC-032,2.6,61
2026-02-01,LOC-032,2.3,15
2026-02-01,LOC-032,3.9,3
2026-02-02,LOC-032,2.6,1
2026-02-02,LOC-032,2.7,9
2026-02-03,LOC-032,3.3,19
2026-02-03,LOC-032,3.1,24
2026-02-03,LOC-032,3.4,21
2026-02-03,LOC-032,3.2,33
2026-02-04,LOC-032,2.7,18
2026-02-04,LOC-032,3.0,3
2026-02-04,LOC-032,3.8,35
2026-02-04,LOC-032,3.8,8
2026-02-04,LOC-032,3.6,1
2026-02-05,LOC-032,3.0,31
2026-02-05,LOC-032,3.9,18
2026-02-06,LOC-032,4.4,32
2026-02-06,LOC-032,4.0,6
2026-02-06,LOC-032,2.8,3
2026-02-07,LOC-032,3.7,2
2026-02-08,LOC-032,3.0,12
2026-02-08,LOC-032,3.7,14
2026-02-08,LOC-032,4.0,13
2026-02-09,LOC-032,4.0,10
2026-02-10,LOC-032,3.8,28
2026-02-11,LOC-032,3.2,1
2026-02-11,LOC-032,3.3,1
2026-02-11,LOC-032,4.1,8
2026-02-12,LOC-032,3.2,17
2026-02-12,LOC-032,3.2,9
2026-02-12,LOC-032,4.9,20
2026-02-12,LOC-032,3.2,22
2026-02-12,LOC-032,4.0,1
2026-02-13,LOC-032,3.6,21
2026-02-13,LOC-032,3.7,4
2026-02-13,LOC-032,3.6,15
2026-02-13,LOC-032,3.5,17
2026-02-13,LOC-032,2.9,8
2026-02-13,LOC-032,3.3,13
2026-02-14,LOC-032,4.2,20
2026-02-14,LOC-032,3.8,3
2026-02-14,LOC-032,3.6,2
2026-02-14,LOC-032,4.4,10
2026-02-14,LOC-032,3.4,1
2026-02-14,LOC-032,3.4,2
2026-02-14,LOC-032,3.5,21
2026-02-15,LOC-032,4.0,7
2026-02-15,LOC-032,3.4,8
2026-02-15,LOC-032,3.3,9
2026-02-15,LOC-032,3.7,22
2026-02-15,LOC-032,3.6,45
2026-02-16,LOC-032,3.2,10
2026-02-16,LOC-032,3.9,6
2026-02-16,LOC-032,3.9,3
2026-02-16,LOC-032,2.6,36
2026-02-16,LOC-032,3.4,18
2026-02-16,LOC-032,3.0,27
2026-02-18,LOC-032,3.5,5
2026-02-18,LOC-032,3.6,27
2026-02-18,LOC-032,4.2,8
2026-02-19,LOC-032,3.6,5
2026-02-19,LOC-032,2.8,38
2026-02-19,LOC-032,3.4,21
2026-02-19,LOC-032,3.0,9
2026-02-19,LOC-032,3.0,2
2026-02-20,LOC-032,3.1,4
2026-02-20,LOC-032,3.6,1
2026-02-20,LOC-032,2.9,2
2026-02-20,LOC-032,3.2,16
2026-02-20,LOC-032,3.2,15
2026-02-21,LOC-032,2.8,56
2026-02-21,LOC-032,4.1,10
2026-02-21,LOC-032,3.4,14
2026-02-21,LOC-032,3.3,4
2026-02-22,LOC-032,3.5,1
2026-02-23,LOC-032,3.2,32
2026-02-23,LOC-032,2.9,12
2026-02-23,LOC-032,3.0,1
2026-02-24,LOC-032,3.6,24
2026-02-25,LOC-032,4.6,5
2026-02-25,LOC-032,3.2,18
2026-02-25,LOC-032,4.2,3
2026-02-25,LOC-032,4.7,10
2026-02-25,LOC-032,3.8,4
2026-02-25,LOC-032,2.3,1
2026-02-26,LOC-032,3.4,29
2026-02-26,LOC-032,4.2,37
2026-02-26,LOC-032,3.9,14
2026-02-26,LOC-032,3.9,12
2026-02-26,LOC-032,3.5,40
2026-02-26,LOC-032,3.8,32
2026-02-26,LOC-032,4.1,12
2026-02-27,LOC-032,3.5,1
2026-02-27,LOC-032,4.2,10
2026-02-28,LOC-032,3.3,10
2026-02-28,LOC-032,4.4,6
2026-02-28,LOC-032,3.1,16
2026-03-01,LOC-032,3.3,3
2026-03-01,LOC-032,3.5,16
2026-03-01,LOC-032,3.4,1
2026-03-01,LOC-032,4.2,47
2026-03-02,LOC-032,2.7,20
2026-03-02,LOC-032,3.2,7
2026-03-02,LOC-032,4.2,1
2026-03-02,LOC-032,3.5,25
2026-03-03,LOC-032,3.9,61
2026-03-03,LOC-032,3.6,12
2026-03-03,LOC-032,4.2,4
2026-03-03,LOC-032,3.6,1
2026-03-03,LOC-032,3.9,4
2026-03-03,LOC-032,4.0,2
2026-03-04,LOC-032,3.5,10
2026-03-04,LOC-032,3.4,2
2026-03-04,LOC-032,3.2,9
2026-03-04,LOC-032,4.5,2
2026-03-05,LOC-032,4.5,8
2026-03-05,LOC-032,3.3,61
2026-03-05,LOC-032,4.1,14
2026-03-06,LOC-032,4.1,13
2026-03-06,LOC-032,3.3,8
2026-03-07,LOC-032,4.4,10
2026-03-07,LOC-032,3.6,3
2026-03-07,LOC-032,3.2,21
2026-03-07,LOC-032,3.2,3
2026-03-07,LOC-032,3.3,2
2026-03-08,LOC-032,3.2,2
2026-03-08,LOC-032,4.0,23
2026-03-08,LOC-032,3.5,2
2026-03-09,LOC-032,3.9,14
2026-03-10,LOC-032,3.7,4
2026-03-10,LOC-032,3.2,1
2026-03-10,LOC-032,3.5,3
2026-03-11,LOC-032,3.5,1
2026-03-11,LOC-032,3.4,6
2026-03-11,LOC-032,4.1,5
2026-03-12,LOC-032,4.4,7
2026-03-12,LOC-032,3.0,1
2026-03-13,LOC-032,4.1,1
2026-03-13,LOC-032,3.5,1
2026-03-13,LOC-032,3.2,2
2026-03-14,LOC-032,4.0,4
2026-03-15,LOC-032,4.1,16
2026-03-18,LOC-032,2.8,1
2026-03-18,LOC-032,3.5,8
2026-03-18,LOC-032,3.2,11
2026-03-18,LOC-032,4.3,10
2026-03-18,LOC-032,3.5,3
2026-03-18,LOC-032,3.8,1
2026-03-19,LOC-032,2.7,41
2026-03-19,LOC-032,3.1,9
2026-03-20,LOC-032,4.1,2
2026-03-20,LOC-032,3.1,10
2026-03-20,LOC-032,2.7,1
2026-03-20,LOC-032,3.6,16
2026-03-21,LOC-032,3.6,52
2026-03-21,LOC-032,3.5,33
2026-03-21,LOC-032,3.7,12
2026-03-21,LOC-032,3.0,16
2026-03-22,LOC-032,3.1,13
2026-03-22,LOC-032,2.7,8
2026-03-22,LOC-032,3.5,17
2026-03-23,LOC-032,3.7,31
2026-03-24,LOC-032,3.5,34
2026-03-24,LOC-032,3.5,17
2026-03-24,LOC-032,3.2,10
2026-03-24,LOC-032,4.2,4
2026-03-25,LOC-032,3.7,12
2026-03-25,LOC-032,3.0,3
2026-03-26,LOC-032,3.8,1
2026-03-26,LOC-032,3.2,7
2026-03-26,LOC-032,3.3,2
2026-03-27,LOC-032,4.0,11
2026-03-29,LOC-032,3.7,55
2026-03-30,LOC-032,3.3,11
2026-03-30,LOC-032,3.1,24
2026-03-30,LOC-032,3.1,1
2026-03-31,LOC-032,3.8,16
2026-03-31,LOC-032,2.8,11
2026-03-31,LOC-032,4.2,6
2026-03-31,LOC-032,2.2,31
2026-04-01,LOC-032,3.5,1
2026-04-01,LOC-032,3.4,2
2026-04-03,LOC-032,4.0,26
2026-04-03,LOC-032,3.5,12
2026-04-03,LOC-032,3.1,60
2026-04-03,LOC-032,3.3,5
2026-04-03,LOC-032,3.3,8
2026-04-04,LOC-032,3.0,13
2026-04-04,LOC-032,3.5,9
2026-04-04,LOC-032,3.3,13
2026-04-04,LOC-032,3.5,5
2026-04-05,LOC-032,3.2,1
2026-04-05,LOC-032,3.6,60
2026-04-06,LOC-032,3.1,82
2026-04-06,LOC-032,3.4,3
2026-04-07,LOC-032,3.5,1
2026-04-07,LOC-032,4.4,2
2026-04-07,LOC-032,3.8,48
2026-04-08,LOC-032,3.1,28
2026-04-08,LOC-032,4.0,24
2026-04-08,LOC-032,2.8,11
2026-04-08,LOC-032,4.2,33
2026-04-08,LOC-032,4.3,11
2026-04-09,LOC-032,4.1,26
2026-04-09,LOC-032,4.0,20
2026-04-09,LOC-032,3.0,32
2026-04-10,LOC-032,2.8,1
2026-04-10,LOC-032,3.4,11
2026-04-10,LOC-032,2.8,21
2026-04-10,LOC-032,3.6,10
2026-04-10,LOC-032,3.7,5
2026-04-10,LOC-032,3.7,89
2026-04-10,LOC-032,3.9,17
2026-04-10,LOC-032,2.5,13
2026-04-11,LOC-032,3.6,1
2026-04-11,LOC-032,3.8,22
2026-04-11,LOC-032,3.9,4
2026-04-11,LOC-032,4.5,7
2026-04-11,LOC-032,3.6,15
2026-04-11,LOC-032,3.6,4
2026-04-11,LOC-032,2.9,10
2026-04-12,LOC-032,3.8,3
2026-04-13,LOC-032,2.2,9
2026-04-13,LOC-032,4.4,2
2026-04-13,LOC-032,4.5,5
2026-04-13,LOC-032,3.1,2
2026-04-13,LOC-032,2.8,8
2026-04-14,LOC-032,3.3,3
2026-04-15,LOC-032,4.2,2
2026-04-15,LOC-032,3.1,4
2026-04-15,LOC-032,3.5,5
2026-04-16,LOC-032,3.5,10
2026-04-16,LOC-032,3.8,16
2026-04-16,LOC-032,3.5,36
2026-04-17,LOC-032,4.4,9
2026-04-17,LOC-032,3.2,3
2026-04-17,LOC-032,3.2,1
2026-04-17,LOC-032,3.6,2
2026-04-17,LOC-032,3.5,1
2026-04-18,LOC-032,3.2,6
2026-04-18,LOC-032,3.3,2
2026-04-18,LOC-032,3.3,7
2026-04-18,LOC-032,4.0,1
2026-04-18,LOC-032,3.6,25
2026-04-19,LOC-032,3.9,36
2026-04-21,LOC-032,2.6,36
2026-04-21,LOC-032,2.8,16
2026-04-21,LOC-032,3.4,1
2026-04-21,LOC-032,2.8,10
2026-04-21,LOC-032,4.0,1
2026-04-21,LOC-032,4.1,18
2026-04-22,LOC-032,3.9,42
2026-04-22,LOC-032,3.0,37
2026-04-22,LOC-032,2.8,39
2026-04-23,LOC-032,2.9,16
2026-04-23,LOC-032,3.4,7
2026-04-23,LOC-032,3.7,3
2026-04-23,LOC-032,3.0,15
2026-04-24,LOC-032,1.9,25
2026-04-24,LOC-032,2.6,12
2026-04-24,LOC-032,3.6,72
2026-04-25,LOC-032,3.5,2
2026-04-25,LOC-032,2.2,9
2026-04-25,LOC-032,3.6,23
2026-04-25,LOC-032,3.9,11
2026-04-25,LOC-032,3.6,2
2026-04-25,LOC-032,3.1,22
2026-04-26,LOC-032,3.7,15
2026-04-26,LOC-032,3.5,14
2026-04-26,LOC-032,4.2,8
2026-04-26,LOC-032,3.9,5
2026-04-27,LOC-032,4.4,23
2026-04-27,LOC-032,3.7,13
2026-04-27,LOC-032,3.6,34
2026-04-27,LOC-032,3.3,2
2026-04-27,LOC-032,3.1,5
2026-04-28,LOC-032,3.2,30
2026-04-28,LOC-032,4.3,19
2026-04-28,LOC-032,3.4,34
2026-04-28,LOC-032,3.2,6
2026-04-28,LOC-032,3.8,26
2026-04-28,LOC-032,3.8,11
2026-04-28,LOC-032,3.5,3
2026-04-28,LOC-032,4.0,23
2026-04-28,LOC-032,4.4,64
2026-04-29,LOC-032,3.8,6
2026-04-29,LOC-032,4.0,2
2026-04-29,LOC-032,3.8,6
2026-04-29,LOC-032,3.3,27
2026-04-29,LOC-032,2.7,6
2026-04-30,LOC-032,3.6,21
2026-04-30,LOC-032,3.4,2
2026-04-30,LOC-032,4.0,20
2026-04-30,LOC-032,2.7,7
2026-04-30,LOC-032,3.2,1
2026-04-30,LOC-032,4.1,17
2026-04-30,LOC-032,3.3,8
2026-05-01,LOC-032,2.4,3
2026-05-01,LOC-032,3.8,29
2026-05-01,LOC-032,2.9,5
2026-05-01,LOC-032,3.6,3
2026-05-02,LOC-032,4.3,15
2026-05-02,LOC-032,3.3,16
2026-05-03,LOC-032,3.6,7
2026-05-03,LOC-032,3.3,23
2026-05-04,LOC-032,3.3,94
2026-05-04,LOC-032,2.2,27
2026-05-04,LOC-032,3.6,22
2026-05-04,LOC-032,4.3,47
2026-05-04,LOC-032,3.1,1
2026-05-04,LOC-032,2.8,1
2026-05-05,LOC-032,3.6,9
2026-05-06,LOC-032,3.5,1
2026-05-06,LOC-032,3.3,6
2026-05-06,LOC-032,4.0,19
2026-05-06,LOC-032,3.0,1
2026-05-06,LOC-032,4.3,14
2026-05-07,LOC-032,3.3,1
2026-05-07,LOC-032,3.1,19
2026-05-07,LOC-032,4.2,2
2026-05-07,LOC-032,3.2,15
2026-05-07,LOC-032,2.9,4
2026-05-08,LOC-032,3.7,5
2026-05-08,LOC-032,3.3,3
2026-05-09,LOC-032,3.3,48
2026-05-10,LOC-032,3.8,30
2026-05-11,LOC-032,3.1,2
2026-05-11,LOC-032,3.5,9
2026-05-12,LOC-032,4.4,15
2026-05-12,LOC-032,3.6,21
2026-05-12,LOC-032,3.9,2
2026-05-12,LOC-032,3.4,22
2026-05-12,LOC-032,3.6,4
2026-05-12,LOC-032,2.4,19
2026-05-12,LOC-032,3.6,10
2026-05-12,LOC-032,3.4,5
2026-05-12,LOC-032,2.8,31
2026-05-13,LOC-032,3.2,12
2026-05-13,LOC-032,2.8,21
2026-05-14,LOC-032,3.3,9
2026-05-14,LOC-032,2.9,12
2026-05-14,LOC-032,3.3,43
2026-05-15,LOC-032,3.8,1
2026-05-15,LOC-032,3.5,1
2026-05-15,LOC-032,3.5,11
2026-05-16,LOC-032,3.7,9
2026-05-16,LOC-032,3.6,7
2026-05-16,LOC-032,3.6,17
2026-05-16,LOC-032,3.9,20
2026-05-16,LOC-032,3.9,40
2026-05-17,LOC-032,4.2,3
2026-05-17,LOC-032,3.3,3
2026-05-17,LOC-032,3.9,7
2026-05-17,LOC-032,3.8,7
2026-05-17,LOC-032,3.5,7
2026-05-17,LOC-032,2.9,1
2026-05-18,LOC-032,3.5,9
2026-05-18,LOC-032,3.7,54
2026-05-19,LOC-032,2.9,4
2026-05-19,LOC-032,3.5,9
2026-05-20,LOC-032,2.5,20
2026-05-21,LOC-032,4.1,23
2026-05-21,LOC-032,3.2,12
2026-05-22,LOC-032,3.2,38
2026-05-22,LOC-032,4.3,10
2026-05-22,LOC-032,3.2,5
2026-05-22,LOC-032,3.4,7
2026-05-23,LOC-032,4.0,9
2026-05-23,LOC-032,3.9,11
2026-05-24,LOC-032,4.0,40
2026-05-24,LOC-032,3.3,8
2026-05-24,LOC-032,3.6,8
2026-05-25,LOC-032,3.5,31
2026-05-25,LOC-032,3.3,1
2026-05-25,LOC-032,3.2,6
2026-05-25,LOC-032,4.2,10
2026-05-25,LOC-032,3.7,1
2026-05-25,LOC-032,2.9,1
2026-05-25,LOC-032,3.9,19
2026-05-25,LOC-032,3.7,6
2026-05-25,LOC-032,3.4,1
2026-05-25,LOC-032,3.5,27
2026-05-26,LOC-032,3.0,16
2026-05-26,LOC-032,4.4,8
2026-05-26,LOC-032,2.5,3
2026-05-26,LOC-032,3.7,34
2026-05-26,LOC-032,2.9,1
2026-05-26,LOC-032,2.7,31
2026-05-26,LOC-032,3.4,50
2026-05-27,LOC-032,4.0,8
2026-05-27,LOC-032,4.5,8
2026-05-28,LOC-032,3.4,26
2026-05-28,LOC-032,3.6,1
2026-05-28,LOC-032,4.1,23
2026-05-28,LOC-032,3.7,24
2026-05-29,LOC-032,2.6,8
2026-05-29,LOC-032,2.6,38
2026-05-29,LOC-032,3.0,3
2026-05-30,LOC-032,4.0,1
2026-05-30,LOC-032,4.6,6
2026-06-01,LOC-032,3.4,7
2026-06-01,LOC-032,3.4,11
2026-06-01,LOC-032,2.6,14
2026-06-01,LOC-032,3.1,1
2026-06-01,LOC-032,3.9,1
2026-06-02,LOC-032,2.9,20
2026-06-02,LOC-032,4.3,1
2026-06-02,LOC-032,3.2,3
2026-06-02,LOC-032,3.1,8
2026-06-03,LOC-032,3.8,6
2026-06-03,LOC-032,3.2,54
2026-06-03,LOC-032,3.6,60
2026-06-04,LOC-032,3.5,12
2026-06-05,LOC-032,2.7,10
2026-06-05,LOC-032,3.3,29
2026-06-05,LOC-032,3.7,88
2026-06-05,LOC-032,2.9,1
2026-06-06,LOC-032,2.9,1
2026-06-06,LOC-032,3.6,9
2026-06-07,LOC-032,3.4,6
2026-06-07,LOC-032,3.6,11
2026-06-07,LOC-032,3.2,1
2026-06-08,LOC-032,3.3,10
2026-06-09,LOC-032,3.7,1
2026-06-10,LOC-032,3.8,2
2026-06-10,LOC-032,3.1,11
2026-06-10,LOC-032,3.1,20
2026-06-10,LOC-032,3.9,10
2026-06-10,LOC-032,3.6,34
2026-06-10,LOC-032,3.1,17
2026-06-10,LOC-032,3.4,40
2026-06-10,LOC-032,4.0,39
2026-06-10,LOC-032,4.1,10
2026-06-11,LOC-032,3.7,33
2026-06-11,LOC-032,4.1,7
2026-06-11,LOC-032,4.1,35
2026-06-11,LOC-032,3.7,1
2026-06-12,LOC-032,3.3,18
2026-06-12,LOC-032,3.2,13
2026-06-12,LOC-032,3.6,1
2026-06-13,LOC-032,3.6,26
2026-06-15,LOC-032,3.3,3
2026-06-15,LOC-032,3.0,39
2026-06-15,LOC-032,3.5,1
2026-06-15,LOC-032,4.3,1
2026-06-16,LOC-032,3.7,3
2026-06-16,LOC-032,3.9,1
2026-06-16,LOC-032,3.4,8
2026-06-16,LOC-032,3.3,69
2026-06-17,LOC-032,3.8,11
2026-06-17,LOC-032,5.0,1
2026-06-18,LOC-032,3.7,2
2026-06-18,LOC-032,2.7,8
2026-06-18,LOC-032,3.3,8
2026-06-19,LOC-032,3.4,19
2026-06-19,LOC-032,3.0,8
2026-06-20,LOC-032,4.2,5
2026-06-20,LOC-032,3.8,12
2026-06-21,LOC-032,3.1,1
2026-06-21,LOC-032,2.8,4
2026-06-22,LOC-032,4.1,1
2026-06-22,LOC-032,3.4,6
2026-06-22,LOC-032,3.2,21
2026-06-22,LOC-032,3.0,15
2026-06-23,LOC-032,2.7,37
2026-06-24,LOC-032,4.1,3
2026-06-24,LOC-032,3.5,5
2026-06-24,LOC-032,3.8,12
2026-06-24,LOC-032,4.5,5
2026-06-24,LOC-032,3.4,10
2026-06-25,LOC-032,2.8,5
2026-06-25,LOC-032,4.6,1
2026-06-26,LOC-032,3.3,9
2026-06-26,LOC-032,3.9,43
2026-06-26,LOC-032,3.7,1
2026-06-27,LOC-032,3.5,34
2026-06-27,LOC-032,3.4,13
2026-06-28,LOC-032,3.5,3
2026-06-28,LOC-032,3.7,5
2026-06-28,LOC-032,3.4,1
2026-06-28,LOC-032,3.4,4
2026-06-29,LOC-032,3.6,3
2026-06-29,LOC-032,4.5,16
2026-06-29,LOC-032,3.4,21
2026-06-30,LOC-032,3.6,16
2026-06-30,LOC-032,3.8,10
2026-06-30,LOC-032,4.6,17
2026-01-01,LOC-033,4.4,26
2026-01-01,LOC-033,4.9,22
2026-01-01,LOC-033,4.3,11
2026-01-01,LOC-033,5.0,2
2026-01-02,LOC-033,3.6,37
2026-01-02,LOC-033,3.9,6
2026-01-02,LOC-033,3.9,3
2026-01-02,LOC-033,5.0,6
2026-01-03,LOC-033,4.3,3
2026-01-03,LOC-033,4.0,1
2026-01-03,LOC-033,4.3,10
2026-01-04,LOC-033,5.0,24
2026-01-04,LOC-033,5.0,22
2026-01-04,LOC-033,4.2,37
2026-01-04,LOC-033,4.4,8
2026-01-05,LOC-033,5.0,7
2026-01-06,LOC-033,4.7,1
2026-01-06,LOC-033,4.2,12
2026-01-06,LOC-033,5.0,2
2026-01-06,LOC-033,4.0,6
2026-01-07,LOC-033,5.0,48
2026-01-07,LOC-033,4.7,4
2026-01-07,LOC-033,5.0,27
2026-01-08,LOC-033,4.4,6
2026-01-08,LOC-033,4.4,37
2026-01-08,LOC-033,4.0,1
2026-01-08,LOC-033,3.5,5
2026-01-08,LOC-033,4.2,1
2026-01-08,LOC-033,4.8,28
2026-01-09,LOC-033,5.0,39
2026-01-09,LOC-033,4.1,1
2026-01-09,LOC-033,5.0,1
2026-01-09,LOC-033,3.6,12
2026-01-09,LOC-033,4.6,2
2026-01-09,LOC-033,4.5,9
2026-01-10,LOC-033,4.3,10
2026-01-10,LOC-033,4.0,6
2026-01-10,LOC-033,4.5,1
2026-01-11,LOC-033,4.7,49
2026-01-11,LOC-033,4.0,25
2026-01-12,LOC-033,4.5,1
2026-01-12,LOC-033,4.7,10
2026-01-13,LOC-033,5.0,13
2026-01-13,LOC-033,4.0,1
2026-01-14,LOC-033,4.9,42
2026-01-14,LOC-033,4.7,9
2026-01-14,LOC-033,4.4,1
2026-01-14,LOC-033,4.7,2
2026-01-14,LOC-033,5.0,37
2026-01-15,LOC-033,4.2,11
2026-01-15,LOC-033,3.4,28
2026-01-15,LOC-033,4.2,46
2026-01-15,LOC-033,3.2,2
2026-01-15,LOC-033,4.3,1
2026-01-15,LOC-033,3.9,10
2026-01-15,LOC-033,4.5,14
2026-01-16,LOC-033,4.1,6
2026-01-17,LOC-033,4.3,18
2026-01-17,LOC-033,3.7,2
2026-01-17,LOC-033,4.7,19
2026-01-17,LOC-033,3.7,22
2026-01-18,LOC-033,4.7,22
2026-01-18,LOC-033,4.8,4
2026-01-18,LOC-033,4.6,7
2026-01-19,LOC-033,5.0,9
2026-01-19,LOC-033,4.3,28
2026-01-20,LOC-033,4.5,10
2026-01-20,LOC-033,4.4,18
2026-01-21,LOC-033,4.8,1
2026-01-22,LOC-033,4.1,55
2026-01-22,LOC-033,4.5,5
2026-01-22,LOC-033,4.3,3
2026-01-22,LOC-033,5.0,13
2026-01-22,LOC-033,5.0,15
2026-01-22,LOC-033,4.5,12
2026-01-22,LOC-033,5.0,2
2026-01-22,LOC-033,4.4,27
2026-01-23,LOC-033,5.0,32
2026-01-23,LOC-033,3.7,12
2026-01-23,LOC-033,4.1,10
2026-01-24,LOC-033,5.0,23
2026-01-24,LOC-033,4.7,7
2026-01-24,LOC-033,4.3,1
2026-01-24,LOC-033,4.8,1
2026-01-25,LOC-033,4.0,7
2026-01-25,LOC-033,5.0,24
2026-01-26,LOC-033,4.4,9
2026-01-26,LOC-033,2.8,14
2026-01-26,LOC-033,4.8,32
2026-01-26,LOC-033,4.5,8
2026-01-26,LOC-033,5.0,2
2026-01-26,LOC-033,3.8,36
2026-01-27,LOC-033,5.0,5
2026-01-27,LOC-033,4.9,5
2026-01-27,LOC-033,4.7,32
2026-01-27,LOC-033,4.5,13
2026-01-27,LOC-033,3.8,3
2026-01-28,LOC-033,4.6,1
2026-01-29,LOC-033,4.2,89
2026-01-29,LOC-033,4.7,9
2026-01-29,LOC-033,4.7,1
2026-01-29,LOC-033,3.7,5
2026-01-30,LOC-033,4.1,2
2026-01-31,LOC-033,4.0,18
2026-01-31,LOC-033,4.6,3
2026-02-01,LOC-033,4.6,20
2026-02-01,LOC-033,4.5,8
2026-02-01,LOC-033,4.1,26
2026-02-02,LOC-033,4.4,19
2026-02-03,LOC-033,5.0,5
2026-02-03,LOC-033,5.0,3
2026-02-03,LOC-033,3.3,9
2026-02-03,LOC-033,5.0,38
2026-02-03,LOC-033,4.1,1
2026-02-03,LOC-033,4.5,13
2026-02-03,LOC-033,5.0,67
2026-02-04,LOC-033,4.4,22
2026-02-04,LOC-033,3.8,29
2026-02-04,LOC-033,4.5,45
2026-02-06,LOC-033,3.4,11
2026-02-06,LOC-033,4.6,34
2026-02-06,LOC-033,4.9,14
2026-02-07,LOC-033,3.8,16
2026-02-07,LOC-033,4.6,15
2026-02-07,LOC-033,4.2,3
2026-02-07,LOC-033,4.2,24
2026-02-07,LOC-033,4.3,14
2026-02-07,LOC-033,4.9,19
2026-02-07,LOC-033,3.8,19
2026-02-08,LOC-033,4.9,22
2026-02-08,LOC-033,4.6,5
2026-02-08,LOC-033,4.3,22
2026-02-09,LOC-033,4.7,26
2026-02-09,LOC-033,4.6,19
2026-02-10,LOC-033,4.2,62
2026-02-11,LOC-033,4.8,14
2026-02-11,LOC-033,4.2,15
2026-02-11,LOC-033,4.0,7
2026-02-11,LOC-033,3.5,9
2026-02-11,LOC-033,4.0,8
2026-02-11,LOC-033,4.3,37
2026-02-12,LOC-033,4.0,6
2026-02-12,LOC-033,4.2,9
2026-02-13,LOC-033,4.5,9
2026-02-13,LOC-033,4.8,12
2026-02-13,LOC-033,4.1,6
2026-02-13,LOC-033,5.0,1
2026-02-14,LOC-033,4.2,1
2026-02-15,LOC-033,3.9,21
2026-02-15,LOC-033,4.4,50
2026-02-16,LOC-033,4.4,3
2026-02-16,LOC-033,4.7,5
2026-02-16,LOC-033,3.4,1
2026-02-16,LOC-033,4.9,42
2026-02-17,LOC-033,5.0,18
2026-02-17,LOC-033,4.4,1
2026-02-17,LOC-033,4.5,1
2026-02-17,LOC-033,4.6,9
2026-02-18,LOC-033,4.5,1
2026-02-19,LOC-033,3.9,9
2026-02-20,LOC-033,4.2,1
2026-02-20,LOC-033,3.8,30
2026-02-20,LOC-033,4.2,25
2026-02-20,LOC-033,3.5,57
2026-02-20,LOC-033,4.2,16
2026-02-21,LOC-033,4.3,24
2026-02-21,LOC-033,4.6,18
2026-02-21,LOC-033,5.0,12
2026-02-22,LOC-033,3.9,8
2026-02-22,LOC-033,4.4,25
2026-02-22,LOC-033,4.0,37
2026-02-23,LOC-033,4.7,1
2026-02-23,LOC-033,5.0,16
2026-02-24,LOC-033,4.2,11
2026-02-24,LOC-033,4.6,6
2026-02-24,LOC-033,4.9,1
2026-02-24,LOC-033,3.8,4
2026-02-24,LOC-033,4.0,1
2026-02-24,LOC-033,3.5,14
2026-02-24,LOC-033,4.6,5
2026-02-25,LOC-033,4.3,2
2026-02-25,LOC-033,4.3,11
2026-02-25,LOC-033,4.2,2
2026-02-25,LOC-033,4.8,15
2026-02-25,LOC-033,4.0,17
2026-02-26,LOC-033,4.5,32
2026-02-26,LOC-033,4.2,8
2026-02-26,LOC-033,4.9,23
2026-02-26,LOC-033,4.7,19
2026-02-27,LOC-033,3.9,37
2026-02-27,LOC-033,4.6,3
2026-02-27,LOC-033,4.1,54
2026-02-28,LOC-033,4.8,3
2026-02-28,LOC-033,4.9,52
2026-02-28,LOC-033,4.0,29
2026-03-01,LOC-033,4.5,6
2026-03-02,LOC-033,3.8,13
2026-03-02,LOC-033,4.8,4
2026-03-02,LOC-033,3.8,6
2026-03-02,LOC-033,4.4,6
2026-03-02,LOC-033,4.8,46
2026-03-03,LOC-033,4.3,9
2026-03-03,LOC-033,5.0,37
2026-03-03,LOC-033,4.2,10
2026-03-04,LOC-033,3.5,17
2026-03-04,LOC-033,4.7,2
2026-03-05,LOC-033,3.6,48
2026-03-06,LOC-033,3.1,5
2026-03-06,LOC-033,3.5,21
2026-03-06,LOC-033,4.6,1
2026-03-07,LOC-033,4.6,7
2026-03-08,LOC-033,4.7,12
2026-03-08,LOC-033,4.3,10
2026-03-08,LOC-033,4.5,11
2026-03-08,LOC-033,4.9,13
2026-03-08,LOC-033,4.6,1
2026-03-08,LOC-033,4.9,25
2026-03-08,LOC-033,4.3,1
2026-03-09,LOC-033,4.3,2
2026-03-09,LOC-033,4.4,24
2026-03-09,LOC-033,4.2,19
2026-03-09,LOC-033,5.0,16
2026-03-10,LOC-033,4.1,8
2026-03-11,LOC-033,4.3,25
2026-03-12,LOC-033,3.9,1
2026-03-12,LOC-033,3.7,1
2026-03-13,LOC-033,4.1,29
2026-03-13,LOC-033,3.7,32
2026-03-13,LOC-033,4.5,14
2026-03-13,LOC-033,4.2,9
2026-03-13,LOC-033,4.6,28
2026-03-14,LOC-033,3.7,1
2026-03-14,LOC-033,5.0,15
2026-03-14,LOC-033,3.4,51
2026-03-14,LOC-033,4.0,19
2026-03-14,LOC-033,3.5,16
2026-03-15,LOC-033,5.0,13
2026-03-15,LOC-033,5.0,23
2026-03-15,LOC-033,3.5,28
2026-03-15,LOC-033,3.3,7
2026-03-15,LOC-033,4.5,8
2026-03-15,LOC-033,4.1,6
2026-03-16,LOC-033,4.8,14
2026-03-17,LOC-033,5.0,4
2026-03-18,LOC-033,4.3,6
2026-03-19,LOC-033,4.8,1
2026-03-19,LOC-033,4.9,26
2026-03-19,LOC-033,5.0,13
2026-03-19,LOC-033,4.4,26
2026-03-20,LOC-033,3.3,15
2026-03-20,LOC-033,4.4,1
2026-03-21,LOC-033,3.4,23
2026-03-21,LOC-033,4.5,14
2026-03-21,LOC-033,3.9,11
2026-03-22,LOC-033,4.4,21
2026-03-22,LOC-033,4.2,6
2026-03-22,LOC-033,3.9,1
2026-03-23,LOC-033,4.8,9
2026-03-23,LOC-033,3.6,25
2026-03-23,LOC-033,4.8,8
2026-03-23,LOC-033,4.6,2
2026-03-24,LOC-033,5.0,6
2026-03-24,LOC-033,4.2,9
2026-03-25,LOC-033,4.2,12
2026-03-25,LOC-033,3.9,35
2026-03-25,LOC-033,4.7,11
2026-03-25,LOC-033,3.7,4
2026-03-26,LOC-033,3.6,16
2026-03-26,LOC-033,5.0,11
2026-03-27,LOC-033,5.0,5
2026-03-28,LOC-033,4.7,10
2026-03-28,LOC-033,5.0,2
2026-03-29,LOC-033,3.8,2
2026-03-29,LOC-033,4.0,14
2026-03-30,LOC-033,4.7,1
2026-03-30,LOC-033,4.1,2
2026-03-31,LOC-033,3.8,11
2026-03-31,LOC-033,3.4,20
2026-03-31,LOC-033,4.1,52
2026-04-01,LOC-033,3.9,27
2026-04-01,LOC-033,4.5,1
2026-04-02,LOC-033,4.1,27
2026-04-03,LOC-033,4.8,32
2026-04-03,LOC-033,3.9,1
2026-04-03,LOC-033,4.0,1
2026-04-03,LOC-033,3.8,23
2026-04-03,LOC-033,4.5,71
2026-04-03,LOC-033,3.9,11
2026-04-03,LOC-033,4.3,11
2026-04-04,LOC-033,3.4,4
2026-04-04,LOC-033,3.2,1
2026-04-05,LOC-033,5.0,14
2026-04-05,LOC-033,3.5,4
2026-04-05,LOC-033,3.6,3
2026-04-06,LOC-033,4.1,1
2026-04-06,LOC-033,3.4,40
2026-04-06,LOC-033,5.0,3
2026-04-07,LOC-033,4.0,20
2026-04-07,LOC-033,4.6,12
2026-04-08,LOC-033,3.7,2
2026-04-08,LOC-033,4.6,1
2026-04-08,LOC-033,4.5,11
2026-04-09,LOC-033,4.5,2
2026-04-09,LOC-033,5.0,34
2026-04-11,LOC-033,4.4,6
2026-04-11,LOC-033,3.8,29
2026-04-11,LOC-033,4.8,1
2026-04-11,LOC-033,5.0,9
2026-04-12,LOC-033,3.7,4
2026-04-12,LOC-033,5.0,7
2026-04-13,LOC-033,4.7,2
2026-04-13,LOC-033,4.5,25
2026-04-13,LOC-033,4.1,9
2026-04-13,LOC-033,4.0,11
2026-04-14,LOC-033,4.7,5
2026-04-14,LOC-033,4.2,20
2026-04-14,LOC-033,3.9,17
2026-04-14,LOC-033,3.6,14
2026-04-15,LOC-033,4.2,4
2026-04-15,LOC-033,4.2,19
2026-04-15,LOC-033,4.2,15
2026-04-16,LOC-033,4.2,5
2026-04-16,LOC-033,4.0,11
2026-04-17,LOC-033,4.4,23
2026-04-17,LOC-033,4.3,4
2026-04-18,LOC-033,4.1,6
2026-04-18,LOC-033,3.9,8
2026-04-18,LOC-033,4.4,3
2026-04-18,LOC-033,4.6,1
2026-04-19,LOC-033,4.2,7
2026-04-19,LOC-033,4.4,14
2026-04-19,LOC-033,3.0,4
2026-04-20,LOC-033,4.2,28
2026-04-20,LOC-033,4.3,3
2026-04-20,LOC-033,3.7,31
2026-04-20,LOC-033,3.3,36
2026-04-20,LOC-033,5.0,19
2026-04-20,LOC-033,4.0,22
2026-04-21,LOC-033,4.1,22
2026-04-21,LOC-033,4.5,10
2026-04-21,LOC-033,4.1,10
2026-04-21,LOC-033,4.2,13
2026-04-21,LOC-033,4.5,15
2026-04-22,LOC-033,4.6,8
2026-04-22,LOC-033,5.0,3
2026-04-22,LOC-033,4.2,8
2026-04-22,LOC-033,4.7,10
2026-04-23,LOC-033,4.3,16
2026-04-23,LOC-033,4.5,3
2026-04-25,LOC-033,4.7,3
2026-04-25,LOC-033,4.5,6
2026-04-25,LOC-033,4.6,16
2026-04-25,LOC-033,4.0,3
2026-04-25,LOC-033,3.7,57
2026-04-26,LOC-033,4.6,34
2026-04-26,LOC-033,4.3,22
2026-04-26,LOC-033,4.8,22
2026-04-26,LOC-033,4.3,37
2026-04-26,LOC-033,5.0,14
2026-04-26,LOC-033,4.0,6
2026-04-27,LOC-033,4.4,1
2026-04-28,LOC-033,3.9,1
2026-04-28,LOC-033,3.9,1
2026-04-28,LOC-033,4.3,28
2026-04-28,LOC-033,3.8,3
2026-04-29,LOC-033,4.8,19
2026-04-29,LOC-033,4.0,37
2026-04-30,LOC-033,4.9,25
2026-04-30,LOC-033,4.7,8
2026-05-01,LOC-033,4.7,14
2026-05-01,LOC-033,4.3,26
2026-05-02,LOC-033,4.4,53
2026-05-03,LOC-033,2.9,15
2026-05-03,LOC-033,4.9,3
2026-05-04,LOC-033,4.3,5
2026-05-04,LOC-033,4.1,14
2026-05-04,LOC-033,4.0,8
2026-05-05,LOC-033,4.4,1
2026-05-05,LOC-033,4.6,9
2026-05-05,LOC-033,3.7,11
2026-05-05,LOC-033,3.7,36
2026-05-06,LOC-033,4.0,5
2026-05-06,LOC-033,4.2,1
2026-05-06,LOC-033,4.1,18
2026-05-07,LOC-033,4.1,3
2026-05-07,LOC-033,4.9,23
2026-05-07,LOC-033,4.7,5
2026-05-07,LOC-033,5.0,21
2026-05-07,LOC-033,4.2,3
2026-05-08,LOC-033,4.0,4
2026-05-08,LOC-033,4.1,1
2026-05-08,LOC-033,3.6,1
2026-05-09,LOC-033,4.3,3
2026-05-09,LOC-033,4.2,15
2026-05-09,LOC-033,4.0,2
2026-05-10,LOC-033,4.6,16
2026-05-11,LOC-033,4.5,4
2026-05-11,LOC-033,3.9,5
2026-05-12,LOC-033,3.9,35
2026-05-12,LOC-033,4.3,13
2026-05-12,LOC-033,3.8,5
2026-05-13,LOC-033,4.0,6
2026-05-13,LOC-033,3.9,9
2026-05-13,LOC-033,4.3,25
2026-05-14,LOC-033,3.5,6
2026-05-14,LOC-033,4.2,10
2026-05-14,LOC-033,4.0,14
2026-05-14,LOC-033,4.0,14
2026-05-15,LOC-033,4.9,30
2026-05-15,LOC-033,3.9,20
2026-05-15,LOC-033,4.7,10
2026-05-15,LOC-033,4.2,33
2026-05-15,LOC-033,3.7,8
2026-05-16,LOC-033,4.4,59
2026-05-17,LOC-033,4.7,20
2026-05-17,LOC-033,4.4,9
2026-05-18,LOC-033,4.2,2
2026-05-18,LOC-033,5.0,13
2026-05-18,LOC-033,5.0,62
2026-05-18,LOC-033,4.2,3
2026-05-18,LOC-033,4.5,10
2026-05-19,LOC-033,3.6,25
2026-05-19,LOC-033,4.6,7
2026-05-19,LOC-033,4.3,5
2026-05-19,LOC-033,5.0,10
2026-05-19,LOC-033,4.3,8
2026-05-20,LOC-033,4.1,16
2026-05-21,LOC-033,3.8,1
2026-05-21,LOC-033,5.0,1
2026-05-22,LOC-033,4.8,6
2026-05-23,LOC-033,4.2,4
2026-05-24,LOC-033,3.5,17
2026-05-25,LOC-033,4.1,14
2026-05-25,LOC-033,5.0,32
2026-05-26,LOC-033,4.8,1
2026-05-26,LOC-033,3.7,22
2026-05-26,LOC-033,4.1,5
2026-05-26,LOC-033,3.6,22
2026-05-28,LOC-033,4.8,18
2026-05-28,LOC-033,4.1,6
2026-05-29,LOC-033,3.7,26
2026-05-29,LOC-033,4.4,104
2026-05-30,LOC-033,4.7,23
2026-05-31,LOC-033,3.6,49
2026-05-31,LOC-033,4.3,31
2026-06-01,LOC-033,4.5,1
2026-06-02,LOC-033,4.4,1
2026-06-02,LOC-033,3.8,10
2026-06-03,LOC-033,4.7,6
2026-06-04,LOC-033,3.9,20
2026-06-04,LOC-033,4.7,1
2026-06-04,LOC-033,4.5,34
2026-06-05,LOC-033,4.5,19
2026-06-05,LOC-033,3.9,3
2026-06-05,LOC-033,4.7,1
2026-06-05,LOC-033,3.9,9
2026-06-06,LOC-033,4.1,28
2026-06-06,LOC-033,4.1,9
2026-06-06,LOC-033,3.5,2
2026-06-07,LOC-033,4.6,1
2026-06-07,LOC-033,4.0,2
2026-06-07,LOC-033,4.2,8
2026-06-07,LOC-033,4.7,1
2026-06-07,LOC-033,3.4,22
2026-06-07,LOC-033,4.1,8
2026-06-08,LOC-033,5.0,23
2026-06-09,LOC-033,3.9,56
2026-06-09,LOC-033,3.9,7
2026-06-09,LOC-033,4.2,1
2026-06-09,LOC-033,3.1,22
2026-06-09,LOC-033,3.6,13
2026-06-09,LOC-033,3.1,19
2026-06-09,LOC-033,5.0,20
2026-06-10,LOC-033,4.6,3
2026-06-10,LOC-033,4.4,10
2026-06-10,LOC-033,4.7,1
2026-06-11,LOC-033,4.2,24
2026-06-11,LOC-033,4.8,35
2026-06-11,LOC-033,3.9,23
2026-06-11,LOC-033,3.8,1
2026-06-11,LOC-033,3.6,1
2026-06-12,LOC-033,4.6,22
2026-06-12,LOC-033,4.2,37
2026-06-12,LOC-033,3.5,59
2026-06-13,LOC-033,4.0,17
2026-06-13,LOC-033,4.5,1
2026-06-13,LOC-033,4.4,12
2026-06-14,LOC-033,4.2,18
2026-06-14,LOC-033,4.4,18
2026-06-14,LOC-033,4.0,5
2026-06-15,LOC-033,4.5,1
2026-06-16,LOC-033,4.1,15
2026-06-16,LOC-033,4.3,15
2026-06-16,LOC-033,3.7,5
2026-06-16,LOC-033,4.8,10
2026-06-16,LOC-033,4.2,1
2026-06-17,LOC-033,4.4,48
2026-06-17,LOC-033,4.1,2
2026-06-17,LOC-033,4.6,5
2026-06-17,LOC-033,4.3,25
2026-06-18,LOC-033,4.2,29
2026-06-18,LOC-033,4.3,12
2026-06-18,LOC-033,4.6,38
2026-06-19,LOC-033,3.2,4
2026-06-19,LOC-033,3.9,6
2026-06-20,LOC-033,3.9,14
2026-06-20,LOC-033,3.7,2
2026-06-21,LOC-033,4.4,1
2026-06-21,LOC-033,3.8,24
2026-06-21,LOC-033,5.0,22
2026-06-21,LOC-033,5.0,14
2026-06-21,LOC-033,4.2,15
2026-06-21,LOC-033,4.6,12
2026-06-22,LOC-033,4.1,3
2026-06-22,LOC-033,3.7,20
2026-06-22,LOC-033,3.9,2
2026-06-23,LOC-033,4.3,14
2026-06-23,LOC-033,3.7,11
2026-06-23,LOC-033,4.4,1
2026-06-24,LOC-033,3.9,7
2026-06-24,LOC-033,3.7,5
2026-06-24,LOC-033,4.3,24
2026-06-25,LOC-033,4.4,14
2026-06-25,LOC-033,4.4,1
2026-06-25,LOC-033,3.5,17
2026-06-27,LOC-033,3.2,8
2026-06-27,LOC-033,4.6,2
2026-06-27,LOC-033,4.1,8
2026-06-28,LOC-033,4.2,22
2026-06-28,LOC-033,3.3,23
2026-06-28,LOC-033,4.0,1
2026-06-29,LOC-033,4.0,9
2026-06-30,LOC-033,4.6,11
2026-06-30,LOC-033,4.4,3
2026-06-30,LOC-033,4.6,15
2026-06-30,LOC-033,4.1,39
2026-06-30,LOC-033,3.7,19
2026-01-01,LOC-034,4.4,2
2026-01-01,LOC-034,4.0,12
2026-01-01,LOC-034,3.9,26
2026-01-01,LOC-034,3.9,1
2026-01-02,LOC-034,3.9,26
2026-01-02,LOC-034,4.0,7
2026-01-03,LOC-034,3.8,30
2026-01-03,LOC-034,4.1,12
2026-01-03,LOC-034,3.0,11
2026-01-03,LOC-034,3.9,4
2026-01-04,LOC-034,3.4,2
2026-01-05,LOC-034,4.6,2
2026-01-06,LOC-034,4.3,8
2026-01-07,LOC-034,4.6,29
2026-01-08,LOC-034,3.3,12
2026-01-08,LOC-034,3.3,18
2026-01-08,LOC-034,3.7,9
2026-01-08,LOC-034,3.6,9
2026-01-08,LOC-034,3.9,30
2026-01-08,LOC-034,3.5,4
2026-01-08,LOC-034,4.2,5
2026-01-09,LOC-034,4.6,13
2026-01-10,LOC-034,4.6,1
2026-01-11,LOC-034,3.6,2
2026-01-11,LOC-034,3.0,24
2026-01-11,LOC-034,3.2,4
2026-01-12,LOC-034,4.4,30
2026-01-12,LOC-034,3.5,4
2026-01-13,LOC-034,2.3,21
2026-01-14,LOC-034,3.5,25
2026-01-14,LOC-034,4.1,19
2026-01-14,LOC-034,3.8,1
2026-01-14,LOC-034,3.7,14
2026-01-14,LOC-034,4.9,1
2026-01-15,LOC-034,4.6,6
2026-01-15,LOC-034,3.9,18
2026-01-15,LOC-034,3.9,1
2026-01-16,LOC-034,4.3,7
2026-01-17,LOC-034,4.0,1
2026-01-19,LOC-034,3.1,6
2026-01-19,LOC-034,3.6,17
2026-01-20,LOC-034,4.1,35
2026-01-20,LOC-034,4.2,1
2026-01-20,LOC-034,4.3,22
2026-01-21,LOC-034,3.7,6
2026-01-21,LOC-034,3.8,12
2026-01-21,LOC-034,4.1,18
2026-01-22,LOC-034,2.6,12
2026-01-22,LOC-034,3.4,3
2026-01-22,LOC-034,4.1,11
2026-01-22,LOC-034,4.4,7
2026-01-24,LOC-034,3.6,2
2026-01-24,LOC-034,4.1,35
2026-01-24,LOC-034,3.5,17
2026-01-24,LOC-034,3.6,2
2026-01-25,LOC-034,4.7,10
2026-01-25,LOC-034,3.6,19
2026-01-25,LOC-034,4.0,9
2026-01-25,LOC-034,4.2,13
2026-01-26,LOC-034,3.8,4
2026-01-26,LOC-034,3.7,5
2026-01-26,LOC-034,4.3,58
2026-01-27,LOC-034,3.9,1
2026-01-27,LOC-034,4.2,21
2026-01-27,LOC-034,3.9,2
2026-01-28,LOC-034,4.2,21
2026-01-29,LOC-034,3.8,1
2026-01-29,LOC-034,4.3,9
2026-01-29,LOC-034,4.7,4
2026-01-30,LOC-034,3.7,16
2026-01-31,LOC-034,3.6,14
2026-01-31,LOC-034,3.6,39
2026-01-31,LOC-034,4.2,17
2026-01-31,LOC-034,3.4,19
2026-02-01,LOC-034,3.8,11
2026-02-01,LOC-034,4.0,25
2026-02-01,LOC-034,3.7,8
2026-02-01,LOC-034,4.3,3
2026-02-01,LOC-034,4.0,1
2026-02-02,LOC-034,3.0,38
2026-02-02,LOC-034,2.7,1
2026-02-02,LOC-034,3.7,8
2026-02-03,LOC-034,4.0,32
2026-02-04,LOC-034,3.4,68
2026-02-04,LOC-034,4.6,17
2026-02-04,LOC-034,4.2,26
2026-02-04,LOC-034,3.0,17
2026-02-05,LOC-034,2.4,10
2026-02-06,LOC-034,4.0,22
2026-02-06,LOC-034,4.2,37
2026-02-07,LOC-034,3.9,25
2026-02-07,LOC-034,3.0,6
2026-02-07,LOC-034,3.7,7
2026-02-08,LOC-034,4.8,6
2026-02-08,LOC-034,3.2,7
2026-02-08,LOC-034,3.5,11
2026-02-09,LOC-034,4.6,19
2026-02-09,LOC-034,3.4,12
2026-02-09,LOC-034,4.0,4
2026-02-09,LOC-034,4.3,20
2026-02-09,LOC-034,4.2,1
2026-02-09,LOC-034,2.9,1
2026-02-12,LOC-034,3.8,36
2026-02-12,LOC-034,3.6,20
2026-02-12,LOC-034,3.1,27
2026-02-12,LOC-034,2.5,15
2026-02-13,LOC-034,4.8,3
2026-02-13,LOC-034,4.2,4
2026-02-13,LOC-034,4.2,7
2026-02-13,LOC-034,3.5,9
2026-02-14,LOC-034,3.1,11
2026-02-14,LOC-034,3.6,9
2026-02-14,LOC-034,2.6,44
2026-02-14,LOC-034,4.1,6
2026-02-15,LOC-034,4.3,18
2026-02-15,LOC-034,3.2,7
2026-02-15,LOC-034,3.7,5
2026-02-15,LOC-034,3.5,37
2026-02-15,LOC-034,3.4,10
2026-02-15,LOC-034,4.2,41
2026-02-16,LOC-034,3.7,10
2026-02-16,LOC-034,4.6,5
2026-02-16,LOC-034,3.7,44
2026-02-16,LOC-034,3.7,24
2026-02-16,LOC-034,3.0,21
2026-02-18,LOC-034,3.6,2
2026-02-18,LOC-034,3.6,1
2026-02-18,LOC-034,4.0,13
2026-02-19,LOC-034,3.7,6
2026-02-19,LOC-034,4.0,18
2026-02-19,LOC-034,5.0,14
2026-02-19,LOC-034,4.2,9
2026-02-19,LOC-034,4.3,19
2026-02-20,LOC-034,3.7,10
2026-02-20,LOC-034,3.8,3
2026-02-20,LOC-034,3.8,9
2026-02-21,LOC-034,3.9,2
2026-02-21,LOC-034,3.9,7
2026-02-21,LOC-034,4.0,42
2026-02-21,LOC-034,4.0,48
2026-02-22,LOC-034,2.9,12
2026-02-22,LOC-034,4.7,17
2026-02-23,LOC-034,3.2,1
2026-02-24,LOC-034,3.9,10
2026-02-24,LOC-034,3.8,2
2026-02-24,LOC-034,3.8,30
2026-02-25,LOC-034,4.0,3
2026-02-26,LOC-034,4.5,13
2026-02-26,LOC-034,4.4,3
2026-02-26,LOC-034,3.7,19
2026-02-27,LOC-034,3.9,17
2026-02-28,LOC-034,3.8,34
2026-02-28,LOC-034,4.0,27
2026-02-28,LOC-034,4.1,56
2026-03-02,LOC-034,4.2,28
2026-03-02,LOC-034,4.1,55
2026-03-02,LOC-034,4.1,1
2026-03-02,LOC-034,4.4,14
2026-03-02,LOC-034,4.0,6
2026-03-02,LOC-034,3.9,1
2026-03-03,LOC-034,3.9,2
2026-03-03,LOC-034,4.0,27
2026-03-03,LOC-034,3.7,31
2026-03-03,LOC-034,4.8,1
2026-03-03,LOC-034,3.7,5
2026-03-03,LOC-034,3.4,7
2026-03-04,LOC-034,3.1,1
2026-03-04,LOC-034,4.6,14
2026-03-05,LOC-034,3.7,2
2026-03-05,LOC-034,4.3,9
2026-03-05,LOC-034,3.4,8
2026-03-05,LOC-034,4.6,1
2026-03-05,LOC-034,3.4,4
2026-03-06,LOC-034,4.2,21
2026-03-06,LOC-034,3.2,5
2026-03-07,LOC-034,4.2,18
2026-03-07,LOC-034,4.5,4
2026-03-08,LOC-034,4.2,10
2026-03-08,LOC-034,4.6,2
2026-03-08,LOC-034,3.4,8
2026-03-08,LOC-034,4.4,5
2026-03-08,LOC-034,3.3,9
2026-03-08,LOC-034,4.1,7
2026-03-08,LOC-034,3.7,12
2026-03-09,LOC-034,3.9,4
2026-03-09,LOC-034,3.5,1
2026-03-09,LOC-034,3.4,17
2026-03-10,LOC-034,4.2,8
2026-03-10,LOC-034,3.9,1
2026-03-11,LOC-034,3.2,35
2026-03-11,LOC-034,3.8,1
2026-03-11,LOC-034,4.1,1
2026-03-12,LOC-034,3.9,13
2026-03-12,LOC-034,4.6,10
2026-03-13,LOC-034,3.1,26
2026-03-13,LOC-034,3.3,11
2026-03-13,LOC-034,3.7,20
2026-03-13,LOC-034,4.0,9
2026-03-13,LOC-034,4.0,8
2026-03-14,LOC-034,4.4,5
2026-03-14,LOC-034,4.1,6
2026-03-14,LOC-034,3.1,11
2026-03-15,LOC-034,4.9,16
2026-03-16,LOC-034,3.6,10
2026-03-16,LOC-034,3.8,3
2026-03-17,LOC-034,4.1,83
2026-03-17,LOC-034,4.1,2
2026-03-18,LOC-034,2.4,7
2026-03-18,LOC-034,3.9,10
2026-03-18,LOC-034,4.2,43
2026-03-18,LOC-034,3.8,5
2026-03-19,LOC-034,3.7,2
2026-03-19,LOC-034,3.0,1
2026-03-19,LOC-034,4.8,3
2026-03-19,LOC-034,4.1,2
2026-03-19,LOC-034,3.7,8
2026-03-20,LOC-034,4.9,31
2026-03-22,LOC-034,3.9,17
2026-03-23,LOC-034,4.7,17
2026-03-24,LOC-034,4.0,1
2026-03-24,LOC-034,4.3,57
2026-03-24,LOC-034,3.5,6
2026-03-24,LOC-034,3.8,18
2026-03-24,LOC-034,3.5,33
2026-03-25,LOC-034,3.9,6
2026-03-25,LOC-034,3.9,4
2026-03-25,LOC-034,4.8,18
2026-03-26,LOC-034,5.0,41
2026-03-26,LOC-034,4.0,1
2026-03-27,LOC-034,3.9,7
2026-03-27,LOC-034,4.0,12
2026-03-27,LOC-034,3.0,36
2026-03-28,LOC-034,3.7,29
2026-03-28,LOC-034,3.2,5
2026-03-28,LOC-034,3.8,12
2026-03-28,LOC-034,3.7,6
2026-03-28,LOC-034,3.8,22
2026-03-28,LOC-034,3.6,8
2026-03-30,LOC-034,3.8,1
2026-03-30,LOC-034,4.2,1
2026-03-30,LOC-034,3.9,1
2026-03-31,LOC-034,4.4,11
2026-04-01,LOC-034,3.8,33
2026-04-01,LOC-034,3.8,26
2026-04-01,LOC-034,4.1,9
2026-04-01,LOC-034,3.8,2
2026-04-01,LOC-034,3.8,20
2026-04-01,LOC-034,4.3,18
2026-04-01,LOC-034,3.7,63
2026-04-01,LOC-034,3.9,38
2026-04-01,LOC-034,2.7,8
2026-04-02,LOC-034,4.0,26
2026-04-02,LOC-034,2.8,28
2026-04-02,LOC-034,4.8,1
2026-04-03,LOC-034,3.8,16
2026-04-03,LOC-034,3.4,11
2026-04-03,LOC-034,3.7,31
2026-04-03,LOC-034,2.9,2
2026-04-03,LOC-034,4.1,44
2026-04-04,LOC-034,3.4,10
2026-04-05,LOC-034,3.6,1
2026-04-05,LOC-034,4.2,10
2026-04-05,LOC-034,3.3,23
2026-04-05,LOC-034,4.3,1
2026-04-06,LOC-034,4.1,1
2026-04-07,LOC-034,4.0,23
2026-04-07,LOC-034,3.6,1
2026-04-07,LOC-034,3.4,6
2026-04-08,LOC-034,3.4,3
2026-04-08,LOC-034,3.8,4
2026-04-09,LOC-034,3.7,58
2026-04-09,LOC-034,3.8,22
2026-04-09,LOC-034,3.3,38
2026-04-09,LOC-034,3.4,10
2026-04-10,LOC-034,3.5,19
2026-04-10,LOC-034,3.4,14
2026-04-10,LOC-034,3.9,21
2026-04-10,LOC-034,3.1,81
2026-04-10,LOC-034,3.8,8
2026-04-11,LOC-034,4.1,1
2026-04-11,LOC-034,3.5,1
2026-04-11,LOC-034,3.7,25
2026-04-12,LOC-034,3.7,8
2026-04-12,LOC-034,4.1,2
2026-04-14,LOC-034,4.0,22
2026-04-14,LOC-034,3.1,7
2026-04-14,LOC-034,4.8,1
2026-04-15,LOC-034,4.4,14
2026-04-15,LOC-034,4.1,81
2026-04-16,LOC-034,4.0,5
2026-04-16,LOC-034,4.4,9
2026-04-17,LOC-034,2.9,43
2026-04-18,LOC-034,3.8,6
2026-04-18,LOC-034,4.6,1
2026-04-18,LOC-034,4.4,2
2026-04-18,LOC-034,4.0,1
2026-04-20,LOC-034,3.7,1
2026-04-20,LOC-034,3.6,33
2026-04-20,LOC-034,4.3,15
2026-04-21,LOC-034,4.1,33
2026-04-21,LOC-034,2.9,16
2026-04-22,LOC-034,4.5,17
2026-04-22,LOC-034,3.6,3
2026-04-22,LOC-034,3.3,3
2026-04-23,LOC-034,2.9,20
2026-04-23,LOC-034,4.0,6
2026-04-23,LOC-034,3.6,16
2026-04-24,LOC-034,4.0,10
2026-04-24,LOC-034,3.8,15
2026-04-25,LOC-034,4.0,17
2026-04-25,LOC-034,3.6,17
2026-04-26,LOC-034,3.8,14
2026-04-26,LOC-034,3.8,6
2026-04-26,LOC-034,3.2,10
2026-04-26,LOC-034,3.2,1
2026-04-26,LOC-034,3.1,18
2026-04-26,LOC-034,3.8,1
2026-04-27,LOC-034,2.4,4
2026-04-27,LOC-034,3.9,2
2026-04-27,LOC-034,4.1,1
2026-04-27,LOC-034,3.4,14
2026-04-28,LOC-034,3.3,42
2026-04-28,LOC-034,4.2,11
2026-04-29,LOC-034,4.1,3
2026-04-29,LOC-034,4.5,5
2026-04-29,LOC-034,4.0,7
2026-04-29,LOC-034,3.7,5
2026-04-29,LOC-034,2.8,20
2026-04-30,LOC-034,3.8,2
2026-04-30,LOC-034,4.6,9
2026-04-30,LOC-034,2.9,17
2026-04-30,LOC-034,3.8,14
2026-05-01,LOC-034,4.4,6
2026-05-01,LOC-034,3.3,20
2026-05-01,LOC-034,4.5,4
2026-05-01,LOC-034,4.3,61
2026-05-01,LOC-034,4.2,4
2026-05-01,LOC-034,3.7,21
2026-05-02,LOC-034,4.1,17
2026-05-02,LOC-034,3.6,35
2026-05-02,LOC-034,3.1,2
2026-05-02,LOC-034,3.3,1
2026-05-03,LOC-034,3.6,20
2026-05-03,LOC-034,4.3,1
2026-05-03,LOC-034,4.2,1
2026-05-03,LOC-034,4.2,3
2026-05-04,LOC-034,4.1,4
2026-05-04,LOC-034,3.7,30
2026-05-04,LOC-034,3.8,5
2026-05-04,LOC-034,2.6,9
2026-05-05,LOC-034,3.2,12
2026-05-05,LOC-034,3.3,6
2026-05-05,LOC-034,4.0,3
2026-05-07,LOC-034,3.8,1
2026-05-07,LOC-034,2.4,8
2026-05-07,LOC-034,4.4,4
2026-05-07,LOC-034,4.2,13
2026-05-07,LOC-034,3.7,28
2026-05-08,LOC-034,4.3,9
2026-05-08,LOC-034,4.0,12
2026-05-08,LOC-034,4.8,2
2026-05-08,LOC-034,3.0,4
2026-05-08,LOC-034,4.0,21
2026-05-10,LOC-034,3.3,5
2026-05-10,LOC-034,4.3,22
2026-05-10,LOC-034,4.6,7
2026-05-11,LOC-034,4.1,16
2026-05-11,LOC-034,3.0,12
2026-05-11,LOC-034,3.5,6
2026-05-11,LOC-034,4.1,14
2026-05-11,LOC-034,3.4,22
2026-05-11,LOC-034,3.6,1
2026-05-12,LOC-034,3.5,27
2026-05-12,LOC-034,3.4,2
2026-05-13,LOC-034,4.1,47
2026-05-14,LOC-034,3.5,6
2026-05-14,LOC-034,4.4,7
2026-05-15,LOC-034,4.6,14
2026-05-15,LOC-034,4.4,15
2026-05-16,LOC-034,2.7,12
2026-05-16,LOC-034,4.7,6
2026-05-16,LOC-034,3.3,8
2026-05-16,LOC-034,4.1,2
2026-05-16,LOC-034,4.0,8
2026-05-16,LOC-034,3.0,8
2026-05-16,LOC-034,3.2,11
2026-05-17,LOC-034,3.9,20
2026-05-17,LOC-034,3.1,34
2026-05-17,LOC-034,4.0,27
2026-05-17,LOC-034,3.8,5
2026-05-18,LOC-034,3.7,11
2026-05-18,LOC-034,4.2,44
2026-05-19,LOC-034,4.3,24
2026-05-19,LOC-034,4.1,3
2026-05-19,LOC-034,4.1,14
2026-05-20,LOC-034,3.7,7
2026-05-20,LOC-034,4.1,18
2026-05-21,LOC-034,3.7,8
2026-05-21,LOC-034,5.0,1
2026-05-22,LOC-034,3.4,8
2026-05-22,LOC-034,3.7,13
2026-05-22,LOC-034,4.8,13
2026-05-22,LOC-034,4.0,5
2026-05-22,LOC-034,3.2,28
2026-05-23,LOC-034,3.8,13
2026-05-24,LOC-034,3.5,1
2026-05-24,LOC-034,4.2,23
2026-05-24,LOC-034,3.8,1
2026-05-25,LOC-034,3.4,32
2026-05-25,LOC-034,3.7,16
2026-05-25,LOC-034,4.1,11
2026-05-26,LOC-034,3.9,30
2026-05-27,LOC-034,3.6,1
2026-05-27,LOC-034,3.5,2
2026-05-27,LOC-034,3.9,8
2026-05-27,LOC-034,3.6,2
2026-05-28,LOC-034,3.8,3
2026-05-28,LOC-034,4.1,24
2026-05-28,LOC-034,4.1,15
2026-05-28,LOC-034,4.5,17
2026-05-29,LOC-034,3.4,40
2026-05-29,LOC-034,3.2,17
2026-05-29,LOC-034,3.1,10
2026-05-29,LOC-034,3.6,8
2026-05-29,LOC-034,3.6,34
2026-05-31,LOC-034,3.7,6
2026-05-31,LOC-034,4.5,1
2026-05-31,LOC-034,3.8,1
2026-05-31,LOC-034,4.5,2
2026-05-31,LOC-034,3.5,28
2026-06-01,LOC-034,3.8,13
2026-06-01,LOC-034,3.3,1
2026-06-02,LOC-034,3.0,21
2026-06-02,LOC-034,4.2,38
2026-06-03,LOC-034,3.6,8
2026-06-03,LOC-034,4.5,23
2026-06-03,LOC-034,3.5,4
2026-06-03,LOC-034,4.2,7
2026-06-04,LOC-034,4.1,2
2026-06-04,LOC-034,3.8,4
2026-06-04,LOC-034,3.7,17
2026-06-04,LOC-034,4.2,22
2026-06-04,LOC-034,3.7,4
2026-06-05,LOC-034,4.6,16
2026-06-05,LOC-034,3.9,35
2026-06-06,LOC-034,3.6,1
2026-06-06,LOC-034,4.0,1
2026-06-06,LOC-034,3.9,22
2026-06-06,LOC-034,3.0,28
2026-06-06,LOC-034,2.8,13
2026-06-07,LOC-034,4.5,1
2026-06-08,LOC-034,3.5,53
2026-06-08,LOC-034,3.9,3
2026-06-08,LOC-034,3.8,12
2026-06-09,LOC-034,3.6,10
2026-06-09,LOC-034,4.0,18
2026-06-09,LOC-034,4.2,27
2026-06-09,LOC-034,4.0,7
2026-06-09,LOC-034,3.8,9
2026-06-10,LOC-034,4.3,4
2026-06-10,LOC-034,3.3,3
2026-06-10,LOC-034,3.8,14
2026-06-10,LOC-034,3.9,13
2026-06-10,LOC-034,4.4,2
2026-06-10,LOC-034,4.0,28
2026-06-11,LOC-034,4.4,18
2026-06-11,LOC-034,3.6,34
2026-06-11,LOC-034,4.4,6
2026-06-11,LOC-034,4.7,39
2026-06-11,LOC-034,4.0,1
2026-06-11,LOC-034,4.0,13
2026-06-11,LOC-034,3.5,1
2026-06-12,LOC-034,4.0,15
2026-06-12,LOC-034,3.7,1
2026-06-12,LOC-034,2.6,12
2026-06-12,LOC-034,3.2,2
2026-06-12,LOC-034,4.9,1
2026-06-12,LOC-034,3.7,4
2026-06-12,LOC-034,3.5,3
2026-06-12,LOC-034,3.9,1
2026-06-13,LOC-034,3.5,36
2026-06-13,LOC-034,4.0,20
2026-06-13,LOC-034,3.4,35
2026-06-14,LOC-034,2.8,21
2026-06-15,LOC-034,3.0,25
2026-06-15,LOC-034,4.0,2
2026-06-15,LOC-034,4.2,9
2026-06-15,LOC-034,2.8,4
2026-06-15,LOC-034,4.0,6
2026-06-15,LOC-034,2.6,11
2026-06-15,LOC-034,3.6,43
2026-06-16,LOC-034,2.7,24
2026-06-16,LOC-034,3.8,26
2026-06-16,LOC-034,3.8,34
2026-06-16,LOC-034,3.9,8
2026-06-16,LOC-034,3.5,15
2026-06-16,LOC-034,3.7,2
2026-06-17,LOC-034,3.2,6
2026-06-17,LOC-034,3.7,2
2026-06-17,LOC-034,4.1,24
2026-06-18,LOC-034,4.1,8
2026-06-18,LOC-034,3.8,5
2026-06-18,LOC-034,4.6,11
2026-06-19,LOC-034,2.5,32
2026-06-19,LOC-034,2.9,17
2026-06-19,LOC-034,3.9,79
2026-06-19,LOC-034,3.8,53
2026-06-19,LOC-034,4.3,5
2026-06-20,LOC-034,3.5,18
2026-06-20,LOC-034,4.4,8
2026-06-20,LOC-034,4.0,20
2026-06-22,LOC-034,3.9,3
2026-06-23,LOC-034,4.4,3
2026-06-23,LOC-034,3.5,39
2026-06-23,LOC-034,4.2,4
2026-06-23,LOC-034,3.5,23
2026-06-24,LOC-034,3.2,31
2026-06-24,LOC-034,4.3,5
2026-06-24,LOC-034,3.6,10
2026-06-24,LOC-034,4.1,11
2026-06-25,LOC-034,4.5,17
2026-06-25,LOC-034,3.4,2
2026-06-25,LOC-034,3.7,20
2026-06-25,LOC-034,3.1,35
2026-06-25,LOC-034,3.4,2
2026-06-27,LOC-034,3.5,13
2026-06-27,LOC-034,4.7,32
2026-06-27,LOC-034,3.9,9
2026-06-28,LOC-034,4.4,5
2026-06-28,LOC-034,3.3,9
2026-06-28,LOC-034,4.1,15
2026-06-28,LOC-034,4.2,23
2026-06-29,LOC-034,3.9,27
2026-06-29,LOC-034,3.8,18
2026-06-30,LOC-034,5.0,11
2026-01-01,LOC-035,4.9,20
2026-01-01,LOC-035,4.5,7
2026-01-02,LOC-035,4.7,1
2026-01-02,LOC-035,4.5,1
2026-01-03,LOC-035,5.0,1
2026-01-03,LOC-035,4.6,58
2026-01-04,LOC-035,3.7,8
2026-01-04,LOC-035,4.3,22
2026-01-04,LOC-035,5.0,6
2026-01-05,LOC-035,4.8,12
2026-01-05,LOC-035,4.6,3
2026-01-05,LOC-035,4.6,53
2026-01-05,LOC-035,5.0,1
2026-01-06,LOC-035,4.3,4
2026-01-06,LOC-035,4.1,8
2026-01-06,LOC-035,3.5,7
2026-01-06,LOC-035,5.0,15
2026-01-06,LOC-035,4.6,6
2026-01-07,LOC-035,4.5,34
2026-01-08,LOC-035,4.7,16
2026-01-08,LOC-035,4.8,15
2026-01-08,LOC-035,5.0,11
2026-01-08,LOC-035,3.8,21
2026-01-08,LOC-035,4.4,1
2026-01-09,LOC-035,4.6,4
2026-01-10,LOC-035,4.3,11
2026-01-11,LOC-035,4.0,14
2026-01-12,LOC-035,3.8,3
2026-01-12,LOC-035,4.3,2
2026-01-12,LOC-035,4.5,5
2026-01-12,LOC-035,4.1,13
2026-01-12,LOC-035,4.9,25
2026-01-13,LOC-035,4.9,12
2026-01-14,LOC-035,4.6,52
2026-01-14,LOC-035,5.0,44
2026-01-14,LOC-035,5.0,1
2026-01-14,LOC-035,4.3,5
2026-01-14,LOC-035,5.0,49
2026-01-14,LOC-035,4.4,1
2026-01-14,LOC-035,4.8,4
2026-01-15,LOC-035,4.6,17
2026-01-15,LOC-035,5.0,28
2026-01-17,LOC-035,5.0,24
2026-01-17,LOC-035,3.6,16
2026-01-17,LOC-035,5.0,23
2026-01-17,LOC-035,3.5,28
2026-01-17,LOC-035,5.0,20
2026-01-18,LOC-035,4.9,16
2026-01-19,LOC-035,4.7,1
2026-01-20,LOC-035,3.1,1
2026-01-20,LOC-035,4.4,10
2026-01-20,LOC-035,4.6,3
2026-01-20,LOC-035,4.9,25
2026-01-20,LOC-035,4.3,5
2026-01-21,LOC-035,4.3,19
2026-01-21,LOC-035,5.0,2
2026-01-21,LOC-035,5.0,28
2026-01-22,LOC-035,4.4,14
2026-01-22,LOC-035,5.0,10
2026-01-23,LOC-035,5.0,1
2026-01-24,LOC-035,5.0,16
2026-01-24,LOC-035,4.7,3
2026-01-24,LOC-035,3.6,29
2026-01-25,LOC-035,4.7,1
2026-01-25,LOC-035,4.8,6
2026-01-25,LOC-035,4.6,4
2026-01-25,LOC-035,4.4,5
2026-01-25,LOC-035,4.2,10
2026-01-25,LOC-035,4.1,21
2026-01-25,LOC-035,4.8,41
2026-01-26,LOC-035,3.9,5
2026-01-26,LOC-035,4.5,7
2026-01-26,LOC-035,4.6,63
2026-01-26,LOC-035,3.7,22
2026-01-26,LOC-035,4.6,11
2026-01-27,LOC-035,4.7,1
2026-01-27,LOC-035,4.8,21
2026-01-27,LOC-035,4.5,39
2026-01-27,LOC-035,4.5,12
2026-01-27,LOC-035,5.0,1
2026-01-28,LOC-035,4.8,12
2026-01-29,LOC-035,4.4,40
2026-01-30,LOC-035,4.8,76
2026-01-30,LOC-035,4.0,7
2026-01-30,LOC-035,4.4,18
2026-01-31,LOC-035,5.0,19
2026-02-01,LOC-035,5.0,16
2026-02-01,LOC-035,4.6,8
2026-02-02,LOC-035,3.7,13
2026-02-02,LOC-035,4.8,3
2026-02-02,LOC-035,4.0,4
2026-02-02,LOC-035,5.0,2
2026-02-02,LOC-035,4.5,24
2026-02-02,LOC-035,4.8,15
2026-02-03,LOC-035,4.9,26
2026-02-03,LOC-035,4.7,42
2026-02-03,LOC-035,4.6,17
2026-02-04,LOC-035,5.0,6
2026-02-04,LOC-035,5.0,10
2026-02-04,LOC-035,4.4,29
2026-02-04,LOC-035,4.2,3
2026-02-04,LOC-035,4.4,1
2026-02-05,LOC-035,4.2,35
2026-02-07,LOC-035,4.4,1
2026-02-08,LOC-035,4.7,12
2026-02-08,LOC-035,4.4,4
2026-02-08,LOC-035,4.4,1
2026-02-08,LOC-035,5.0,16
2026-02-10,LOC-035,4.5,2
2026-02-10,LOC-035,4.5,3
2026-02-10,LOC-035,4.9,7
2026-02-10,LOC-035,5.0,2
2026-02-10,LOC-035,4.5,1
2026-02-11,LOC-035,4.3,23
2026-02-11,LOC-035,4.2,16
2026-02-12,LOC-035,4.7,9
2026-02-12,LOC-035,5.0,13
2026-02-12,LOC-035,5.0,27
2026-02-12,LOC-035,5.0,29
2026-02-13,LOC-035,4.5,4
2026-02-13,LOC-035,5.0,2
2026-02-15,LOC-035,5.0,88
2026-02-15,LOC-035,4.8,17
2026-02-15,LOC-035,4.0,6
2026-02-15,LOC-035,4.0,22
2026-02-15,LOC-035,5.0,48
2026-02-16,LOC-035,5.0,7
2026-02-16,LOC-035,4.2,1
2026-02-16,LOC-035,5.0,29
2026-02-16,LOC-035,4.7,7
2026-02-16,LOC-035,4.4,1
2026-02-16,LOC-035,5.0,19
2026-02-17,LOC-035,5.0,19
2026-02-17,LOC-035,4.7,7
2026-02-17,LOC-035,4.8,22
2026-02-18,LOC-035,5.0,13
2026-02-18,LOC-035,5.0,34
2026-02-18,LOC-035,5.0,21
2026-02-19,LOC-035,4.2,22
2026-02-19,LOC-035,4.8,8
2026-02-19,LOC-035,4.7,10
2026-02-20,LOC-035,4.1,17
2026-02-20,LOC-035,5.0,2
2026-02-21,LOC-035,4.3,11
2026-02-21,LOC-035,4.4,20
2026-02-21,LOC-035,5.0,17
2026-02-22,LOC-035,5.0,42
2026-02-22,LOC-035,5.0,8
2026-02-22,LOC-035,4.3,1
2026-02-22,LOC-035,4.2,31
2026-02-22,LOC-035,3.8,15
2026-02-22,LOC-035,4.6,8
2026-02-22,LOC-035,4.1,2
2026-02-22,LOC-035,4.5,36
2026-02-23,LOC-035,5.0,4
2026-02-23,LOC-035,4.2,9
2026-02-23,LOC-035,4.2,1
2026-02-24,LOC-035,3.4,5
2026-02-24,LOC-035,4.4,8
2026-02-25,LOC-035,4.3,24
2026-02-25,LOC-035,4.2,3
2026-02-25,LOC-035,5.0,2
2026-02-26,LOC-035,4.4,22
2026-02-26,LOC-035,4.5,15
2026-02-26,LOC-035,4.9,5
2026-02-26,LOC-035,4.4,51
2026-02-26,LOC-035,5.0,59
2026-02-26,LOC-035,4.5,10
2026-02-26,LOC-035,4.6,1
2026-02-26,LOC-035,3.9,72
2026-02-27,LOC-035,4.0,23
2026-02-28,LOC-035,4.7,3
2026-03-01,LOC-035,4.2,52
2026-03-01,LOC-035,3.9,50
2026-03-01,LOC-035,4.4,3
2026-03-02,LOC-035,4.3,19
2026-03-02,LOC-035,4.3,1
2026-03-03,LOC-035,5.0,13
2026-03-03,LOC-035,3.4,31
2026-03-04,LOC-035,4.9,41
2026-03-04,LOC-035,4.3,1
2026-03-04,LOC-035,4.5,4
2026-03-04,LOC-035,5.0,1
2026-03-05,LOC-035,4.5,2
2026-03-05,LOC-035,4.6,21
2026-03-06,LOC-035,4.3,6
2026-03-06,LOC-035,4.2,15
2026-03-06,LOC-035,4.6,4
2026-03-06,LOC-035,4.2,104
2026-03-06,LOC-035,3.9,36
2026-03-06,LOC-035,3.9,10
2026-03-06,LOC-035,5.0,10
2026-03-07,LOC-035,4.5,9
2026-03-07,LOC-035,4.5,10
2026-03-07,LOC-035,5.0,13
2026-03-08,LOC-035,3.8,24
2026-03-08,LOC-035,4.1,15
2026-03-08,LOC-035,4.5,24
2026-03-08,LOC-035,5.0,1
2026-03-09,LOC-035,4.9,10
2026-03-09,LOC-035,4.4,31
2026-03-09,LOC-035,4.3,8
2026-03-10,LOC-035,4.4,12
2026-03-10,LOC-035,4.7,8
2026-03-10,LOC-035,3.6,10
2026-03-10,LOC-035,5.0,38
2026-03-11,LOC-035,5.0,4
2026-03-11,LOC-035,4.2,21
2026-03-11,LOC-035,4.3,2
2026-03-11,LOC-035,4.3,4
2026-03-11,LOC-035,4.2,4
2026-03-12,LOC-035,5.0,2
2026-03-12,LOC-035,4.5,6
2026-03-13,LOC-035,4.0,20
2026-03-13,LOC-035,5.0,7
2026-03-13,LOC-035,4.4,2
2026-03-13,LOC-035,4.5,4
2026-03-15,LOC-035,5.0,6
2026-03-16,LOC-035,4.5,1
2026-03-16,LOC-035,4.5,9
2026-03-17,LOC-035,4.7,39
2026-03-17,LOC-035,4.2,21
2026-03-17,LOC-035,4.6,5
2026-03-18,LOC-035,4.0,14
2026-03-18,LOC-035,4.8,66
2026-03-18,LOC-035,4.9,7
2026-03-19,LOC-035,3.8,32
2026-03-20,LOC-035,5.0,1
2026-03-21,LOC-035,5.0,1
2026-03-22,LOC-035,4.7,6
2026-03-23,LOC-035,5.0,5
2026-03-23,LOC-035,4.2,5
2026-03-23,LOC-035,4.1,41
2026-03-23,LOC-035,4.6,51
2026-03-24,LOC-035,4.5,9
2026-03-24,LOC-035,3.6,13
2026-03-24,LOC-035,4.5,23
2026-03-24,LOC-035,4.7,14
2026-03-24,LOC-035,4.0,3
2026-03-25,LOC-035,4.4,18
2026-03-25,LOC-035,4.2,5
2026-03-27,LOC-035,4.3,1
2026-03-28,LOC-035,3.7,2
2026-03-28,LOC-035,4.7,10
2026-03-29,LOC-035,4.4,2
2026-03-29,LOC-035,4.6,4
2026-03-30,LOC-035,3.7,22
2026-03-30,LOC-035,4.9,3
2026-03-31,LOC-035,5.0,18
2026-03-31,LOC-035,4.2,16
2026-04-01,LOC-035,4.5,43
2026-04-02,LOC-035,3.9,21
2026-04-02,LOC-035,4.5,27
2026-04-02,LOC-035,4.1,7
2026-04-02,LOC-035,3.7,7
2026-04-03,LOC-035,5.0,30
2026-04-03,LOC-035,4.6,20
2026-04-03,LOC-035,4.0,1
2026-04-03,LOC-035,5.0,5
2026-04-05,LOC-035,4.2,1
2026-04-05,LOC-035,4.8,20
2026-04-06,LOC-035,4.5,42
2026-04-06,LOC-035,4.6,37
2026-04-06,LOC-035,4.3,33
2026-04-07,LOC-035,4.6,13
2026-04-07,LOC-035,4.5,7
2026-04-07,LOC-035,4.7,2
2026-04-08,LOC-035,4.4,18
2026-04-08,LOC-035,4.8,27
2026-04-08,LOC-035,4.9,27
2026-04-08,LOC-035,4.7,4
2026-04-09,LOC-035,4.5,4
2026-04-10,LOC-035,4.9,6
2026-04-10,LOC-035,4.6,24
2026-04-10,LOC-035,4.4,16
2026-04-11,LOC-035,4.8,35
2026-04-11,LOC-035,4.2,11
2026-04-11,LOC-035,5.0,5
2026-04-12,LOC-035,4.5,6
2026-04-12,LOC-035,4.9,9
2026-04-13,LOC-035,4.8,27
2026-04-13,LOC-035,4.9,9
2026-04-13,LOC-035,3.9,19
2026-04-13,LOC-035,4.5,7
2026-04-14,LOC-035,5.0,1
2026-04-14,LOC-035,4.5,2
2026-04-14,LOC-035,4.4,3
2026-04-15,LOC-035,4.9,4
2026-04-15,LOC-035,4.5,15
2026-04-15,LOC-035,4.5,3
2026-04-16,LOC-035,4.8,1
2026-04-16,LOC-035,5.0,5
2026-04-17,LOC-035,4.5,2
2026-04-17,LOC-035,4.6,8
2026-04-17,LOC-035,5.0,48
2026-04-17,LOC-035,4.0,14
2026-04-17,LOC-035,4.6,12
2026-04-17,LOC-035,5.0,41
2026-04-17,LOC-035,4.1,2
2026-04-17,LOC-035,4.5,11
2026-04-18,LOC-035,4.4,8
2026-04-19,LOC-035,4.8,1
2026-04-19,LOC-035,5.0,12
2026-04-19,LOC-035,4.0,5
2026-04-20,LOC-035,4.9,3
2026-04-20,LOC-035,5.0,32
2026-04-20,LOC-035,4.1,1
2026-04-20,LOC-035,4.7,18
2026-04-23,LOC-035,3.9,1
2026-04-23,LOC-035,4.7,2
2026-04-23,LOC-035,4.3,63
2026-04-23,LOC-035,5.0,29
2026-04-24,LOC-035,4.5,4
2026-04-24,LOC-035,4.5,26
2026-04-25,LOC-035,5.0,1
2026-04-25,LOC-035,4.0,3
2026-04-25,LOC-035,4.8,1
2026-04-27,LOC-035,4.0,29
2026-04-27,LOC-035,4.6,7
2026-04-27,LOC-035,4.5,1
2026-04-27,LOC-035,4.9,8
2026-04-27,LOC-035,4.3,13
2026-04-27,LOC-035,4.8,2
2026-04-27,LOC-035,4.4,68
2026-04-27,LOC-035,5.0,1
2026-04-28,LOC-035,3.6,1
2026-04-28,LOC-035,4.5,38
2026-04-28,LOC-035,4.3,16
2026-04-28,LOC-035,5.0,2
2026-04-29,LOC-035,4.2,25
2026-04-29,LOC-035,4.4,42
2026-04-29,LOC-035,5.0,77
2026-04-30,LOC-035,4.8,29
2026-04-30,LOC-035,5.0,27
2026-05-01,LOC-035,3.8,1
2026-05-01,LOC-035,3.8,11
2026-05-02,LOC-035,3.9,5
2026-05-02,LOC-035,4.3,1
2026-05-02,LOC-035,4.9,1
2026-05-03,LOC-035,5.0,52
2026-05-04,LOC-035,3.9,7
2026-05-04,LOC-035,3.8,24
2026-05-05,LOC-035,4.8,1
2026-05-06,LOC-035,4.4,19
2026-05-06,LOC-035,4.0,9
2026-05-06,LOC-035,4.1,4
2026-05-06,LOC-035,4.2,15
2026-05-06,LOC-035,4.2,22
2026-05-06,LOC-035,4.3,21
2026-05-07,LOC-035,4.8,11
2026-05-07,LOC-035,4.0,23
2026-05-07,LOC-035,4.7,37
2026-05-07,LOC-035,4.9,71
2026-05-07,LOC-035,4.5,13
2026-05-08,LOC-035,4.5,12
2026-05-08,LOC-035,3.0,21
2026-05-08,LOC-035,4.6,2
2026-05-08,LOC-035,3.9,8
2026-05-08,LOC-035,4.8,1
2026-05-09,LOC-035,3.7,68
2026-05-10,LOC-035,5.0,4
2026-05-10,LOC-035,5.0,3
2026-05-12,LOC-035,4.3,26
2026-05-12,LOC-035,5.0,4
2026-05-12,LOC-035,4.6,20
2026-05-12,LOC-035,4.1,31
2026-05-12,LOC-035,5.0,29
2026-05-14,LOC-035,5.0,2
2026-05-14,LOC-035,4.2,1
2026-05-14,LOC-035,4.5,1
2026-05-16,LOC-035,4.9,26
2026-05-16,LOC-035,5.0,2
2026-05-16,LOC-035,4.3,33
2026-05-16,LOC-035,3.6,25
2026-05-16,LOC-035,4.5,13
2026-05-17,LOC-035,5.0,5
2026-05-17,LOC-035,4.0,7
2026-05-17,LOC-035,4.6,1
2026-05-17,LOC-035,5.0,1
2026-05-17,LOC-035,4.3,2
2026-05-17,LOC-035,3.8,1
2026-05-18,LOC-035,4.5,12
2026-05-18,LOC-035,4.9,8
2026-05-19,LOC-035,4.4,8
2026-05-19,LOC-035,4.9,10
2026-05-20,LOC-035,4.4,1
2026-05-20,LOC-035,4.0,49
2026-05-20,LOC-035,4.4,17
2026-05-20,LOC-035,4.5,15
2026-05-21,LOC-035,5.0,11
2026-05-21,LOC-035,4.5,8
2026-05-22,LOC-035,4.5,5
2026-05-22,LOC-035,5.0,3
2026-05-23,LOC-035,4.4,5
2026-05-23,LOC-035,4.0,23
2026-05-23,LOC-035,4.6,35
2026-05-23,LOC-035,4.0,8
2026-05-23,LOC-035,4.4,3
2026-05-24,LOC-035,4.1,4
2026-05-24,LOC-035,4.3,5
2026-05-24,LOC-035,4.4,23
2026-05-24,LOC-035,3.9,4
2026-05-25,LOC-035,3.5,22
2026-05-25,LOC-035,4.3,24
2026-05-25,LOC-035,4.2,3
2026-05-26,LOC-035,5.0,15
2026-05-26,LOC-035,5.0,2
2026-05-27,LOC-035,3.9,24
2026-05-27,LOC-035,4.3,1
2026-05-27,LOC-035,4.4,9
2026-05-27,LOC-035,4.7,31
2026-05-28,LOC-035,5.0,1
2026-05-28,LOC-035,4.0,7
2026-05-29,LOC-035,4.5,13
2026-05-29,LOC-035,4.9,17
2026-05-29,LOC-035,5.0,3
2026-05-30,LOC-035,5.0,7
2026-05-30,LOC-035,4.9,8
2026-05-31,LOC-035,5.0,19
2026-05-31,LOC-035,3.8,21
2026-06-01,LOC-035,4.3,3
2026-06-02,LOC-035,4.3,5
2026-06-03,LOC-035,4.2,1
2026-06-03,LOC-035,3.7,16
2026-06-04,LOC-035,4.1,7
2026-06-04,LOC-035,5.0,3
2026-06-04,LOC-035,3.9,11
2026-06-05,LOC-035,4.5,13
2026-06-05,LOC-035,4.6,6
2026-06-05,LOC-035,4.5,12
2026-06-05,LOC-035,4.2,2
2026-06-05,LOC-035,3.9,22
2026-06-06,LOC-035,4.4,20
2026-06-06,LOC-035,4.9,1
2026-06-06,LOC-035,4.2,1
2026-06-06,LOC-035,5.0,9
2026-06-07,LOC-035,5.0,11
2026-06-07,LOC-035,4.6,12
2026-06-07,LOC-035,4.7,37
2026-06-08,LOC-035,4.4,9
2026-06-08,LOC-035,4.0,20
2026-06-08,LOC-035,4.7,20
2026-06-08,LOC-035,4.9,4
2026-06-09,LOC-035,5.0,16
2026-06-09,LOC-035,4.0,1
2026-06-10,LOC-035,5.0,14
2026-06-10,LOC-035,4.5,7
2026-06-10,LOC-035,4.9,4
2026-06-10,LOC-035,4.7,1
2026-06-11,LOC-035,3.9,12
2026-06-11,LOC-035,4.8,6
2026-06-11,LOC-035,5.0,52
2026-06-11,LOC-035,4.1,66
2026-06-12,LOC-035,3.1,1
2026-06-12,LOC-035,4.0,8
2026-06-13,LOC-035,3.9,4
2026-06-13,LOC-035,3.9,53
2026-06-14,LOC-035,3.7,20
2026-06-14,LOC-035,5.0,11
2026-06-14,LOC-035,5.0,1
2026-06-14,LOC-035,4.5,28
2026-06-14,LOC-035,3.8,1
2026-06-15,LOC-035,4.7,2
2026-06-16,LOC-035,4.4,5
2026-06-16,LOC-035,4.5,1
2026-06-16,LOC-035,4.2,28
2026-06-17,LOC-035,3.7,9
2026-06-17,LOC-035,4.7,6
2026-06-17,LOC-035,4.2,8
2026-06-17,LOC-035,4.3,5
2026-06-18,LOC-035,4.7,6
2026-06-18,LOC-035,3.9,2
2026-06-18,LOC-035,4.6,21
2026-06-18,LOC-035,4.5,1
2026-06-18,LOC-035,3.4,5
2026-06-18,LOC-035,4.5,15
2026-06-18,LOC-035,3.8,2
2026-06-18,LOC-035,4.5,32
2026-06-19,LOC-035,5.0,2
2026-06-19,LOC-035,4.3,45
2026-06-19,LOC-035,5.0,12
2026-06-20,LOC-035,4.5,7
2026-06-20,LOC-035,4.2,4
2026-06-20,LOC-035,4.4,6
2026-06-20,LOC-035,4.7,1
2026-06-20,LOC-035,4.6,1
2026-06-20,LOC-035,4.2,1
2026-06-22,LOC-035,4.6,34
2026-06-22,LOC-035,4.4,14
2026-06-22,LOC-035,4.2,86
2026-06-23,LOC-035,4.8,6
2026-06-23,LOC-035,3.7,46
2026-06-23,LOC-035,3.9,5
2026-06-23,LOC-035,3.4,40
2026-06-23,LOC-035,4.0,11
2026-06-24,LOC-035,5.0,9
2026-06-24,LOC-035,4.7,1
2026-06-24,LOC-035,3.3,2
2026-06-24,LOC-035,4.8,12
2026-06-24,LOC-035,5.0,3
2026-06-24,LOC-035,4.7,26
2026-06-24,LOC-035,3.9,14
2026-06-24,LOC-035,5.0,9
2026-06-25,LOC-035,4.5,14
2026-06-25,LOC-035,4.6,6
2026-06-26,LOC-035,4.5,17
2026-06-26,LOC-035,4.5,25
2026-06-26,LOC-035,4.6,12
2026-06-26,LOC-035,4.7,1
2026-06-26,LOC-035,4.3,7
2026-06-27,LOC-035,5.0,19
2026-06-27,LOC-035,5.0,1
2026-06-28,LOC-035,4.6,10
2026-06-28,LOC-035,4.4,17
2026-06-29,LOC-035,4.1,20
2026-06-29,LOC-035,4.5,5
2026-06-29,LOC-035,4.3,1
2026-06-29,LOC-035,4.1,44
2026-06-29,LOC-035,4.3,23
2026-06-29,LOC-035,4.3,30
2026-06-30,LOC-035,4.0,21
2026-06-30,LOC-035,4.7,4
2026-06-30,LOC-035,4.4,8
2026-01-01,LOC-036,3.7,2
2026-01-01,LOC-036,4.6,14
2026-01-03,LOC-036,4.2,17
2026-01-03,LOC-036,4.3,3
2026-01-03,LOC-036,4.7,17
2026-01-04,LOC-036,4.6,10
2026-01-04,LOC-036,4.8,1
2026-01-05,LOC-036,4.5,2
2026-01-05,LOC-036,4.2,41
2026-01-06,LOC-036,4.6,2
2026-01-07,LOC-036,3.7,2
2026-01-07,LOC-036,2.8,6
2026-01-08,LOC-036,4.6,11
2026-01-08,LOC-036,4.9,1
2026-01-09,LOC-036,3.8,43
2026-01-09,LOC-036,4.0,8
2026-01-09,LOC-036,3.6,7
2026-01-09,LOC-036,5.0,6
2026-01-09,LOC-036,4.6,3
2026-01-10,LOC-036,3.5,10
2026-01-10,LOC-036,5.0,19
2026-01-10,LOC-036,4.0,7
2026-01-11,LOC-036,4.4,11
2026-01-11,LOC-036,5.0,21
2026-01-12,LOC-036,3.5,7
2026-01-12,LOC-036,4.5,15
2026-01-12,LOC-036,4.4,3
2026-01-12,LOC-036,3.7,3
2026-01-13,LOC-036,4.3,4
2026-01-14,LOC-036,5.0,18
2026-01-14,LOC-036,4.2,4
2026-01-15,LOC-036,4.6,42
2026-01-15,LOC-036,5.0,16
2026-01-16,LOC-036,4.7,15
2026-01-16,LOC-036,5.0,4
2026-01-18,LOC-036,4.3,40
2026-01-18,LOC-036,4.0,11
2026-01-18,LOC-036,4.1,7
2026-01-18,LOC-036,4.9,1
2026-01-18,LOC-036,4.4,3
2026-01-19,LOC-036,3.4,21
2026-01-19,LOC-036,4.6,8
2026-01-19,LOC-036,4.2,29
2026-01-19,LOC-036,4.8,39
2026-01-20,LOC-036,4.3,5
2026-01-20,LOC-036,4.8,23
2026-01-20,LOC-036,4.1,40
2026-01-20,LOC-036,4.9,7
2026-01-21,LOC-036,3.3,12
2026-01-21,LOC-036,3.6,24
2026-01-21,LOC-036,3.9,7
2026-01-22,LOC-036,4.8,10
2026-01-22,LOC-036,4.5,9
2026-01-22,LOC-036,4.6,33
2026-01-23,LOC-036,4.0,4
2026-01-23,LOC-036,4.5,50
2026-01-23,LOC-036,4.6,10
2026-01-23,LOC-036,3.6,38
2026-01-24,LOC-036,4.1,12
2026-01-25,LOC-036,4.5,4
2026-01-25,LOC-036,5.0,77
2026-01-26,LOC-036,3.6,6
2026-01-26,LOC-036,4.4,15
2026-01-26,LOC-036,4.7,3
2026-01-26,LOC-036,3.3,16
2026-01-26,LOC-036,3.7,4
2026-01-27,LOC-036,3.9,9
2026-01-29,LOC-036,4.5,26
2026-01-29,LOC-036,4.0,27
2026-01-30,LOC-036,4.2,5
2026-01-30,LOC-036,4.3,61
2026-01-31,LOC-036,4.8,2
2026-02-02,LOC-036,5.0,1
2026-02-02,LOC-036,3.8,8
2026-02-03,LOC-036,3.8,12
2026-02-03,LOC-036,5.0,10
2026-02-04,LOC-036,4.4,20
2026-02-04,LOC-036,3.5,5
2026-02-04,LOC-036,4.3,9
2026-02-05,LOC-036,4.6,1
2026-02-05,LOC-036,4.5,13
2026-02-05,LOC-036,4.2,1
2026-02-06,LOC-036,4.8,8
2026-02-06,LOC-036,4.1,6
2026-02-06,LOC-036,5.0,1
2026-02-06,LOC-036,3.9,1
2026-02-07,LOC-036,3.9,20
2026-02-07,LOC-036,4.7,1
2026-02-08,LOC-036,4.7,20
2026-02-08,LOC-036,5.0,17
2026-02-08,LOC-036,4.1,1
2026-02-09,LOC-036,3.8,8
2026-02-09,LOC-036,2.9,23
2026-02-09,LOC-036,4.0,16
2026-02-09,LOC-036,4.5,6
2026-02-10,LOC-036,4.2,9
2026-02-10,LOC-036,4.4,1
2026-02-10,LOC-036,3.8,20
2026-02-11,LOC-036,4.2,7
2026-02-12,LOC-036,4.9,2
2026-02-12,LOC-036,4.4,11
2026-02-12,LOC-036,3.8,2
2026-02-12,LOC-036,4.5,5
2026-02-13,LOC-036,4.7,1
2026-02-14,LOC-036,4.4,6
2026-02-14,LOC-036,3.6,10
2026-02-14,LOC-036,4.3,13
2026-02-14,LOC-036,4.9,5
2026-02-14,LOC-036,5.0,1
2026-02-15,LOC-036,4.0,25
2026-02-15,LOC-036,4.2,37
2026-02-15,LOC-036,4.5,18
2026-02-16,LOC-036,4.6,13
2026-02-16,LOC-036,4.4,12
2026-02-17,LOC-036,3.9,14
2026-02-17,LOC-036,4.7,23
2026-02-17,LOC-036,4.9,1
2026-02-17,LOC-036,4.0,4
2026-02-18,LOC-036,5.0,29
2026-02-18,LOC-036,4.8,13
2026-02-18,LOC-036,4.1,15
2026-02-18,LOC-036,4.5,19
2026-02-18,LOC-036,4.0,2
2026-02-18,LOC-036,5.0,12
2026-02-19,LOC-036,4.9,5
2026-02-19,LOC-036,3.6,22
2026-02-19,LOC-036,3.5,50
2026-02-19,LOC-036,3.6,12
2026-02-20,LOC-036,5.0,13
2026-02-20,LOC-036,4.9,1
2026-02-20,LOC-036,3.8,37
2026-02-20,LOC-036,4.7,2
2026-02-22,LOC-036,4.4,3
2026-02-22,LOC-036,3.9,17
2026-02-22,LOC-036,4.6,12
2026-02-23,LOC-036,4.3,4
2026-02-23,LOC-036,4.1,1
2026-02-23,LOC-036,4.0,6
2026-02-23,LOC-036,2.7,22
2026-02-23,LOC-036,3.9,2
2026-02-23,LOC-036,4.0,12
2026-02-24,LOC-036,4.3,13
2026-02-24,LOC-036,5.0,5
2026-02-24,LOC-036,4.3,14
2026-02-25,LOC-036,4.8,7
2026-02-25,LOC-036,4.5,49
2026-02-25,LOC-036,3.8,2
2026-02-26,LOC-036,4.5,2
2026-02-26,LOC-036,4.2,18
2026-02-26,LOC-036,4.2,26
2026-02-26,LOC-036,5.0,1
2026-02-26,LOC-036,4.1,58
2026-02-27,LOC-036,4.5,5
2026-02-27,LOC-036,3.7,32
2026-02-28,LOC-036,5.0,20
2026-02-28,LOC-036,3.3,42
2026-02-28,LOC-036,4.2,1
2026-03-01,LOC-036,3.6,4
2026-03-01,LOC-036,3.9,22
2026-03-02,LOC-036,4.9,39
2026-03-02,LOC-036,3.7,17
2026-03-02,LOC-036,4.8,17
2026-03-03,LOC-036,4.3,2
2026-03-03,LOC-036,4.0,5
2026-03-03,LOC-036,5.0,1
2026-03-03,LOC-036,4.5,34
2026-03-03,LOC-036,4.8,1
2026-03-03,LOC-036,4.1,9
2026-03-03,LOC-036,4.9,14
2026-03-03,LOC-036,4.4,5
2026-03-03,LOC-036,4.5,3
2026-03-04,LOC-036,4.3,18
2026-03-04,LOC-036,4.7,26
2026-03-04,LOC-036,4.0,17
2026-03-04,LOC-036,5.0,11
2026-03-04,LOC-036,4.1,3
2026-03-04,LOC-036,5.0,1
2026-03-04,LOC-036,4.8,34
2026-03-05,LOC-036,4.2,14
2026-03-05,LOC-036,3.8,5
2026-03-07,LOC-036,3.5,13
2026-03-07,LOC-036,4.2,10
2026-03-07,LOC-036,4.5,18
2026-03-07,LOC-036,3.8,3
2026-03-07,LOC-036,4.9,24
2026-03-08,LOC-036,4.4,17
2026-03-09,LOC-036,3.8,6
2026-03-09,LOC-036,4.3,19
2026-03-09,LOC-036,5.0,9
2026-03-09,LOC-036,4.1,25
2026-03-09,LOC-036,4.1,38
2026-03-10,LOC-036,4.2,11
2026-03-10,LOC-036,4.8,7
2026-03-10,LOC-036,3.8,4
2026-03-10,LOC-036,3.8,24
2026-03-10,LOC-036,4.4,10
2026-03-11,LOC-036,4.3,32
2026-03-11,LOC-036,4.1,11
2026-03-11,LOC-036,4.6,37
2026-03-12,LOC-036,4.5,17
2026-03-12,LOC-036,3.7,3
2026-03-12,LOC-036,3.6,22
2026-03-13,LOC-036,4.8,19
2026-03-13,LOC-036,3.6,1
2026-03-13,LOC-036,4.0,1
2026-03-13,LOC-036,4.1,4
2026-03-15,LOC-036,4.9,15
2026-03-15,LOC-036,3.8,21
2026-03-15,LOC-036,3.9,6
2026-03-15,LOC-036,4.7,7
2026-03-15,LOC-036,3.7,39
2026-03-15,LOC-036,4.4,15
2026-03-16,LOC-036,3.7,14
2026-03-16,LOC-036,4.5,26
2026-03-17,LOC-036,5.0,1
2026-03-17,LOC-036,4.1,13
2026-03-17,LOC-036,4.5,8
2026-03-19,LOC-036,4.9,2
2026-03-19,LOC-036,4.6,6
2026-03-19,LOC-036,4.2,20
2026-03-19,LOC-036,3.5,31
2026-03-20,LOC-036,4.2,1
2026-03-20,LOC-036,4.0,6
2026-03-21,LOC-036,3.7,1
2026-03-21,LOC-036,4.8,1
2026-03-22,LOC-036,4.2,12
2026-03-22,LOC-036,5.0,10
2026-03-22,LOC-036,3.0,13
2026-03-22,LOC-036,4.4,3
2026-03-22,LOC-036,4.8,10
2026-03-22,LOC-036,4.3,23
2026-03-23,LOC-036,5.0,3
2026-03-23,LOC-036,5.0,36
2026-03-23,LOC-036,2.9,33
2026-03-23,LOC-036,3.4,34
2026-03-24,LOC-036,4.1,8
2026-03-24,LOC-036,4.1,1
2026-03-24,LOC-036,4.3,1
2026-03-24,LOC-036,4.3,46
2026-03-25,LOC-036,4.4,18
2026-03-25,LOC-036,4.6,4
2026-03-26,LOC-036,3.6,11
2026-03-26,LOC-036,4.7,4
2026-03-27,LOC-036,4.4,36
2026-03-28,LOC-036,3.9,1
2026-03-28,LOC-036,4.0,20
2026-03-28,LOC-036,4.5,8
2026-03-28,LOC-036,4.2,14
2026-03-29,LOC-036,4.5,6
2026-03-29,LOC-036,4.3,4
2026-03-29,LOC-036,4.7,74
2026-03-29,LOC-036,4.5,3
2026-03-29,LOC-036,5.0,16
2026-03-29,LOC-036,3.8,2
2026-03-30,LOC-036,5.0,5
2026-03-31,LOC-036,3.9,8
2026-03-31,LOC-036,4.2,2
2026-03-31,LOC-036,4.1,1
2026-03-31,LOC-036,4.2,1
2026-03-31,LOC-036,3.4,6
2026-03-31,LOC-036,3.7,46
2026-04-01,LOC-036,4.2,25
2026-04-01,LOC-036,3.6,13
2026-04-01,LOC-036,4.9,9
2026-04-02,LOC-036,3.5,17
2026-04-02,LOC-036,4.3,12
2026-04-03,LOC-036,4.3,19
2026-04-03,LOC-036,4.8,38
2026-04-03,LOC-036,3.9,19
2026-04-04,LOC-036,4.2,21
2026-04-05,LOC-036,4.7,27
2026-04-05,LOC-036,4.4,6
2026-04-06,LOC-036,4.3,7
2026-04-06,LOC-036,4.5,8
2026-04-06,LOC-036,3.6,11
2026-04-07,LOC-036,4.4,12
2026-04-07,LOC-036,4.6,11
2026-04-07,LOC-036,4.3,6
2026-04-07,LOC-036,5.0,18
2026-04-08,LOC-036,4.1,1
2026-04-08,LOC-036,3.3,1
2026-04-08,LOC-036,4.0,1
2026-04-08,LOC-036,4.4,5
2026-04-08,LOC-036,4.6,101
2026-04-09,LOC-036,4.6,7
2026-04-09,LOC-036,4.7,4
2026-04-09,LOC-036,4.4,11
2026-04-09,LOC-036,3.8,23
2026-04-10,LOC-036,3.9,3
2026-04-10,LOC-036,3.7,19
2026-04-11,LOC-036,4.5,2
2026-04-12,LOC-036,3.8,6
2026-04-12,LOC-036,3.4,6
2026-04-12,LOC-036,4.9,2
2026-04-12,LOC-036,5.0,21
2026-04-12,LOC-036,4.2,14
2026-04-12,LOC-036,5.0,1
2026-04-12,LOC-036,4.7,1
2026-04-13,LOC-036,4.2,20
2026-04-13,LOC-036,4.1,16
2026-04-13,LOC-036,3.7,9
2026-04-14,LOC-036,3.3,5
2026-04-14,LOC-036,3.9,35
2026-04-14,LOC-036,5.0,39
2026-04-15,LOC-036,3.4,21
2026-04-15,LOC-036,5.0,7
2026-04-16,LOC-036,4.8,11
2026-04-16,LOC-036,3.5,1
2026-04-17,LOC-036,3.9,9
2026-04-17,LOC-036,3.5,4
2026-04-17,LOC-036,4.9,30
2026-04-18,LOC-036,4.2,1
2026-04-19,LOC-036,4.9,17
2026-04-19,LOC-036,5.0,20
2026-04-19,LOC-036,4.8,5
2026-04-19,LOC-036,4.2,8
2026-04-20,LOC-036,3.7,11
2026-04-20,LOC-036,4.3,10
2026-04-20,LOC-036,4.7,3
2026-04-21,LOC-036,3.9,4
2026-04-22,LOC-036,4.3,2
2026-04-22,LOC-036,4.0,2
2026-04-23,LOC-036,4.0,27
2026-04-23,LOC-036,5.0,1
2026-04-23,LOC-036,5.0,20
2026-04-23,LOC-036,3.8,29
2026-04-24,LOC-036,4.6,48
2026-04-24,LOC-036,4.7,1
2026-04-24,LOC-036,3.4,3
2026-04-24,LOC-036,4.6,21
2026-04-24,LOC-036,4.6,19
2026-04-25,LOC-036,4.0,17
2026-04-25,LOC-036,4.0,3
2026-04-25,LOC-036,4.8,38
2026-04-26,LOC-036,4.2,4
2026-04-26,LOC-036,4.6,15
2026-04-27,LOC-036,5.0,10
2026-04-28,LOC-036,4.1,1
2026-04-28,LOC-036,4.2,14
2026-04-28,LOC-036,4.7,12
2026-04-29,LOC-036,4.8,11
2026-04-29,LOC-036,4.8,5
2026-04-30,LOC-036,3.9,16
2026-04-30,LOC-036,3.9,24
2026-04-30,LOC-036,4.3,6
2026-05-01,LOC-036,4.3,38
2026-05-01,LOC-036,4.1,26
2026-05-01,LOC-036,4.0,5
2026-05-02,LOC-036,4.5,2
2026-05-02,LOC-036,5.0,53
2026-05-03,LOC-036,4.4,18
2026-05-03,LOC-036,5.0,31
2026-05-03,LOC-036,5.0,5
2026-05-03,LOC-036,4.0,15
2026-05-03,LOC-036,4.8,1
2026-05-03,LOC-036,3.9,9
2026-05-03,LOC-036,4.4,10
2026-05-04,LOC-036,5.0,1
2026-05-04,LOC-036,4.0,22
2026-05-05,LOC-036,4.1,4
2026-05-06,LOC-036,4.4,43
2026-05-07,LOC-036,4.3,19
2026-05-07,LOC-036,4.8,29
2026-05-08,LOC-036,4.1,7
2026-05-08,LOC-036,4.3,23
2026-05-09,LOC-036,3.8,1
2026-05-09,LOC-036,3.1,6
2026-05-09,LOC-036,3.4,13
2026-05-09,LOC-036,4.1,8
2026-05-09,LOC-036,3.9,80
2026-05-10,LOC-036,5.0,39
2026-05-10,LOC-036,4.5,22
2026-05-10,LOC-036,5.0,8
2026-05-10,LOC-036,3.6,6
2026-05-11,LOC-036,4.8,9
2026-05-11,LOC-036,5.0,16
2026-05-11,LOC-036,4.2,3
2026-05-11,LOC-036,3.8,27
2026-05-11,LOC-036,3.9,14
2026-05-12,LOC-036,4.9,1
2026-05-12,LOC-036,3.6,11
2026-05-12,LOC-036,4.1,18
2026-05-13,LOC-036,3.8,11
2026-05-13,LOC-036,3.8,20
2026-05-13,LOC-036,3.9,2
2026-05-13,LOC-036,4.9,4
2026-05-14,LOC-036,4.2,9
2026-05-14,LOC-036,4.5,3
2026-05-15,LOC-036,4.0,14
2026-05-15,LOC-036,4.4,1
2026-05-16,LOC-036,4.5,26
2026-05-16,LOC-036,4.1,34
2026-05-16,LOC-036,4.0,31
2026-05-17,LOC-036,3.8,13
2026-05-17,LOC-036,4.5,62
2026-05-17,LOC-036,4.5,13
2026-05-18,LOC-036,3.7,1
2026-05-18,LOC-036,4.4,18
2026-05-18,LOC-036,4.1,16
2026-05-18,LOC-036,3.3,38
2026-05-18,LOC-036,4.7,3
2026-05-18,LOC-036,4.6,1
2026-05-19,LOC-036,5.0,16
2026-05-19,LOC-036,4.3,5
2026-05-19,LOC-036,4.9,57
2026-05-20,LOC-036,3.9,1
2026-05-20,LOC-036,5.0,18
2026-05-21,LOC-036,3.6,23
2026-05-21,LOC-036,4.0,1
2026-05-21,LOC-036,4.7,8
2026-05-21,LOC-036,3.8,1
2026-05-21,LOC-036,4.2,1
2026-05-21,LOC-036,4.4,25
2026-05-21,LOC-036,3.7,12
2026-05-22,LOC-036,4.1,1
2026-05-22,LOC-036,4.4,15
2026-05-22,LOC-036,4.5,3
2026-05-22,LOC-036,4.3,3
2026-05-23,LOC-036,4.0,22
2026-05-23,LOC-036,3.7,15
2026-05-23,LOC-036,3.8,34
2026-05-23,LOC-036,4.7,19
2026-05-24,LOC-036,3.4,11
2026-05-24,LOC-036,4.1,13
2026-05-24,LOC-036,4.5,4
2026-05-25,LOC-036,4.5,20
2026-05-25,LOC-036,4.5,6
2026-05-26,LOC-036,4.6,23
2026-05-26,LOC-036,3.4,5
2026-05-26,LOC-036,3.5,9
2026-05-27,LOC-036,4.2,2
2026-05-27,LOC-036,4.0,16
2026-05-27,LOC-036,4.4,2
2026-05-28,LOC-036,3.3,12
2026-05-28,LOC-036,4.0,4
2026-05-28,LOC-036,4.3,4
2026-05-28,LOC-036,4.4,1
2026-05-28,LOC-036,4.0,4
2026-05-29,LOC-036,4.0,14
2026-05-30,LOC-036,4.0,9
2026-05-30,LOC-036,4.3,8
2026-05-30,LOC-036,4.6,15
2026-05-31,LOC-036,4.0,11
2026-05-31,LOC-036,3.9,22
2026-05-31,LOC-036,5.0,5
2026-06-01,LOC-036,3.9,5
2026-06-01,LOC-036,3.7,38
2026-06-01,LOC-036,4.2,1
2026-06-01,LOC-036,4.0,2
2026-06-03,LOC-036,3.3,9
2026-06-03,LOC-036,4.4,30
2026-06-03,LOC-036,4.6,4
2026-06-03,LOC-036,3.9,29
2026-06-05,LOC-036,5.0,6
2026-06-06,LOC-036,4.7,17
2026-06-06,LOC-036,4.3,23
2026-06-06,LOC-036,4.4,4
2026-06-06,LOC-036,4.5,25
2026-06-06,LOC-036,4.4,5
2026-06-07,LOC-036,4.4,9
2026-06-08,LOC-036,3.4,12
2026-06-08,LOC-036,4.7,1
2026-06-08,LOC-036,4.7,24
2026-06-09,LOC-036,3.9,58
2026-06-09,LOC-036,4.3,8
2026-06-09,LOC-036,4.5,1
2026-06-12,LOC-036,3.7,8
2026-06-12,LOC-036,4.8,30
2026-06-12,LOC-036,4.2,45
2026-06-12,LOC-036,5.0,5
2026-06-12,LOC-036,4.1,38
2026-06-13,LOC-036,4.5,13
2026-06-13,LOC-036,3.0,50
2026-06-14,LOC-036,4.9,10
2026-06-14,LOC-036,5.0,8
2026-06-14,LOC-036,4.8,7
2026-06-15,LOC-036,4.3,8
2026-06-15,LOC-036,4.6,1
2026-06-15,LOC-036,3.7,11
2026-06-15,LOC-036,4.2,1
2026-06-16,LOC-036,5.0,25
2026-06-16,LOC-036,4.1,11
2026-06-16,LOC-036,3.2,8
2026-06-16,LOC-036,4.5,13
2026-06-17,LOC-036,4.9,33
2026-06-17,LOC-036,3.8,51
2026-06-18,LOC-036,3.6,46
2026-06-18,LOC-036,4.2,16
2026-06-18,LOC-036,4.4,9
2026-06-19,LOC-036,3.9,31
2026-06-19,LOC-036,3.9,42
2026-06-19,LOC-036,4.7,6
2026-06-19,LOC-036,3.8,38
2026-06-20,LOC-036,3.6,24
2026-06-20,LOC-036,3.7,6
2026-06-20,LOC-036,4.1,5
2026-06-21,LOC-036,4.6,23
2026-06-21,LOC-036,4.0,26
2026-06-22,LOC-036,3.5,19
2026-06-23,LOC-036,4.4,4
2026-06-23,LOC-036,3.8,14
2026-06-23,LOC-036,4.2,5
2026-06-23,LOC-036,4.4,1
2026-06-23,LOC-036,4.7,7
2026-06-24,LOC-036,4.5,4
2026-06-24,LOC-036,4.5,1
2026-06-24,LOC-036,4.9,4
2026-06-24,LOC-036,4.8,3
2026-06-24,LOC-036,3.3,4
2026-06-25,LOC-036,3.4,21
2026-06-25,LOC-036,4.3,13
2026-06-25,LOC-036,3.8,14
2026-06-25,LOC-036,3.4,10
2026-06-26,LOC-036,5.0,2
2026-06-26,LOC-036,4.0,5
2026-06-27,LOC-036,4.1,28
2026-06-27,LOC-036,4.5,5
2026-06-27,LOC-036,4.0,21
2026-06-27,LOC-036,5.0,24
2026-06-27,LOC-036,4.1,58
2026-06-27,LOC-036,3.4,13
2026-06-27,LOC-036,3.1,1
2026-06-28,LOC-036,5.0,15
2026-06-28,LOC-036,4.4,13
2026-06-29,LOC-036,4.4,5
2026-06-29,LOC-036,4.4,6
2026-06-29,LOC-036,3.9,1
2026-06-29,LOC-036,4.3,1
2026-06-29,LOC-036,3.4,8
2026-06-30,LOC-036,4.4,11
2026-06-30,LOC-036,3.9,5
2026-06-30,LOC-036,4.6,7
2026-06-30,LOC-036,5.0,39
2026-01-01,LOC-037,4.2,1
2026-01-01,LOC-037,4.3,4
2026-01-01,LOC-037,4.5,35
2026-01-02,LOC-037,3.8,5
2026-01-02,LOC-037,3.2,6
2026-01-02,LOC-037,2.8,12
2026-01-03,LOC-037,4.1,4
2026-01-03,LOC-037,4.4,9
2026-01-04,LOC-037,4.6,21
2026-01-04,LOC-037,3.2,1
2026-01-04,LOC-037,3.8,17
2026-01-04,LOC-037,4.1,9
2026-01-04,LOC-037,4.3,1
2026-01-04,LOC-037,3.9,9
2026-01-04,LOC-037,3.7,1
2026-01-06,LOC-037,4.3,29
2026-01-06,LOC-037,3.5,14
2026-01-06,LOC-037,3.5,29
2026-01-06,LOC-037,4.5,52
2026-01-07,LOC-037,4.3,3
2026-01-07,LOC-037,4.1,7
2026-01-07,LOC-037,4.5,11
2026-01-09,LOC-037,4.0,1
2026-01-09,LOC-037,3.0,15
2026-01-10,LOC-037,4.9,15
2026-01-10,LOC-037,3.6,11
2026-01-11,LOC-037,3.6,8
2026-01-11,LOC-037,4.1,18
2026-01-12,LOC-037,3.7,44
2026-01-12,LOC-037,4.0,9
2026-01-12,LOC-037,3.2,33
2026-01-12,LOC-037,4.0,24
2026-01-13,LOC-037,4.1,1
2026-01-13,LOC-037,4.5,2
2026-01-14,LOC-037,3.2,5
2026-01-14,LOC-037,3.0,3
2026-01-14,LOC-037,3.5,33
2026-01-14,LOC-037,4.0,37
2026-01-14,LOC-037,4.3,4
2026-01-15,LOC-037,3.4,18
2026-01-15,LOC-037,3.7,4
2026-01-15,LOC-037,3.4,1
2026-01-15,LOC-037,3.9,16
2026-01-15,LOC-037,3.9,28
2026-01-16,LOC-037,4.0,20
2026-01-16,LOC-037,4.3,3
2026-01-16,LOC-037,3.5,13
2026-01-16,LOC-037,4.2,29
2026-01-16,LOC-037,4.1,15
2026-01-17,LOC-037,4.2,10
2026-01-18,LOC-037,3.6,13
2026-01-18,LOC-037,3.3,1
2026-01-19,LOC-037,3.5,6
2026-01-19,LOC-037,3.1,16
2026-01-20,LOC-037,4.1,1
2026-01-20,LOC-037,4.2,3
2026-01-20,LOC-037,3.5,8
2026-01-20,LOC-037,3.5,61
2026-01-21,LOC-037,3.6,14
2026-01-21,LOC-037,4.1,3
2026-01-21,LOC-037,3.6,12
2026-01-22,LOC-037,3.2,13
2026-01-22,LOC-037,3.0,1
2026-01-23,LOC-037,3.5,11
2026-01-23,LOC-037,3.5,1
2026-01-23,LOC-037,3.7,17
2026-01-23,LOC-037,4.3,54
2026-01-24,LOC-037,4.2,43
2026-01-24,LOC-037,3.2,64
2026-01-24,LOC-037,4.2,8
2026-01-24,LOC-037,4.1,9
2026-01-24,LOC-037,3.3,8
2026-01-25,LOC-037,3.9,14
2026-01-25,LOC-037,3.1,1
2026-01-25,LOC-037,3.1,1
2026-01-25,LOC-037,3.3,1
2026-01-26,LOC-037,4.5,21
2026-01-26,LOC-037,2.8,27
2026-01-26,LOC-037,4.1,6
2026-01-26,LOC-037,3.2,11
2026-01-27,LOC-037,2.6,1
2026-01-27,LOC-037,3.8,30
2026-01-27,LOC-037,4.0,21
2026-01-28,LOC-037,3.2,7
2026-01-28,LOC-037,3.7,15
2026-01-28,LOC-037,4.0,7
2026-01-28,LOC-037,3.4,18
2026-01-28,LOC-037,3.5,18
2026-01-29,LOC-037,3.9,6
2026-01-29,LOC-037,4.8,1
2026-01-29,LOC-037,3.5,1
2026-01-30,LOC-037,3.9,23
2026-02-01,LOC-037,3.7,6
2026-02-01,LOC-037,3.5,2
2026-02-02,LOC-037,4.1,10
2026-02-02,LOC-037,3.3,49
2026-02-03,LOC-037,2.8,19
2026-02-03,LOC-037,2.3,3
2026-02-05,LOC-037,2.2,22
2026-02-05,LOC-037,3.9,8
2026-02-05,LOC-037,3.6,18
2026-02-05,LOC-037,3.8,9
2026-02-06,LOC-037,4.5,7
2026-02-06,LOC-037,4.0,11
2026-02-06,LOC-037,4.2,5
2026-02-07,LOC-037,3.5,67
2026-02-07,LOC-037,3.4,1
2026-02-08,LOC-037,3.9,46
2026-02-08,LOC-037,4.3,6
2026-02-08,LOC-037,4.3,2
2026-02-08,LOC-037,3.5,4
2026-02-08,LOC-037,3.5,35
2026-02-08,LOC-037,3.9,35
2026-02-09,LOC-037,4.1,14
2026-02-09,LOC-037,3.3,24
2026-02-10,LOC-037,3.6,6
2026-02-10,LOC-037,3.6,7
2026-02-10,LOC-037,3.5,8
2026-02-10,LOC-037,3.3,3
2026-02-10,LOC-037,3.9,16
2026-02-10,LOC-037,3.8,5
2026-02-11,LOC-037,3.1,18
2026-02-11,LOC-037,3.9,7
2026-02-11,LOC-037,4.0,26
2026-02-11,LOC-037,3.9,17
2026-02-11,LOC-037,3.4,4
2026-02-11,LOC-037,4.4,1
2026-02-11,LOC-037,3.7,17
2026-02-12,LOC-037,3.2,13
2026-02-12,LOC-037,3.6,4
2026-02-12,LOC-037,4.4,92
2026-02-13,LOC-037,3.0,11
2026-02-14,LOC-037,2.7,26
2026-02-14,LOC-037,3.6,92
2026-02-14,LOC-037,2.7,41
2026-02-14,LOC-037,4.4,61
2026-02-14,LOC-037,4.1,1
2026-02-15,LOC-037,4.5,4
2026-02-16,LOC-037,3.9,9
2026-02-16,LOC-037,3.6,14
2026-02-16,LOC-037,3.7,5
2026-02-16,LOC-037,3.7,3
2026-02-16,LOC-037,3.5,21
2026-02-16,LOC-037,4.1,13
2026-02-16,LOC-037,3.7,1
2026-02-16,LOC-037,2.9,29
2026-02-17,LOC-037,2.6,63
2026-02-17,LOC-037,4.4,56
2026-02-17,LOC-037,3.4,32
2026-02-18,LOC-037,3.5,1
2026-02-18,LOC-037,3.1,15
2026-02-18,LOC-037,3.4,8
2026-02-18,LOC-037,3.4,4
2026-02-18,LOC-037,4.0,5
2026-02-18,LOC-037,3.6,16
2026-02-18,LOC-037,3.7,26
2026-02-19,LOC-037,3.3,27
2026-02-19,LOC-037,4.5,44
2026-02-19,LOC-037,3.8,8
2026-02-20,LOC-037,2.6,14
2026-02-20,LOC-037,3.4,14
2026-02-21,LOC-037,4.4,3
2026-02-21,LOC-037,4.2,42
2026-02-21,LOC-037,3.1,34
2026-02-21,LOC-037,4.0,1
2026-02-22,LOC-037,3.8,111
2026-02-22,LOC-037,3.7,5
2026-02-23,LOC-037,4.1,22
2026-02-23,LOC-037,3.4,3
2026-02-23,LOC-037,2.9,1
2026-02-23,LOC-037,4.8,17
2026-02-23,LOC-037,3.3,5
2026-02-23,LOC-037,3.0,6
2026-02-24,LOC-037,4.0,3
2026-02-24,LOC-037,3.1,3
2026-02-25,LOC-037,3.2,20
2026-02-25,LOC-037,3.5,11
2026-02-25,LOC-037,4.1,6
2026-02-25,LOC-037,3.9,13
2026-02-26,LOC-037,4.2,32
2026-02-26,LOC-037,4.1,14
2026-02-26,LOC-037,3.3,1
2026-02-27,LOC-037,3.4,5
2026-02-27,LOC-037,3.5,5
2026-02-27,LOC-037,2.3,7
2026-02-28,LOC-037,3.8,19
2026-03-01,LOC-037,2.9,24
2026-03-01,LOC-037,3.8,11
2026-03-01,LOC-037,4.0,1
2026-03-02,LOC-037,3.9,13
2026-03-03,LOC-037,2.9,12
2026-03-03,LOC-037,3.6,24
2026-03-04,LOC-037,3.3,16
2026-03-04,LOC-037,4.9,67
2026-03-04,LOC-037,4.5,5
2026-03-04,LOC-037,4.1,2
2026-03-05,LOC-037,3.3,2
2026-03-05,LOC-037,3.5,14
2026-03-05,LOC-037,3.3,1
2026-03-05,LOC-037,3.6,2
2026-03-06,LOC-037,4.4,14
2026-03-07,LOC-037,3.6,1
2026-03-07,LOC-037,4.3,2
2026-03-08,LOC-037,2.9,1
2026-03-09,LOC-037,3.7,1
2026-03-09,LOC-037,3.7,2
2026-03-10,LOC-037,3.0,14
2026-03-10,LOC-037,3.5,15
2026-03-11,LOC-037,3.1,75
2026-03-11,LOC-037,3.3,2
2026-03-11,LOC-037,3.1,39
2026-03-11,LOC-037,3.5,1
2026-03-12,LOC-037,3.1,21
2026-03-12,LOC-037,3.5,38
2026-03-13,LOC-037,4.0,35
2026-03-13,LOC-037,4.0,8
2026-03-13,LOC-037,3.6,35
2026-03-14,LOC-037,3.6,25
2026-03-14,LOC-037,4.1,1
2026-03-14,LOC-037,3.1,19
2026-03-14,LOC-037,3.8,3
2026-03-15,LOC-037,3.8,3
2026-03-15,LOC-037,3.6,2
2026-03-15,LOC-037,3.7,38
2026-03-15,LOC-037,3.8,32
2026-03-16,LOC-037,3.5,15
2026-03-16,LOC-037,3.8,3
2026-03-17,LOC-037,3.9,18
2026-03-17,LOC-037,3.2,25
2026-03-17,LOC-037,4.1,21
2026-03-18,LOC-037,3.9,3
2026-03-19,LOC-037,3.2,1
2026-03-19,LOC-037,2.8,1
2026-03-19,LOC-037,2.9,38
2026-03-19,LOC-037,4.4,8
2026-03-19,LOC-037,3.2,6
2026-03-20,LOC-037,3.5,20
2026-03-20,LOC-037,3.5,29
2026-03-20,LOC-037,3.1,88
2026-03-22,LOC-037,4.1,3
2026-03-22,LOC-037,4.0,15
2026-03-22,LOC-037,4.0,18
2026-03-22,LOC-037,4.3,13
2026-03-23,LOC-037,3.1,6
2026-03-23,LOC-037,3.3,13
2026-03-24,LOC-037,3.5,15
2026-03-24,LOC-037,3.2,3
2026-03-24,LOC-037,3.7,27
2026-03-25,LOC-037,4.1,10
2026-03-25,LOC-037,3.8,7
2026-03-25,LOC-037,3.7,66
2026-03-25,LOC-037,3.1,1
2026-03-25,LOC-037,2.8,1
2026-03-26,LOC-037,3.6,3
2026-03-26,LOC-037,4.0,10
2026-03-26,LOC-037,4.3,12
2026-03-27,LOC-037,2.7,12
2026-03-27,LOC-037,3.7,19
2026-03-27,LOC-037,3.1,28
2026-03-28,LOC-037,3.9,16
2026-03-28,LOC-037,3.4,45
2026-03-28,LOC-037,3.8,27
2026-03-29,LOC-037,4.1,1
2026-03-29,LOC-037,3.1,27
2026-03-29,LOC-037,4.0,30
2026-03-30,LOC-037,3.7,8
2026-03-30,LOC-037,3.9,26
2026-03-31,LOC-037,5.0,20
2026-03-31,LOC-037,3.3,38
2026-03-31,LOC-037,3.4,13
2026-03-31,LOC-037,3.6,8
2026-04-01,LOC-037,4.7,15
2026-04-02,LOC-037,3.4,1
2026-04-02,LOC-037,3.6,3
2026-04-03,LOC-037,3.4,12
2026-04-03,LOC-037,3.4,23
2026-04-03,LOC-037,4.5,29
2026-04-04,LOC-037,3.1,10
2026-04-04,LOC-037,3.7,4
2026-04-04,LOC-037,3.5,10
2026-04-04,LOC-037,3.3,32
2026-04-04,LOC-037,3.5,1
2026-04-05,LOC-037,2.9,5
2026-04-06,LOC-037,3.8,16
2026-04-06,LOC-037,3.9,27
2026-04-07,LOC-037,4.1,24
2026-04-08,LOC-037,3.1,16
2026-04-08,LOC-037,3.4,4
2026-04-08,LOC-037,3.7,15
2026-04-09,LOC-037,4.3,1
2026-04-09,LOC-037,3.8,8
2026-04-09,LOC-037,3.4,10
2026-04-10,LOC-037,3.5,18
2026-04-10,LOC-037,2.8,2
2026-04-10,LOC-037,3.2,30
2026-04-10,LOC-037,3.8,14
2026-04-11,LOC-037,3.0,23
2026-04-11,LOC-037,4.1,34
2026-04-12,LOC-037,4.4,3
2026-04-12,LOC-037,3.8,1
2026-04-12,LOC-037,3.2,1
2026-04-12,LOC-037,3.7,7
2026-04-12,LOC-037,3.2,8
2026-04-12,LOC-037,3.7,9
2026-04-13,LOC-037,4.1,43
2026-04-13,LOC-037,3.6,23
2026-04-13,LOC-037,3.1,46
2026-04-14,LOC-037,3.4,1
2026-04-14,LOC-037,3.7,5
2026-04-14,LOC-037,3.1,23
2026-04-14,LOC-037,3.1,9
2026-04-14,LOC-037,4.0,12
2026-04-15,LOC-037,3.1,11
2026-04-15,LOC-037,3.6,8
2026-04-15,LOC-037,4.0,4
2026-04-16,LOC-037,2.7,1
2026-04-16,LOC-037,4.0,5
2026-04-17,LOC-037,4.3,2
2026-04-17,LOC-037,2.6,1
2026-04-17,LOC-037,4.0,13
2026-04-17,LOC-037,3.7,11
2026-04-18,LOC-037,4.4,10
2026-04-18,LOC-037,3.4,22
2026-04-18,LOC-037,3.9,85
2026-04-18,LOC-037,3.5,12
2026-04-18,LOC-037,4.1,26
2026-04-18,LOC-037,3.2,6
2026-04-18,LOC-037,4.1,2
2026-04-18,LOC-037,4.4,68
2026-04-19,LOC-037,2.9,8
2026-04-19,LOC-037,3.0,11
2026-04-19,LOC-037,4.3,17
2026-04-19,LOC-037,4.0,19
2026-04-21,LOC-037,3.9,2
2026-04-21,LOC-037,3.3,16
2026-04-22,LOC-037,3.6,21
2026-04-23,LOC-037,3.6,8
2026-04-23,LOC-037,3.8,32
2026-04-24,LOC-037,4.5,1
2026-04-25,LOC-037,2.8,3
2026-04-25,LOC-037,2.8,29
2026-04-26,LOC-037,4.3,1
2026-04-26,LOC-037,3.7,3
2026-04-26,LOC-037,3.2,11
2026-04-26,LOC-037,4.2,7
2026-04-26,LOC-037,3.2,4
2026-04-26,LOC-037,3.0,43
2026-04-26,LOC-037,3.7,42
2026-04-27,LOC-037,4.2,1
2026-04-28,LOC-037,3.0,6
2026-04-28,LOC-037,3.2,5
2026-04-29,LOC-037,3.8,7
2026-04-29,LOC-037,4.6,2
2026-04-29,LOC-037,4.8,1
2026-04-29,LOC-037,2.7,30
2026-04-29,LOC-037,3.1,63
2026-04-30,LOC-037,4.3,13
2026-05-01,LOC-037,3.7,1
2026-05-01,LOC-037,3.2,5
2026-05-01,LOC-037,4.6,8
2026-05-01,LOC-037,3.7,3
2026-05-01,LOC-037,3.0,29
2026-05-02,LOC-037,3.3,2
2026-05-02,LOC-037,3.2,8
2026-05-03,LOC-037,4.0,73
2026-05-03,LOC-037,4.8,19
2026-05-04,LOC-037,3.7,1
2026-05-04,LOC-037,4.6,23
2026-05-05,LOC-037,3.3,1
2026-05-05,LOC-037,4.5,3
2026-05-05,LOC-037,3.9,6
2026-05-05,LOC-037,3.8,1
2026-05-06,LOC-037,3.3,5
2026-05-06,LOC-037,4.3,14
2026-05-07,LOC-037,4.7,3
2026-05-08,LOC-037,3.1,20
2026-05-08,LOC-037,4.0,10
2026-05-08,LOC-037,3.3,1
2026-05-08,LOC-037,3.2,52
2026-05-09,LOC-037,3.9,27
2026-05-09,LOC-037,3.8,37
2026-05-09,LOC-037,4.2,2
2026-05-10,LOC-037,3.5,20
2026-05-10,LOC-037,3.7,2
2026-05-10,LOC-037,2.3,48
2026-05-10,LOC-037,4.0,17
2026-05-11,LOC-037,4.2,58
2026-05-11,LOC-037,3.3,5
2026-05-11,LOC-037,3.6,15
2026-05-11,LOC-037,3.7,1
2026-05-11,LOC-037,3.9,5
2026-05-12,LOC-037,4.5,7
2026-05-12,LOC-037,4.2,17
2026-05-12,LOC-037,4.4,6
2026-05-13,LOC-037,3.1,48
2026-05-13,LOC-037,3.6,32
2026-05-14,LOC-037,2.2,7
2026-05-14,LOC-037,3.7,1
2026-05-14,LOC-037,4.7,32
2026-05-14,LOC-037,3.8,10
2026-05-15,LOC-037,3.6,14
2026-05-15,LOC-037,3.7,3
2026-05-16,LOC-037,3.8,7
2026-05-16,LOC-037,3.1,1
2026-05-16,LOC-037,3.8,2
2026-05-16,LOC-037,3.6,19
2026-05-17,LOC-037,3.6,14
2026-05-17,LOC-037,3.1,31
2026-05-17,LOC-037,3.5,5
2026-05-17,LOC-037,4.5,60
2026-05-17,LOC-037,2.7,2
2026-05-18,LOC-037,3.2,5
2026-05-19,LOC-037,4.6,3
2026-05-19,LOC-037,3.4,5
2026-05-20,LOC-037,3.9,22
2026-05-20,LOC-037,3.9,7
2026-05-20,LOC-037,3.3,1
2026-05-21,LOC-037,3.4,2
2026-05-21,LOC-037,3.3,4
2026-05-21,LOC-037,4.2,9
2026-05-21,LOC-037,3.2,7
2026-05-21,LOC-037,3.7,4
2026-05-22,LOC-037,3.8,18
2026-05-22,LOC-037,2.3,36
2026-05-23,LOC-037,3.2,14
2026-05-23,LOC-037,3.5,3
2026-05-23,LOC-037,3.5,11
2026-05-24,LOC-037,4.0,33
2026-05-25,LOC-037,2.8,1
2026-05-25,LOC-037,4.2,2
2026-05-25,LOC-037,3.5,24
2026-05-26,LOC-037,3.2,10
2026-05-26,LOC-037,3.5,4
2026-05-26,LOC-037,2.9,10
2026-05-27,LOC-037,4.6,13
2026-05-27,LOC-037,3.8,20
2026-05-28,LOC-037,3.5,19
2026-05-29,LOC-037,4.2,44
2026-05-29,LOC-037,3.6,1
2026-05-29,LOC-037,3.1,1
2026-05-29,LOC-037,3.6,2
2026-05-30,LOC-037,2.5,1
2026-05-30,LOC-037,3.6,4
2026-05-30,LOC-037,2.6,1
2026-05-30,LOC-037,4.2,26
2026-05-31,LOC-037,4.2,1
2026-05-31,LOC-037,3.9,30
2026-05-31,LOC-037,3.3,26
2026-05-31,LOC-037,4.1,2
2026-06-01,LOC-037,3.1,1
2026-06-02,LOC-037,4.2,4
2026-06-02,LOC-037,3.8,8
2026-06-02,LOC-037,3.7,17
2026-06-02,LOC-037,2.8,27
2026-06-02,LOC-037,2.8,2
2026-06-02,LOC-037,4.9,23
2026-06-03,LOC-037,3.3,27
2026-06-03,LOC-037,3.7,28
2026-06-03,LOC-037,4.3,3
2026-06-03,LOC-037,3.5,14
2026-06-03,LOC-037,3.4,13
2026-06-03,LOC-037,5.0,2
2026-06-03,LOC-037,3.1,1
2026-06-04,LOC-037,4.2,28
2026-06-04,LOC-037,3.9,18
2026-06-04,LOC-037,3.9,4
2026-06-04,LOC-037,3.2,18
2026-06-04,LOC-037,3.0,1
2026-06-04,LOC-037,3.3,1
2026-06-04,LOC-037,3.6,32
2026-06-05,LOC-037,3.7,24
2026-06-05,LOC-037,3.5,3
2026-06-05,LOC-037,3.0,6
2026-06-05,LOC-037,3.2,1
2026-06-06,LOC-037,4.1,7
2026-06-06,LOC-037,4.3,13
2026-06-06,LOC-037,4.1,20
2026-06-07,LOC-037,4.4,13
2026-06-07,LOC-037,3.6,14
2026-06-07,LOC-037,3.5,5
2026-06-08,LOC-037,3.0,11
2026-06-08,LOC-037,3.8,14
2026-06-09,LOC-037,4.2,16
2026-06-09,LOC-037,3.7,4
2026-06-09,LOC-037,4.2,4
2026-06-09,LOC-037,3.6,9
2026-06-10,LOC-037,3.9,1
2026-06-10,LOC-037,3.5,2
2026-06-10,LOC-037,4.0,3
2026-06-10,LOC-037,3.8,37
2026-06-11,LOC-037,3.4,46
2026-06-11,LOC-037,4.4,57
2026-06-11,LOC-037,3.1,16
2026-06-11,LOC-037,3.7,8
2026-06-11,LOC-037,3.0,26
2026-06-11,LOC-037,3.9,3
2026-06-11,LOC-037,4.0,5
2026-06-12,LOC-037,2.5,9
2026-06-12,LOC-037,4.4,11
2026-06-12,LOC-037,4.2,4
2026-06-12,LOC-037,3.7,2
2026-06-12,LOC-037,4.5,2
2026-06-13,LOC-037,3.1,32
2026-06-14,LOC-037,3.3,7
2026-06-14,LOC-037,2.8,1
2026-06-14,LOC-037,4.1,17
2026-06-15,LOC-037,3.7,14
2026-06-15,LOC-037,3.9,5
2026-06-15,LOC-037,4.5,1
2026-06-16,LOC-037,3.5,34
2026-06-16,LOC-037,4.4,2
2026-06-17,LOC-037,4.5,1
2026-06-17,LOC-037,2.9,1
2026-06-18,LOC-037,3.2,16
2026-06-18,LOC-037,3.8,3
2026-06-18,LOC-037,2.9,19
2026-06-19,LOC-037,3.9,4
2026-06-19,LOC-037,3.4,14
2026-06-20,LOC-037,4.0,2
2026-06-20,LOC-037,3.9,14
2026-06-20,LOC-037,3.3,3
2026-06-20,LOC-037,2.8,9
2026-06-20,LOC-037,3.8,2
2026-06-20,LOC-037,3.1,4
2026-06-21,LOC-037,3.9,33
2026-06-21,LOC-037,3.8,46
2026-06-21,LOC-037,3.5,23
2026-06-21,LOC-037,3.8,1
2026-06-22,LOC-037,3.9,10
2026-06-22,LOC-037,4.2,9
2026-06-22,LOC-037,3.9,6
2026-06-22,LOC-037,3.7,9
2026-06-23,LOC-037,3.8,6
2026-06-23,LOC-037,3.6,16
2026-06-23,LOC-037,4.3,2
2026-06-23,LOC-037,3.6,24
2026-06-24,LOC-037,3.3,2
2026-06-24,LOC-037,3.2,6
2026-06-24,LOC-037,5.0,24
2026-06-25,LOC-037,3.2,5
2026-06-26,LOC-037,4.0,10
2026-06-26,LOC-037,4.3,2
2026-06-27,LOC-037,4.1,2
2026-06-27,LOC-037,3.5,4
2026-06-28,LOC-037,3.2,5
2026-06-28,LOC-037,3.7,8
2026-06-29,LOC-037,4.2,12
2026-06-29,LOC-037,4.5,1
2026-06-29,LOC-037,3.4,31
2026-06-29,LOC-037,3.4,15
2026-06-30,LOC-037,3.6,9
2026-06-30,LOC-037,3.7,3
2026-06-30,LOC-037,3.8,22
2026-06-30,LOC-037,3.4,5
2026-01-01,LOC-038,3.6,9
2026-01-01,LOC-038,3.7,8
2026-01-01,LOC-038,3.8,38
2026-01-02,LOC-038,3.7,4
2026-01-02,LOC-038,3.6,8
2026-01-02,LOC-038,4.1,6
2026-01-02,LOC-038,2.9,5
2026-01-03,LOC-038,3.0,1
2026-01-03,LOC-038,2.4,19
2026-01-04,LOC-038,4.1,6
2026-01-04,LOC-038,4.2,10
2026-01-04,LOC-038,4.3,5
2026-01-04,LOC-038,3.8,18
2026-01-04,LOC-038,4.0,7
2026-01-05,LOC-038,3.4,1
2026-01-05,LOC-038,3.9,34
2026-01-06,LOC-038,3.7,7
2026-01-07,LOC-038,4.6,19
2026-01-07,LOC-038,3.2,2
2026-01-07,LOC-038,3.7,11
2026-01-07,LOC-038,4.0,20
2026-01-07,LOC-038,4.3,27
2026-01-07,LOC-038,4.3,15
2026-01-07,LOC-038,3.5,1
2026-01-08,LOC-038,3.9,23
2026-01-08,LOC-038,3.6,5
2026-01-08,LOC-038,3.9,2
2026-01-08,LOC-038,4.4,1
2026-01-08,LOC-038,4.1,18
2026-01-08,LOC-038,2.9,1
2026-01-09,LOC-038,2.7,3
2026-01-10,LOC-038,3.6,53
2026-01-10,LOC-038,3.5,2
2026-01-10,LOC-038,3.7,8
2026-01-10,LOC-038,3.2,16
2026-01-10,LOC-038,3.3,2
2026-01-10,LOC-038,3.8,27
2026-01-11,LOC-038,3.6,17
2026-01-11,LOC-038,3.0,4
2026-01-12,LOC-038,3.9,4
2026-01-13,LOC-038,3.5,10
2026-01-14,LOC-038,3.6,19
2026-01-14,LOC-038,3.5,15
2026-01-14,LOC-038,3.6,3
2026-01-14,LOC-038,4.0,4
2026-01-15,LOC-038,3.5,54
2026-01-15,LOC-038,3.8,11
2026-01-15,LOC-038,3.1,11
2026-01-16,LOC-038,4.3,19
2026-01-16,LOC-038,3.3,1
2026-01-16,LOC-038,2.9,1
2026-01-16,LOC-038,3.8,1
2026-01-17,LOC-038,3.4,8
2026-01-17,LOC-038,3.8,18
2026-01-18,LOC-038,3.7,9
2026-01-18,LOC-038,3.2,18
2026-01-18,LOC-038,2.3,34
2026-01-18,LOC-038,4.0,8
2026-01-18,LOC-038,3.9,12
2026-01-19,LOC-038,3.6,10
2026-01-20,LOC-038,4.3,14
2026-01-20,LOC-038,3.5,41
2026-01-21,LOC-038,3.7,14
2026-01-22,LOC-038,2.6,1
2026-01-22,LOC-038,3.6,3
2026-01-23,LOC-038,4.1,17
2026-01-24,LOC-038,2.6,1
2026-01-24,LOC-038,4.4,8
2026-01-24,LOC-038,4.2,3
2026-01-24,LOC-038,3.8,7
2026-01-25,LOC-038,3.4,14
2026-01-25,LOC-038,3.4,14
2026-01-25,LOC-038,3.1,8
2026-01-25,LOC-038,3.0,21
2026-01-25,LOC-038,3.6,9
2026-01-26,LOC-038,3.2,27
2026-01-26,LOC-038,3.3,27
2026-01-26,LOC-038,3.7,1
2026-01-26,LOC-038,3.0,9
2026-01-26,LOC-038,3.8,1
2026-01-26,LOC-038,4.4,15
2026-01-26,LOC-038,3.5,44
2026-01-26,LOC-038,3.5,13
2026-01-27,LOC-038,3.5,24
2026-01-28,LOC-038,4.1,1
2026-01-28,LOC-038,4.9,37
2026-01-29,LOC-038,2.7,4
2026-01-29,LOC-038,3.8,1
2026-01-29,LOC-038,4.1,17
2026-01-30,LOC-038,4.0,1
2026-01-31,LOC-038,3.1,1
2026-01-31,LOC-038,4.4,5
2026-02-01,LOC-038,3.0,30
2026-02-01,LOC-038,2.9,8
2026-02-03,LOC-038,3.6,55
2026-02-03,LOC-038,2.8,3
2026-02-03,LOC-038,3.0,7
2026-02-04,LOC-038,3.2,12
2026-02-04,LOC-038,3.5,2
2026-02-04,LOC-038,3.5,34
2026-02-05,LOC-038,4.0,8
2026-02-05,LOC-038,4.2,15
2026-02-05,LOC-038,3.2,39
2026-02-06,LOC-038,4.7,10
2026-02-06,LOC-038,4.2,13
2026-02-06,LOC-038,3.2,29
2026-02-07,LOC-038,3.5,4
2026-02-07,LOC-038,4.9,1
2026-02-07,LOC-038,3.4,36
2026-02-07,LOC-038,3.5,14
2026-02-07,LOC-038,3.9,15
2026-02-08,LOC-038,3.7,6
2026-02-08,LOC-038,3.9,7
2026-02-08,LOC-038,4.0,3
2026-02-09,LOC-038,3.5,9
2026-02-09,LOC-038,3.4,2
2026-02-09,LOC-038,3.3,5
2026-02-10,LOC-038,3.3,41
2026-02-10,LOC-038,3.6,4
2026-02-11,LOC-038,3.3,5
2026-02-12,LOC-038,4.3,19
2026-02-12,LOC-038,3.8,3
2026-02-12,LOC-038,4.2,14
2026-02-13,LOC-038,5.0,4
2026-02-13,LOC-038,4.0,39
2026-02-13,LOC-038,2.9,9
2026-02-13,LOC-038,3.4,40
2026-02-14,LOC-038,4.9,26
2026-02-14,LOC-038,4.6,7
2026-02-14,LOC-038,3.4,11
2026-02-15,LOC-038,3.9,4
2026-02-15,LOC-038,3.7,1
2026-02-15,LOC-038,3.3,29
2026-02-16,LOC-038,4.3,15
2026-02-17,LOC-038,4.8,21
2026-02-17,LOC-038,3.8,15
2026-02-17,LOC-038,3.2,6
2026-02-18,LOC-038,3.3,20
2026-02-18,LOC-038,3.5,3
2026-02-18,LOC-038,3.8,2
2026-02-19,LOC-038,3.8,15
2026-02-20,LOC-038,3.7,16
2026-02-20,LOC-038,3.2,4
2026-02-20,LOC-038,3.0,12
2026-02-20,LOC-038,3.4,1
2026-02-20,LOC-038,3.7,6
2026-02-20,LOC-038,3.5,1
2026-02-21,LOC-038,4.3,1
2026-02-21,LOC-038,3.2,1
2026-02-21,LOC-038,3.3,2
2026-02-21,LOC-038,3.9,5
2026-02-22,LOC-038,3.9,31
2026-02-22,LOC-038,3.8,14
2026-02-22,LOC-038,3.0,21
2026-02-22,LOC-038,3.2,8
2026-02-22,LOC-038,3.4,1
2026-02-22,LOC-038,3.9,40
2026-02-23,LOC-038,3.9,16
2026-02-23,LOC-038,4.1,24
2026-02-23,LOC-038,3.3,26
2026-02-24,LOC-038,3.9,1
2026-02-24,LOC-038,4.0,1
2026-02-25,LOC-038,3.0,17
2026-02-25,LOC-038,4.0,2
2026-02-25,LOC-038,3.7,1
2026-02-25,LOC-038,4.2,13
2026-02-25,LOC-038,4.3,10
2026-02-26,LOC-038,3.4,1
2026-02-26,LOC-038,4.0,5
2026-02-26,LOC-038,3.6,19
2026-02-27,LOC-038,4.7,30
2026-02-27,LOC-038,4.1,1
2026-02-27,LOC-038,3.7,1
2026-02-27,LOC-038,3.6,13
2026-02-27,LOC-038,3.9,14
2026-02-27,LOC-038,4.0,8
2026-02-28,LOC-038,3.1,15
2026-02-28,LOC-038,3.9,26
2026-02-28,LOC-038,4.5,23
2026-03-01,LOC-038,3.2,37
2026-03-01,LOC-038,3.3,29
2026-03-01,LOC-038,3.0,15
2026-03-02,LOC-038,4.1,2
2026-03-02,LOC-038,4.0,7
2026-03-03,LOC-038,3.4,17
2026-03-03,LOC-038,3.9,42
2026-03-03,LOC-038,3.4,48
2026-03-03,LOC-038,3.9,15
2026-03-04,LOC-038,2.9,15
2026-03-04,LOC-038,4.1,4
2026-03-05,LOC-038,3.6,6
2026-03-05,LOC-038,3.7,1
2026-03-06,LOC-038,3.4,1
2026-03-06,LOC-038,3.3,1
2026-03-06,LOC-038,3.5,3
2026-03-06,LOC-038,3.1,30
2026-03-06,LOC-038,4.3,33
2026-03-07,LOC-038,3.1,16
2026-03-07,LOC-038,3.8,8
2026-03-07,LOC-038,4.1,10
2026-03-07,LOC-038,2.9,29
2026-03-07,LOC-038,3.7,25
2026-03-07,LOC-038,4.2,46
2026-03-08,LOC-038,4.2,13
2026-03-08,LOC-038,4.0,17
2026-03-09,LOC-038,3.9,7
2026-03-09,LOC-038,3.3,9
2026-03-09,LOC-038,2.6,20
2026-03-10,LOC-038,2.4,4
2026-03-10,LOC-038,4.6,48
2026-03-10,LOC-038,3.7,9
2026-03-10,LOC-038,4.0,6
2026-03-11,LOC-038,4.1,15
2026-03-11,LOC-038,3.3,53
2026-03-11,LOC-038,3.7,1
2026-03-12,LOC-038,3.6,7
2026-03-12,LOC-038,2.2,5
2026-03-12,LOC-038,3.4,7
2026-03-13,LOC-038,3.7,2
2026-03-13,LOC-038,2.8,2
2026-03-13,LOC-038,3.4,11
2026-03-14,LOC-038,3.6,4
2026-03-14,LOC-038,4.2,7
2026-03-14,LOC-038,3.9,8
2026-03-15,LOC-038,3.4,7
2026-03-15,LOC-038,4.3,10
2026-03-15,LOC-038,3.6,1
2026-03-16,LOC-038,3.4,15
2026-03-17,LOC-038,3.8,10
2026-03-17,LOC-038,3.5,27
2026-03-17,LOC-038,4.3,3
2026-03-17,LOC-038,4.3,7
2026-03-17,LOC-038,3.4,17
2026-03-17,LOC-038,3.7,11
2026-03-17,LOC-038,4.6,1
2026-03-17,LOC-038,4.3,6
2026-03-18,LOC-038,4.1,5
2026-03-18,LOC-038,3.2,6
2026-03-18,LOC-038,4.3,2
2026-03-19,LOC-038,2.9,9
2026-03-19,LOC-038,2.9,9
2026-03-19,LOC-038,3.9,8
2026-03-20,LOC-038,3.2,1
2026-03-21,LOC-038,4.2,9
2026-03-21,LOC-038,3.5,17
2026-03-22,LOC-038,3.6,18
2026-03-22,LOC-038,3.2,33
2026-03-23,LOC-038,3.4,1
2026-03-23,LOC-038,3.8,13
2026-03-23,LOC-038,4.1,8
2026-03-23,LOC-038,3.4,29
2026-03-23,LOC-038,3.3,5
2026-03-24,LOC-038,3.4,6
2026-03-24,LOC-038,4.2,3
2026-03-24,LOC-038,4.4,7
2026-03-24,LOC-038,4.3,7
2026-03-25,LOC-038,3.0,8
2026-03-25,LOC-038,2.9,2
2026-03-25,LOC-038,3.8,15
2026-03-26,LOC-038,3.6,18
2026-03-26,LOC-038,3.8,10
2026-03-26,LOC-038,4.3,111
2026-03-27,LOC-038,4.1,2
2026-03-27,LOC-038,3.3,28
2026-03-27,LOC-038,3.0,2
2026-03-27,LOC-038,4.1,5
2026-03-28,LOC-038,4.7,9
2026-03-29,LOC-038,3.2,6
2026-03-29,LOC-038,2.8,2
2026-03-29,LOC-038,3.5,6
2026-03-29,LOC-038,3.2,7
2026-03-29,LOC-038,4.0,8
2026-03-30,LOC-038,3.3,6
2026-03-31,LOC-038,2.8,1
2026-03-31,LOC-038,3.8,1
2026-03-31,LOC-038,3.9,4
2026-04-01,LOC-038,3.6,30
2026-04-01,LOC-038,3.9,42
2026-04-02,LOC-038,3.2,46
2026-04-02,LOC-038,3.6,2
2026-04-03,LOC-038,3.9,13
2026-04-03,LOC-038,3.6,11
2026-04-03,LOC-038,3.4,9
2026-04-03,LOC-038,3.5,25
2026-04-04,LOC-038,3.8,20
2026-04-05,LOC-038,3.2,3
2026-04-05,LOC-038,4.4,48
2026-04-06,LOC-038,3.6,8
2026-04-06,LOC-038,2.8,3
2026-04-07,LOC-038,2.8,10
2026-04-08,LOC-038,3.7,20
2026-04-08,LOC-038,3.3,7
2026-04-08,LOC-038,3.6,1
2026-04-08,LOC-038,3.1,13
2026-04-08,LOC-038,4.3,17
2026-04-08,LOC-038,2.7,19
2026-04-09,LOC-038,2.6,12
2026-04-09,LOC-038,4.0,16
2026-04-09,LOC-038,3.8,11
2026-04-10,LOC-038,3.6,11
2026-04-10,LOC-038,3.8,25
2026-04-10,LOC-038,3.7,6
2026-04-10,LOC-038,3.3,15
2026-04-11,LOC-038,4.5,16
2026-04-12,LOC-038,4.0,12
2026-04-12,LOC-038,3.5,5
2026-04-12,LOC-038,3.2,29
2026-04-12,LOC-038,4.1,7
2026-04-12,LOC-038,2.8,19
2026-04-13,LOC-038,3.6,14
2026-04-13,LOC-038,3.2,6
2026-04-13,LOC-038,3.4,28
2026-04-13,LOC-038,3.9,1
2026-04-13,LOC-038,3.3,50
2026-04-14,LOC-038,3.4,3
2026-04-14,LOC-038,4.5,21
2026-04-14,LOC-038,3.5,3
2026-04-15,LOC-038,4.2,12
2026-04-16,LOC-038,4.3,11
2026-04-16,LOC-038,4.1,18
2026-04-16,LOC-038,4.2,2
2026-04-16,LOC-038,3.1,6
2026-04-17,LOC-038,3.7,21
2026-04-17,LOC-038,3.8,14
2026-04-17,LOC-038,3.5,3
2026-04-17,LOC-038,2.9,4
2026-04-17,LOC-038,3.3,3
2026-04-18,LOC-038,3.9,1
2026-04-18,LOC-038,3.4,7
2026-04-18,LOC-038,3.6,3
2026-04-19,LOC-038,3.7,17
2026-04-20,LOC-038,3.0,3
2026-04-20,LOC-038,3.3,7
2026-04-20,LOC-038,3.4,21
2026-04-20,LOC-038,3.6,12
2026-04-21,LOC-038,3.8,13
2026-04-21,LOC-038,4.1,6
2026-04-22,LOC-038,2.7,16
2026-04-22,LOC-038,3.7,10
2026-04-22,LOC-038,3.6,1
2026-04-23,LOC-038,3.5,24
2026-04-24,LOC-038,3.5,6
2026-04-24,LOC-038,3.4,82
2026-04-25,LOC-038,3.2,2
2026-04-25,LOC-038,3.7,1
2026-04-25,LOC-038,2.7,21
2026-04-26,LOC-038,3.8,15
2026-04-26,LOC-038,3.4,27
2026-04-26,LOC-038,3.5,5
2026-04-27,LOC-038,4.2,10
2026-04-27,LOC-038,3.3,15
2026-04-28,LOC-038,3.6,8
2026-04-29,LOC-038,3.5,7
2026-04-30,LOC-038,4.0,6
2026-04-30,LOC-038,2.6,1
2026-04-30,LOC-038,3.0,6
2026-04-30,LOC-038,3.9,2
2026-04-30,LOC-038,3.7,1
2026-05-01,LOC-038,2.8,27
2026-05-01,LOC-038,4.0,20
2026-05-02,LOC-038,3.8,8
2026-05-02,LOC-038,4.1,49
2026-05-03,LOC-038,3.1,49
2026-05-03,LOC-038,3.4,40
2026-05-03,LOC-038,3.8,3
2026-05-03,LOC-038,3.7,10
2026-05-03,LOC-038,4.4,7
2026-05-04,LOC-038,3.1,23
2026-05-04,LOC-038,3.1,69
2026-05-05,LOC-038,3.9,61
2026-05-05,LOC-038,4.0,16
2026-05-06,LOC-038,4.0,1
2026-05-06,LOC-038,3.7,12
2026-05-06,LOC-038,3.6,15
2026-05-06,LOC-038,2.9,8
2026-05-07,LOC-038,4.5,8
2026-05-07,LOC-038,3.1,14
2026-05-07,LOC-038,3.5,5
2026-05-08,LOC-038,3.3,18
2026-05-08,LOC-038,3.7,40
2026-05-08,LOC-038,2.2,7
2026-05-08,LOC-038,4.0,10
2026-05-09,LOC-038,3.5,4
2026-05-10,LOC-038,4.0,8
2026-05-10,LOC-038,3.6,1
2026-05-10,LOC-038,3.0,32
2026-05-11,LOC-038,4.1,42
2026-05-11,LOC-038,3.9,12
2026-05-11,LOC-038,4.2,1
2026-05-11,LOC-038,4.4,14
2026-05-11,LOC-038,2.7,3
2026-05-11,LOC-038,3.3,49
2026-05-11,LOC-038,3.1,15
2026-05-11,LOC-038,4.0,4
2026-05-11,LOC-038,4.4,49
2026-05-12,LOC-038,4.3,39
2026-05-12,LOC-038,4.0,22
2026-05-12,LOC-038,3.5,21
2026-05-13,LOC-038,3.7,1
2026-05-13,LOC-038,3.8,26
2026-05-13,LOC-038,3.4,7
2026-05-13,LOC-038,4.1,1
2026-05-14,LOC-038,3.9,14
2026-05-14,LOC-038,4.0,20
2026-05-14,LOC-038,3.3,44
2026-05-15,LOC-038,3.8,11
2026-05-15,LOC-038,3.3,8
2026-05-15,LOC-038,3.7,3
2026-05-16,LOC-038,3.3,1
2026-05-16,LOC-038,3.7,1
2026-05-16,LOC-038,3.6,17
2026-05-17,LOC-038,4.2,21
2026-05-17,LOC-038,4.0,10
2026-05-17,LOC-038,4.1,4
2026-05-17,LOC-038,3.4,53
2026-05-18,LOC-038,3.4,51
2026-05-18,LOC-038,4.4,11
2026-05-19,LOC-038,4.0,16
2026-05-19,LOC-038,3.2,6
2026-05-20,LOC-038,3.6,3
2026-05-20,LOC-038,3.7,15
2026-05-20,LOC-038,4.7,7
2026-05-20,LOC-038,3.6,1
2026-05-20,LOC-038,3.9,14
2026-05-21,LOC-038,3.2,40
2026-05-21,LOC-038,3.2,1
2026-05-21,LOC-038,4.2,1
2026-05-23,LOC-038,3.8,12
2026-05-23,LOC-038,4.0,28
2026-05-23,LOC-038,3.3,8
2026-05-23,LOC-038,3.1,1
2026-05-24,LOC-038,3.5,3
2026-05-24,LOC-038,3.0,4
2026-05-24,LOC-038,3.4,14
2026-05-25,LOC-038,2.7,1
2026-05-25,LOC-038,3.1,1
2026-05-26,LOC-038,3.4,9
2026-05-26,LOC-038,3.6,5
2026-05-26,LOC-038,3.3,25
2026-05-26,LOC-038,3.2,13
2026-05-26,LOC-038,3.0,2
2026-05-27,LOC-038,3.8,2
2026-05-27,LOC-038,3.4,1
2026-05-27,LOC-038,3.7,28
2026-05-27,LOC-038,2.9,31
2026-05-28,LOC-038,4.0,4
2026-05-29,LOC-038,3.8,7
2026-05-29,LOC-038,3.6,13
2026-05-29,LOC-038,3.8,10
2026-05-29,LOC-038,4.2,1
2026-05-29,LOC-038,3.4,15
2026-05-30,LOC-038,4.5,17
2026-05-30,LOC-038,3.1,11
2026-05-31,LOC-038,3.5,1
2026-05-31,LOC-038,3.6,4
2026-05-31,LOC-038,3.8,43
2026-05-31,LOC-038,3.1,44
2026-06-01,LOC-038,3.4,11
2026-06-02,LOC-038,3.5,17
2026-06-02,LOC-038,3.3,2
2026-06-03,LOC-038,2.6,9
2026-06-04,LOC-038,3.6,4
2026-06-04,LOC-038,2.7,1
2026-06-05,LOC-038,3.5,8
2026-06-05,LOC-038,4.3,8
2026-06-05,LOC-038,3.5,20
2026-06-05,LOC-038,3.6,10
2026-06-06,LOC-038,3.4,1
2026-06-06,LOC-038,3.0,14
2026-06-06,LOC-038,4.0,7
2026-06-06,LOC-038,3.8,16
2026-06-07,LOC-038,3.4,4
2026-06-08,LOC-038,3.4,14
2026-06-09,LOC-038,3.7,3
2026-06-10,LOC-038,3.7,63
2026-06-11,LOC-038,4.1,13
2026-06-11,LOC-038,3.9,1
2026-06-12,LOC-038,3.2,10
2026-06-12,LOC-038,4.6,19
2026-06-12,LOC-038,3.5,15
2026-06-12,LOC-038,3.7,7
2026-06-12,LOC-038,4.2,33
2026-06-12,LOC-038,3.8,27
2026-06-12,LOC-038,3.3,20
2026-06-12,LOC-038,4.4,29
2026-06-13,LOC-038,3.9,2
2026-06-13,LOC-038,3.4,54
2026-06-13,LOC-038,4.0,4
2026-06-14,LOC-038,4.4,3
2026-06-14,LOC-038,3.7,42
2026-06-14,LOC-038,4.0,10
2026-06-15,LOC-038,2.8,6
2026-06-15,LOC-038,3.3,1
2026-06-16,LOC-038,2.7,7
2026-06-16,LOC-038,3.7,2
2026-06-16,LOC-038,3.9,38
2026-06-16,LOC-038,4.3,11
2026-06-18,LOC-038,3.9,3
2026-06-18,LOC-038,3.5,22
2026-06-19,LOC-038,2.6,22
2026-06-19,LOC-038,4.1,40
2026-06-20,LOC-038,3.6,1
2026-06-21,LOC-038,3.4,9
2026-06-21,LOC-038,4.1,6
2026-06-21,LOC-038,2.6,20
2026-06-22,LOC-038,3.4,21
2026-06-22,LOC-038,3.5,2
2026-06-22,LOC-038,4.2,29
2026-06-22,LOC-038,4.1,6
2026-06-23,LOC-038,4.3,19
2026-06-23,LOC-038,3.0,2
2026-06-24,LOC-038,4.1,1
2026-06-24,LOC-038,3.2,7
2026-06-24,LOC-038,3.9,16
2026-06-24,LOC-038,3.4,12
2026-06-24,LOC-038,3.1,15
2026-06-24,LOC-038,3.1,2
2026-06-25,LOC-038,3.4,2
2026-06-25,LOC-038,4.1,4
2026-06-25,LOC-038,4.2,17
2026-06-26,LOC-038,4.0,1
2026-06-26,LOC-038,3.4,32
2026-06-26,LOC-038,3.3,1
2026-06-27,LOC-038,3.5,11
2026-06-27,LOC-038,3.8,4
2026-06-27,LOC-038,3.1,1
2026-06-27,LOC-038,3.2,1
2026-06-27,LOC-038,3.0,24
2026-06-28,LOC-038,3.9,27
2026-06-28,LOC-038,4.2,25
2026-06-29,LOC-038,2.7,7
2026-06-29,LOC-038,2.8,23
2026-06-30,LOC-038,3.8,30
2026-06-30,LOC-038,4.5,9
2026-06-30,LOC-038,3.7,8
2026-01-01,LOC-039,5.0,2
2026-01-02,LOC-039,4.7,8
2026-01-02,LOC-039,4.1,18
2026-01-03,LOC-039,4.6,1
2026-01-03,LOC-039,5.0,14
2026-01-03,LOC-039,5.0,5
2026-01-03,LOC-039,5.0,2
2026-01-04,LOC-039,3.9,20
2026-01-05,LOC-039,4.7,8
2026-01-05,LOC-039,4.5,16
2026-01-05,LOC-039,4.7,39
2026-01-05,LOC-039,5.0,12
2026-01-05,LOC-039,4.5,3
2026-01-05,LOC-039,3.6,14
2026-01-06,LOC-039,4.9,5
2026-01-06,LOC-039,5.0,7
2026-01-06,LOC-039,4.4,18
2026-01-07,LOC-039,4.7,10
2026-01-07,LOC-039,4.2,79
2026-01-08,LOC-039,5.0,37
2026-01-08,LOC-039,4.2,20
2026-01-08,LOC-039,5.0,10
2026-01-09,LOC-039,4.9,10
2026-01-09,LOC-039,4.9,19
2026-01-09,LOC-039,4.8,4
2026-01-09,LOC-039,4.3,21
2026-01-10,LOC-039,5.0,7
2026-01-10,LOC-039,5.0,16
2026-01-11,LOC-039,3.9,2
2026-01-11,LOC-039,3.6,3
2026-01-11,LOC-039,4.2,5
2026-01-11,LOC-039,4.5,101
2026-01-11,LOC-039,4.5,7
2026-01-13,LOC-039,4.9,30
2026-01-13,LOC-039,4.3,11
2026-01-13,LOC-039,4.8,1
2026-01-13,LOC-039,4.4,1
2026-01-13,LOC-039,4.5,28
2026-01-14,LOC-039,4.6,12
2026-01-15,LOC-039,4.2,2
2026-01-15,LOC-039,4.4,40
2026-01-15,LOC-039,5.0,22
2026-01-16,LOC-039,4.9,6
2026-01-16,LOC-039,4.6,7
2026-01-16,LOC-039,5.0,7
2026-01-17,LOC-039,4.1,4
2026-01-17,LOC-039,4.3,13
2026-01-17,LOC-039,4.7,1
2026-01-17,LOC-039,4.5,6
2026-01-18,LOC-039,4.1,2
2026-01-18,LOC-039,4.0,13
2026-01-18,LOC-039,4.8,2
2026-01-18,LOC-039,4.7,24
2026-01-18,LOC-039,5.0,12
2026-01-18,LOC-039,5.0,85
2026-01-19,LOC-039,4.3,18
2026-01-19,LOC-039,5.0,7
2026-01-20,LOC-039,3.4,45
2026-01-20,LOC-039,5.0,7
2026-01-20,LOC-039,3.5,12
2026-01-20,LOC-039,5.0,29
2026-01-20,LOC-039,4.1,36
2026-01-20,LOC-039,4.1,15
2026-01-20,LOC-039,3.9,12
2026-01-20,LOC-039,4.7,17
2026-01-20,LOC-039,4.2,4
2026-01-21,LOC-039,4.5,7
2026-01-22,LOC-039,5.0,5
2026-01-22,LOC-039,4.9,78
2026-01-22,LOC-039,5.0,39
2026-01-22,LOC-039,3.6,12
2026-01-22,LOC-039,5.0,6
2026-01-23,LOC-039,5.0,3
2026-01-23,LOC-039,5.0,4
2026-01-23,LOC-039,5.0,48
2026-01-24,LOC-039,4.5,4
2026-01-24,LOC-039,4.4,12
2026-01-24,LOC-039,4.6,5
2026-01-25,LOC-039,4.1,25
2026-01-25,LOC-039,4.5,3
2026-01-26,LOC-039,4.4,12
2026-01-26,LOC-039,5.0,12
2026-01-26,LOC-039,3.9,4
2026-01-26,LOC-039,4.7,12
2026-01-27,LOC-039,5.0,10
2026-01-27,LOC-039,5.0,1
2026-01-27,LOC-039,4.7,16
2026-01-27,LOC-039,3.4,5
2026-01-28,LOC-039,4.2,47
2026-01-28,LOC-039,4.6,38
2026-01-28,LOC-039,4.6,39
2026-01-28,LOC-039,5.0,3
2026-01-28,LOC-039,4.9,11
2026-01-28,LOC-039,4.8,15
2026-01-29,LOC-039,4.4,9
2026-01-29,LOC-039,4.3,8
2026-01-29,LOC-039,3.3,6
2026-01-29,LOC-039,4.6,3
2026-01-30,LOC-039,4.7,12
2026-01-30,LOC-039,4.1,1
2026-01-30,LOC-039,4.6,10
2026-01-30,LOC-039,5.0,1
2026-01-31,LOC-039,4.6,1
2026-01-31,LOC-039,4.2,49
2026-01-31,LOC-039,4.9,4
2026-01-31,LOC-039,4.3,31
2026-01-31,LOC-039,4.7,8
2026-01-31,LOC-039,4.2,9
2026-02-01,LOC-039,4.7,3
2026-02-02,LOC-039,4.4,1
2026-02-02,LOC-039,3.6,23
2026-02-02,LOC-039,4.6,20
2026-02-02,LOC-039,4.9,11
2026-02-02,LOC-039,5.0,6
2026-02-03,LOC-039,5.0,14
2026-02-04,LOC-039,4.1,9
2026-02-04,LOC-039,5.0,66
2026-02-04,LOC-039,4.8,35
2026-02-05,LOC-039,4.0,6
2026-02-05,LOC-039,5.0,12
2026-02-05,LOC-039,4.3,1
2026-02-05,LOC-039,5.0,10
2026-02-07,LOC-039,4.7,16
2026-02-07,LOC-039,4.1,1
2026-02-07,LOC-039,4.0,13
2026-02-08,LOC-039,5.0,11
2026-02-08,LOC-039,4.1,25
2026-02-09,LOC-039,4.7,1
2026-02-09,LOC-039,4.7,6
2026-02-10,LOC-039,5.0,6
2026-02-10,LOC-039,3.9,46
2026-02-10,LOC-039,5.0,2
2026-02-10,LOC-039,4.5,20
2026-02-11,LOC-039,4.0,14
2026-02-11,LOC-039,4.3,7
2026-02-11,LOC-039,3.6,4
2026-02-12,LOC-039,5.0,11
2026-02-12,LOC-039,5.0,1
2026-02-12,LOC-039,4.1,8
2026-02-13,LOC-039,5.0,23
2026-02-13,LOC-039,4.1,12
2026-02-13,LOC-039,5.0,1
2026-02-14,LOC-039,5.0,6
2026-02-14,LOC-039,4.7,8
2026-02-15,LOC-039,4.2,3
2026-02-15,LOC-039,5.0,13
2026-02-15,LOC-039,5.0,7
2026-02-16,LOC-039,4.2,3
2026-02-17,LOC-039,4.7,1
2026-02-17,LOC-039,4.9,27
2026-02-17,LOC-039,5.0,4
2026-02-17,LOC-039,5.0,2
2026-02-18,LOC-039,4.7,1
2026-02-19,LOC-039,5.0,3
2026-02-19,LOC-039,4.0,4
2026-02-19,LOC-039,4.0,29
2026-02-20,LOC-039,5.0,9
2026-02-20,LOC-039,4.3,27
2026-02-20,LOC-039,4.6,3
2026-02-21,LOC-039,4.2,15
2026-02-22,LOC-039,5.0,28
2026-02-22,LOC-039,4.7,12
2026-02-24,LOC-039,4.6,22
2026-02-24,LOC-039,4.3,5
2026-02-25,LOC-039,4.7,3
2026-02-25,LOC-039,4.5,7
2026-02-26,LOC-039,4.5,3
2026-02-26,LOC-039,3.4,36
2026-02-26,LOC-039,4.2,7
2026-02-26,LOC-039,4.7,4
2026-02-27,LOC-039,3.8,10
2026-02-27,LOC-039,4.2,27
2026-02-27,LOC-039,5.0,11
2026-02-27,LOC-039,4.2,7
2026-02-27,LOC-039,4.2,48
2026-02-27,LOC-039,4.3,13
2026-02-28,LOC-039,4.9,11
2026-02-28,LOC-039,5.0,34
2026-02-28,LOC-039,5.0,11
2026-03-02,LOC-039,4.4,33
2026-03-03,LOC-039,4.5,16
2026-03-03,LOC-039,4.5,26
2026-03-03,LOC-039,3.5,1
2026-03-03,LOC-039,4.0,2
2026-03-03,LOC-039,4.8,27
2026-03-03,LOC-039,5.0,34
2026-03-04,LOC-039,4.7,2
2026-03-04,LOC-039,4.5,13
2026-03-05,LOC-039,5.0,50
2026-03-06,LOC-039,4.2,12
2026-03-07,LOC-039,4.1,1
2026-03-08,LOC-039,4.3,1
2026-03-08,LOC-039,5.0,22
2026-03-08,LOC-039,3.8,2
2026-03-09,LOC-039,5.0,12
2026-03-10,LOC-039,5.0,13
2026-03-10,LOC-039,4.8,6
2026-03-11,LOC-039,4.8,9
2026-03-11,LOC-039,4.6,49
2026-03-11,LOC-039,4.9,12
2026-03-11,LOC-039,4.2,38
2026-03-12,LOC-039,5.0,8
2026-03-13,LOC-039,3.7,18
2026-03-13,LOC-039,4.7,36
2026-03-13,LOC-039,4.9,6
2026-03-13,LOC-039,5.0,9
2026-03-13,LOC-039,3.5,1
2026-03-14,LOC-039,4.4,24
2026-03-15,LOC-039,3.9,103
2026-03-15,LOC-039,5.0,1
2026-03-15,LOC-039,4.9,6
2026-03-15,LOC-039,5.0,1
2026-03-16,LOC-039,3.9,4
2026-03-16,LOC-039,5.0,7
2026-03-16,LOC-039,4.3,3
2026-03-16,LOC-039,4.3,1
2026-03-16,LOC-039,4.8,17
2026-03-16,LOC-039,4.6,40
2026-03-17,LOC-039,5.0,9
2026-03-17,LOC-039,4.5,5
2026-03-17,LOC-039,4.7,1
2026-03-17,LOC-039,4.8,9
2026-03-18,LOC-039,5.0,14
2026-03-18,LOC-039,5.0,20
2026-03-19,LOC-039,4.2,12
2026-03-19,LOC-039,3.7,3
2026-03-20,LOC-039,4.7,7
2026-03-20,LOC-039,5.0,7
2026-03-20,LOC-039,5.0,13
2026-03-21,LOC-039,5.0,2
2026-03-21,LOC-039,4.2,2
2026-03-21,LOC-039,4.3,9
2026-03-21,LOC-039,5.0,6
2026-03-21,LOC-039,5.0,24
2026-03-21,LOC-039,4.8,3
2026-03-22,LOC-039,5.0,2
2026-03-22,LOC-039,4.6,1
2026-03-23,LOC-039,5.0,18
2026-03-24,LOC-039,4.4,30
2026-03-24,LOC-039,3.7,9
2026-03-24,LOC-039,4.3,7
2026-03-25,LOC-039,4.2,17
2026-03-25,LOC-039,5.0,5
2026-03-26,LOC-039,4.2,3
2026-03-27,LOC-039,4.0,4
2026-03-27,LOC-039,5.0,5
2026-03-27,LOC-039,4.2,13
2026-03-27,LOC-039,4.5,20
2026-03-28,LOC-039,3.7,12
2026-03-28,LOC-039,4.3,16
2026-03-28,LOC-039,4.7,8
2026-03-28,LOC-039,4.0,5
2026-03-28,LOC-039,4.5,8
2026-03-29,LOC-039,4.2,4
2026-03-30,LOC-039,4.5,36
2026-03-30,LOC-039,4.6,3
2026-03-31,LOC-039,4.2,11
2026-03-31,LOC-039,5.0,19
2026-03-31,LOC-039,5.0,3
2026-03-31,LOC-039,4.4,3
2026-03-31,LOC-039,4.9,6
2026-03-31,LOC-039,4.8,12
2026-03-31,LOC-039,5.0,1
2026-04-01,LOC-039,4.8,3
2026-04-01,LOC-039,4.4,22
2026-04-01,LOC-039,4.7,7
2026-04-02,LOC-039,4.0,11
2026-04-02,LOC-039,4.6,19
2026-04-02,LOC-039,4.8,14
2026-04-02,LOC-039,5.0,1
2026-04-03,LOC-039,4.7,1
2026-04-03,LOC-039,4.4,32
2026-04-04,LOC-039,5.0,12
2026-04-04,LOC-039,4.7,13
2026-04-04,LOC-039,4.6,6
2026-04-04,LOC-039,3.7,10
2026-04-04,LOC-039,5.0,16
2026-04-05,LOC-039,4.9,16
2026-04-05,LOC-039,4.5,46
2026-04-05,LOC-039,5.0,76
2026-04-06,LOC-039,3.5,10
2026-04-07,LOC-039,5.0,21
2026-04-07,LOC-039,5.0,6
2026-04-07,LOC-039,4.4,62
2026-04-08,LOC-039,5.0,11
2026-04-08,LOC-039,4.3,4
2026-04-08,LOC-039,4.8,8
2026-04-11,LOC-039,4.8,7
2026-04-11,LOC-039,5.0,13
2026-04-11,LOC-039,3.8,13
2026-04-11,LOC-039,3.8,54
2026-04-11,LOC-039,3.9,6
2026-04-12,LOC-039,4.9,34
2026-04-12,LOC-039,4.6,5
2026-04-14,LOC-039,5.0,7
2026-04-14,LOC-039,4.8,63
2026-04-14,LOC-039,3.5,10
2026-04-15,LOC-039,4.4,20
2026-04-15,LOC-039,4.5,39
2026-04-15,LOC-039,4.2,1
2026-04-15,LOC-039,5.0,30
2026-04-15,LOC-039,4.3,26
2026-04-16,LOC-039,3.6,4
2026-04-16,LOC-039,4.3,21
2026-04-16,LOC-039,4.8,1
2026-04-16,LOC-039,5.0,25
2026-04-17,LOC-039,3.9,23
2026-04-17,LOC-039,4.6,1
2026-04-17,LOC-039,5.0,112
2026-04-18,LOC-039,3.5,11
2026-04-19,LOC-039,3.4,11
2026-04-19,LOC-039,4.8,1
2026-04-19,LOC-039,4.6,5
2026-04-19,LOC-039,4.5,35
2026-04-20,LOC-039,4.5,32
2026-04-20,LOC-039,5.0,1
2026-04-21,LOC-039,4.9,36
2026-04-21,LOC-039,4.8,3
2026-04-21,LOC-039,4.3,2
2026-04-21,LOC-039,4.6,2
2026-04-21,LOC-039,3.8,11
2026-04-22,LOC-039,3.9,25
2026-04-22,LOC-039,5.0,8
2026-04-22,LOC-039,4.6,4
2026-04-22,LOC-039,3.6,30
2026-04-22,LOC-039,4.8,1
2026-04-23,LOC-039,4.4,10
2026-04-23,LOC-039,5.0,4
2026-04-23,LOC-039,5.0,1
2026-04-23,LOC-039,5.0,2
2026-04-24,LOC-039,4.8,24
2026-04-24,LOC-039,4.8,2
2026-04-24,LOC-039,4.5,20
2026-04-25,LOC-039,3.8,30
2026-04-25,LOC-039,4.8,7
2026-04-26,LOC-039,4.3,4
2026-04-26,LOC-039,5.0,7
2026-04-27,LOC-039,4.7,13
2026-04-27,LOC-039,4.8,9
2026-04-28,LOC-039,3.9,3
2026-04-28,LOC-039,4.7,3
2026-04-28,LOC-039,4.7,27
2026-04-28,LOC-039,4.6,20
2026-04-29,LOC-039,5.0,5
2026-04-30,LOC-039,4.7,11
2026-05-01,LOC-039,5.0,4
2026-05-02,LOC-039,4.7,12
2026-05-02,LOC-039,4.4,29
2026-05-02,LOC-039,4.8,2
2026-05-03,LOC-039,4.7,1
2026-05-03,LOC-039,5.0,4
2026-05-03,LOC-039,4.6,15
2026-05-04,LOC-039,5.0,25
2026-05-04,LOC-039,4.6,27
2026-05-05,LOC-039,5.0,48
2026-05-05,LOC-039,4.2,36
2026-05-05,LOC-039,4.8,17
2026-05-05,LOC-039,4.0,4
2026-05-05,LOC-039,5.0,44
2026-05-06,LOC-039,4.9,3
2026-05-06,LOC-039,5.0,28
2026-05-06,LOC-039,4.9,2
2026-05-06,LOC-039,3.9,5
2026-05-07,LOC-039,4.9,10
2026-05-07,LOC-039,4.2,14
2026-05-07,LOC-039,4.7,19
2026-05-08,LOC-039,5.0,4
2026-05-08,LOC-039,5.0,2
2026-05-08,LOC-039,4.8,3
2026-05-08,LOC-039,5.0,23
2026-05-09,LOC-039,4.7,50
2026-05-09,LOC-039,4.5,46
2026-05-09,LOC-039,5.0,15
2026-05-09,LOC-039,4.6,10
2026-05-09,LOC-039,4.6,4
2026-05-09,LOC-039,4.3,3
2026-05-10,LOC-039,4.9,18
2026-05-10,LOC-039,4.4,31
2026-05-10,LOC-039,4.4,9
2026-05-10,LOC-039,5.0,6
2026-05-11,LOC-039,4.7,4
2026-05-11,LOC-039,4.5,30
2026-05-11,LOC-039,4.2,3
2026-05-11,LOC-039,4.7,1
2026-05-11,LOC-039,4.6,16
2026-05-12,LOC-039,4.8,11
2026-05-13,LOC-039,4.0,10
2026-05-13,LOC-039,4.4,15
2026-05-13,LOC-039,4.5,20
2026-05-13,LOC-039,4.6,1
2026-05-14,LOC-039,4.9,11
2026-05-14,LOC-039,4.8,4
2026-05-15,LOC-039,4.3,34
2026-05-15,LOC-039,5.0,1
2026-05-15,LOC-039,4.3,10
2026-05-16,LOC-039,4.3,8
2026-05-16,LOC-039,4.3,58
2026-05-16,LOC-039,4.6,46
2026-05-17,LOC-039,4.0,2
2026-05-17,LOC-039,4.6,9
2026-05-17,LOC-039,5.0,1
2026-05-17,LOC-039,4.8,3
2026-05-17,LOC-039,5.0,2
2026-05-17,LOC-039,5.0,7
2026-05-17,LOC-039,5.0,13
2026-05-17,LOC-039,4.9,54
2026-05-18,LOC-039,5.0,12
2026-05-18,LOC-039,3.8,1
2026-05-18,LOC-039,4.6,21
2026-05-18,LOC-039,4.7,19
2026-05-18,LOC-039,4.0,34
2026-05-19,LOC-039,4.5,31
2026-05-19,LOC-039,5.0,15
2026-05-19,LOC-039,5.0,20
2026-05-19,LOC-039,5.0,2
2026-05-20,LOC-039,3.8,1
2026-05-20,LOC-039,4.7,4
2026-05-20,LOC-039,4.8,1
2026-05-20,LOC-039,4.9,19
2026-05-20,LOC-039,4.7,1
2026-05-21,LOC-039,4.6,3
2026-05-21,LOC-039,4.0,22
2026-05-21,LOC-039,5.0,12
2026-05-22,LOC-039,4.7,28
2026-05-22,LOC-039,4.6,10
2026-05-22,LOC-039,4.1,1
2026-05-23,LOC-039,5.0,15
2026-05-23,LOC-039,5.0,12
2026-05-23,LOC-039,5.0,6
2026-05-23,LOC-039,4.6,24
2026-05-23,LOC-039,4.7,4
2026-05-23,LOC-039,3.9,21
2026-05-24,LOC-039,4.5,19
2026-05-24,LOC-039,4.4,5
2026-05-24,LOC-039,5.0,12
2026-05-25,LOC-039,4.9,1
2026-05-25,LOC-039,5.0,15
2026-05-25,LOC-039,5.0,50
2026-05-25,LOC-039,5.0,14
2026-05-25,LOC-039,5.0,44
2026-05-26,LOC-039,5.0,25
2026-05-26,LOC-039,4.6,4
2026-05-26,LOC-039,4.8,10
2026-05-27,LOC-039,5.0,21
2026-05-27,LOC-039,4.3,12
2026-05-28,LOC-039,3.7,19
2026-05-28,LOC-039,5.0,8
2026-05-29,LOC-039,4.1,9
2026-05-30,LOC-039,4.2,1
2026-05-30,LOC-039,3.8,6
2026-05-30,LOC-039,5.0,24
2026-05-31,LOC-039,4.4,32
2026-06-01,LOC-039,5.0,24
2026-06-01,LOC-039,4.3,1
2026-06-02,LOC-039,4.3,1
2026-06-03,LOC-039,4.2,54
2026-06-03,LOC-039,3.9,2
2026-06-03,LOC-039,4.9,5
2026-06-04,LOC-039,3.9,1
2026-06-05,LOC-039,4.5,5
2026-06-05,LOC-039,4.9,8
2026-06-05,LOC-039,3.8,36
2026-06-06,LOC-039,5.0,29
2026-06-06,LOC-039,4.7,2
2026-06-06,LOC-039,4.1,12
2026-06-07,LOC-039,4.2,9
2026-06-07,LOC-039,4.7,37
2026-06-07,LOC-039,4.1,1
2026-06-07,LOC-039,4.7,11
2026-06-08,LOC-039,4.4,38
2026-06-08,LOC-039,4.4,1
2026-06-09,LOC-039,4.5,14
2026-06-09,LOC-039,4.5,4
2026-06-09,LOC-039,5.0,2
2026-06-09,LOC-039,4.3,6
2026-06-09,LOC-039,4.2,14
2026-06-10,LOC-039,4.9,12
2026-06-10,LOC-039,4.9,15
2026-06-11,LOC-039,4.6,6
2026-06-11,LOC-039,5.0,11
2026-06-11,LOC-039,4.5,32
2026-06-12,LOC-039,4.6,3
2026-06-13,LOC-039,5.0,2
2026-06-14,LOC-039,5.0,1
2026-06-14,LOC-039,3.4,7
2026-06-14,LOC-039,4.7,11
2026-06-14,LOC-039,5.0,16
2026-06-15,LOC-039,4.9,48
2026-06-15,LOC-039,4.1,7
2026-06-15,LOC-039,5.0,11
2026-06-16,LOC-039,4.7,32
2026-06-16,LOC-039,2.9,19
2026-06-16,LOC-039,4.7,6
2026-06-16,LOC-039,5.0,6
2026-06-16,LOC-039,4.8,1
2026-06-16,LOC-039,5.0,24
2026-06-17,LOC-039,5.0,15
2026-06-17,LOC-039,4.9,9
2026-06-17,LOC-039,4.1,37
2026-06-17,LOC-039,4.0,45
2026-06-17,LOC-039,4.9,19
2026-06-17,LOC-039,4.5,3
2026-06-17,LOC-039,4.3,16
2026-06-18,LOC-039,4.9,1
2026-06-18,LOC-039,4.9,20
2026-06-18,LOC-039,4.0,19
2026-06-19,LOC-039,5.0,4
2026-06-19,LOC-039,4.6,5
2026-06-19,LOC-039,4.8,1
2026-06-20,LOC-039,4.2,1
2026-06-21,LOC-039,4.6,1
2026-06-22,LOC-039,5.0,35
2026-06-22,LOC-039,4.9,3
2026-06-23,LOC-039,3.2,2
2026-06-23,LOC-039,4.1,7
2026-06-23,LOC-039,4.6,34
2026-06-23,LOC-039,5.0,20
2026-06-24,LOC-039,4.5,1
2026-06-25,LOC-039,4.2,4
2026-06-25,LOC-039,4.1,34
2026-06-25,LOC-039,4.4,14
2026-06-26,LOC-039,4.7,1
2026-06-26,LOC-039,4.6,12
2026-06-27,LOC-039,4.3,13
2026-06-27,LOC-039,4.3,14
2026-06-27,LOC-039,4.1,6
2026-06-27,LOC-039,4.7,40
2026-06-27,LOC-039,4.7,30
2026-06-27,LOC-039,4.1,53
2026-06-28,LOC-039,5.0,32
2026-06-28,LOC-039,4.6,32
2026-06-28,LOC-039,4.8,11
2026-06-28,LOC-039,4.0,22
2026-06-29,LOC-039,4.7,13
2026-06-29,LOC-039,5.0,21
2026-06-30,LOC-039,4.6,2
2026-06-30,LOC-039,4.5,9
2026-06-30,LOC-039,5.0,51
2026-06-30,LOC-039,5.0,9
2026-01-01,LOC-040,3.9,30
2026-01-02,LOC-040,3.8,5
2026-01-02,LOC-040,4.5,11
2026-01-02,LOC-040,4.3,8
2026-01-02,LOC-040,3.9,22
2026-01-03,LOC-040,4.2,2
2026-01-03,LOC-040,4.8,13
2026-01-03,LOC-040,4.8,1
2026-01-04,LOC-040,4.3,37
2026-01-04,LOC-040,4.0,25
2026-01-05,LOC-040,3.6,1
2026-01-05,LOC-040,4.0,13
2026-01-06,LOC-040,4.7,19
2026-01-06,LOC-040,3.6,49
2026-01-06,LOC-040,3.9,4
2026-01-07,LOC-040,5.0,5
2026-01-07,LOC-040,4.2,40
2026-01-07,LOC-040,4.3,2
2026-01-08,LOC-040,4.3,7
2026-01-08,LOC-040,4.5,2
2026-01-08,LOC-040,4.3,2
2026-01-08,LOC-040,4.0,8
2026-01-08,LOC-040,4.1,14
2026-01-09,LOC-040,3.5,43
2026-01-09,LOC-040,3.8,6
2026-01-09,LOC-040,4.5,26
2026-01-10,LOC-040,3.8,1
2026-01-11,LOC-040,4.8,11
2026-01-11,LOC-040,4.1,10
2026-01-11,LOC-040,3.7,14
2026-01-11,LOC-040,4.1,16
2026-01-11,LOC-040,5.0,8
2026-01-11,LOC-040,3.9,9
2026-01-11,LOC-040,4.1,3
2026-01-11,LOC-040,5.0,3
2026-01-11,LOC-040,5.0,9
2026-01-12,LOC-040,3.8,49
2026-01-12,LOC-040,5.0,38
2026-01-13,LOC-040,4.4,35
2026-01-13,LOC-040,4.4,50
2026-01-13,LOC-040,5.0,28
2026-01-13,LOC-040,4.9,24
2026-01-14,LOC-040,4.3,10
2026-01-14,LOC-040,3.9,3
2026-01-14,LOC-040,4.3,1
2026-01-14,LOC-040,3.3,5
2026-01-14,LOC-040,3.6,9
2026-01-15,LOC-040,4.1,5
2026-01-15,LOC-040,3.6,23
2026-01-16,LOC-040,4.8,3
2026-01-16,LOC-040,4.3,13
2026-01-17,LOC-040,3.6,2
2026-01-17,LOC-040,3.4,21
2026-01-17,LOC-040,4.1,3
2026-01-17,LOC-040,3.3,10
2026-01-17,LOC-040,4.0,33
2026-01-17,LOC-040,5.0,1
2026-01-18,LOC-040,4.6,35
2026-01-18,LOC-040,4.7,7
2026-01-18,LOC-040,4.1,48
2026-01-19,LOC-040,3.9,20
2026-01-19,LOC-040,4.1,1
2026-01-19,LOC-040,4.9,5
2026-01-20,LOC-040,4.4,6
2026-01-20,LOC-040,4.2,10
2026-01-20,LOC-040,4.1,30
2026-01-21,LOC-040,4.1,8
2026-01-22,LOC-040,3.9,19
2026-01-22,LOC-040,4.8,1
2026-01-22,LOC-040,4.7,36
2026-01-22,LOC-040,4.2,6
2026-01-22,LOC-040,3.9,22
2026-01-23,LOC-040,4.3,12
2026-01-23,LOC-040,4.3,8
2026-01-23,LOC-040,4.6,23
2026-01-23,LOC-040,3.4,20
2026-01-23,LOC-040,4.0,6
2026-01-23,LOC-040,4.7,8
2026-01-23,LOC-040,3.8,13
2026-01-24,LOC-040,4.5,11
2026-01-24,LOC-040,4.9,43
2026-01-24,LOC-040,4.5,28
2026-01-24,LOC-040,4.0,16
2026-01-24,LOC-040,4.2,28
2026-01-25,LOC-040,4.5,1
2026-01-26,LOC-040,4.3,3
2026-01-26,LOC-040,4.3,23
2026-01-26,LOC-040,5.0,22
2026-01-27,LOC-040,4.0,2
2026-01-27,LOC-040,3.3,39
2026-01-27,LOC-040,4.5,45
2026-01-28,LOC-040,4.4,16
2026-01-28,LOC-040,4.3,23
2026-01-28,LOC-040,3.6,4
2026-01-28,LOC-040,4.2,28
2026-01-28,LOC-040,3.9,33
2026-01-29,LOC-040,4.9,26
2026-01-29,LOC-040,4.2,25
2026-01-29,LOC-040,4.9,16
2026-01-29,LOC-040,4.0,7
2026-01-30,LOC-040,4.7,5
2026-01-30,LOC-040,5.0,7
2026-01-31,LOC-040,3.4,3
2026-01-31,LOC-040,4.4,22
2026-01-31,LOC-040,3.4,17
2026-02-01,LOC-040,5.0,22
2026-02-01,LOC-040,3.7,17
2026-02-01,LOC-040,3.9,2
2026-02-02,LOC-040,3.5,22
2026-02-02,LOC-040,3.3,2
2026-02-02,LOC-040,4.0,14
2026-02-02,LOC-040,5.0,9
2026-02-02,LOC-040,3.7,1
2026-02-05,LOC-040,4.1,6
2026-02-05,LOC-040,4.4,2
2026-02-05,LOC-040,5.0,1
2026-02-05,LOC-040,4.2,1
2026-02-06,LOC-040,3.4,15
2026-02-06,LOC-040,5.0,4
2026-02-07,LOC-040,4.8,5
2026-02-07,LOC-040,3.8,1
2026-02-07,LOC-040,3.5,5
2026-02-07,LOC-040,4.4,2
2026-02-07,LOC-040,3.6,3
2026-02-08,LOC-040,4.7,1
2026-02-08,LOC-040,4.8,12
2026-02-09,LOC-040,4.0,2
2026-02-09,LOC-040,3.7,3
2026-02-10,LOC-040,5.0,14
2026-02-10,LOC-040,4.0,43
2026-02-11,LOC-040,5.0,20
2026-02-11,LOC-040,4.5,2
2026-02-11,LOC-040,3.1,69
2026-02-11,LOC-040,4.9,5
2026-02-11,LOC-040,4.0,5
2026-02-12,LOC-040,4.8,9
2026-02-12,LOC-040,4.1,3
2026-02-13,LOC-040,4.8,19
2026-02-13,LOC-040,5.0,33
2026-02-14,LOC-040,4.1,3
2026-02-14,LOC-040,4.6,6
2026-02-14,LOC-040,5.0,6
2026-02-14,LOC-040,4.4,1
2026-02-15,LOC-040,4.4,28
2026-02-15,LOC-040,4.9,40
2026-02-15,LOC-040,4.2,18
2026-02-16,LOC-040,4.7,3
2026-02-16,LOC-040,3.7,10
2026-02-16,LOC-040,3.6,1
2026-02-16,LOC-040,4.0,3
2026-02-17,LOC-040,4.6,7
2026-02-17,LOC-040,4.1,27
2026-02-17,LOC-040,5.0,14
2026-02-17,LOC-040,4.1,4
2026-02-18,LOC-040,5.0,11
2026-02-18,LOC-040,4.2,2
2026-02-18,LOC-040,3.9,5
2026-02-19,LOC-040,4.9,11
2026-02-19,LOC-040,3.9,10
2026-02-19,LOC-040,4.1,13
2026-02-19,LOC-040,3.9,3
2026-02-19,LOC-040,4.0,1
2026-02-20,LOC-040,5.0,3
2026-02-21,LOC-040,3.8,11
2026-02-21,LOC-040,4.3,40
2026-02-21,LOC-040,3.9,5
2026-02-21,LOC-040,4.3,15
2026-02-23,LOC-040,4.6,1
2026-02-24,LOC-040,4.9,41
2026-02-24,LOC-040,4.4,5
2026-02-24,LOC-040,4.3,13
2026-02-25,LOC-040,4.1,11
2026-02-25,LOC-040,4.3,1
2026-02-25,LOC-040,4.3,1
2026-02-26,LOC-040,4.4,22
2026-02-26,LOC-040,3.8,18
2026-02-26,LOC-040,4.5,3
2026-02-26,LOC-040,4.1,51
2026-02-27,LOC-040,4.6,9
2026-02-27,LOC-040,4.6,8
2026-02-27,LOC-040,3.7,38
2026-02-28,LOC-040,4.6,2
2026-02-28,LOC-040,4.6,22
2026-02-28,LOC-040,4.3,8
2026-03-01,LOC-040,3.8,1
2026-03-01,LOC-040,4.0,16
2026-03-01,LOC-040,5.0,34
2026-03-02,LOC-040,3.9,5
2026-03-02,LOC-040,3.9,16
2026-03-02,LOC-040,4.2,23
2026-03-02,LOC-040,4.4,7
2026-03-03,LOC-040,4.2,24
2026-03-03,LOC-040,4.6,7
2026-03-03,LOC-040,3.7,6
2026-03-03,LOC-040,4.5,17
2026-03-03,LOC-040,4.5,8
2026-03-04,LOC-040,3.7,16
2026-03-04,LOC-040,4.7,10
2026-03-06,LOC-040,3.2,1
2026-03-06,LOC-040,4.4,12
2026-03-06,LOC-040,3.4,6
2026-03-06,LOC-040,3.8,16
2026-03-06,LOC-040,4.4,39
2026-03-06,LOC-040,4.1,34
2026-03-07,LOC-040,4.1,5
2026-03-07,LOC-040,4.4,6
2026-03-08,LOC-040,4.8,2
2026-03-08,LOC-040,4.5,18
2026-03-08,LOC-040,4.3,46
2026-03-08,LOC-040,3.0,2
2026-03-08,LOC-040,3.9,3
2026-03-09,LOC-040,3.8,8
2026-03-09,LOC-040,3.7,9
2026-03-09,LOC-040,4.9,3
2026-03-09,LOC-040,4.6,8
2026-03-10,LOC-040,4.3,55
2026-03-10,LOC-040,4.2,26
2026-03-10,LOC-040,4.0,68
2026-03-11,LOC-040,4.1,19
2026-03-11,LOC-040,4.5,2
2026-03-11,LOC-040,4.9,31
2026-03-11,LOC-040,4.7,12
2026-03-12,LOC-040,3.5,68
2026-03-12,LOC-040,4.3,12
2026-03-12,LOC-040,5.0,10
2026-03-13,LOC-040,4.8,24
2026-03-13,LOC-040,4.4,22
2026-03-13,LOC-040,4.8,13
2026-03-13,LOC-040,4.3,11
2026-03-13,LOC-040,4.4,7
2026-03-14,LOC-040,3.4,26
2026-03-14,LOC-040,3.7,11
2026-03-15,LOC-040,3.8,1
2026-03-16,LOC-040,4.1,6
2026-03-16,LOC-040,3.6,22
2026-03-16,LOC-040,3.9,15
2026-03-16,LOC-040,4.4,29
2026-03-17,LOC-040,3.8,7
2026-03-17,LOC-040,4.6,12
2026-03-18,LOC-040,4.0,31
2026-03-19,LOC-040,3.3,64
2026-03-20,LOC-040,4.7,9
2026-03-20,LOC-040,4.4,10
2026-03-21,LOC-040,3.5,59
2026-03-21,LOC-040,4.1,6
2026-03-21,LOC-040,4.7,20
2026-03-22,LOC-040,4.7,45
2026-03-22,LOC-040,3.0,34
2026-03-24,LOC-040,4.3,8
2026-03-25,LOC-040,4.0,2
2026-03-25,LOC-040,4.2,10
2026-03-25,LOC-040,3.5,2
2026-03-25,LOC-040,3.5,15
2026-03-26,LOC-040,4.3,5
2026-03-27,LOC-040,4.2,1
2026-03-28,LOC-040,4.0,3
2026-03-28,LOC-040,4.2,20
2026-03-28,LOC-040,4.4,7
2026-03-28,LOC-040,4.7,3
2026-03-28,LOC-040,4.7,4
2026-03-29,LOC-040,4.4,20
2026-03-29,LOC-040,5.0,38
2026-03-29,LOC-040,4.2,15
2026-03-29,LOC-040,4.2,16
2026-03-30,LOC-040,4.6,2
2026-03-30,LOC-040,3.3,48
2026-03-30,LOC-040,4.6,5
2026-03-30,LOC-040,4.7,18
2026-03-30,LOC-040,4.3,5
2026-03-31,LOC-040,4.2,2
2026-03-31,LOC-040,4.7,1
2026-03-31,LOC-040,3.7,18
2026-03-31,LOC-040,4.4,9
2026-03-31,LOC-040,4.3,41
2026-03-31,LOC-040,4.5,34
2026-04-01,LOC-040,3.7,46
2026-04-01,LOC-040,3.9,4
2026-04-01,LOC-040,4.5,5
2026-04-01,LOC-040,3.9,1
2026-04-02,LOC-040,4.7,1
2026-04-04,LOC-040,4.6,1
2026-04-04,LOC-040,4.2,60
2026-04-05,LOC-040,4.6,11
2026-04-05,LOC-040,4.0,2
2026-04-05,LOC-040,4.5,21
2026-04-06,LOC-040,3.9,19
2026-04-06,LOC-040,3.9,23
2026-04-06,LOC-040,4.5,20
2026-04-07,LOC-040,4.0,13
2026-04-07,LOC-040,4.9,6
2026-04-07,LOC-040,3.6,3
2026-04-07,LOC-040,4.8,5
2026-04-07,LOC-040,4.7,7
2026-04-07,LOC-040,3.8,9
2026-04-08,LOC-040,4.6,39
2026-04-08,LOC-040,4.0,7
2026-04-08,LOC-040,4.6,4
2026-04-08,LOC-040,4.4,2
2026-04-09,LOC-040,4.1,12
2026-04-09,LOC-040,4.4,23
2026-04-09,LOC-040,4.0,21
2026-04-10,LOC-040,4.5,4
2026-04-10,LOC-040,5.0,10
2026-04-10,LOC-040,3.8,3
2026-04-10,LOC-040,4.8,17
2026-04-11,LOC-040,4.2,14
2026-04-11,LOC-040,4.1,1
2026-04-12,LOC-040,3.7,20
2026-04-12,LOC-040,4.0,6
2026-04-13,LOC-040,3.3,20
2026-04-14,LOC-040,4.3,10
2026-04-14,LOC-040,4.2,11
2026-04-14,LOC-040,3.8,5
2026-04-14,LOC-040,4.5,23
2026-04-14,LOC-040,4.8,24
2026-04-14,LOC-040,4.2,11
2026-04-14,LOC-040,4.9,17
2026-04-14,LOC-040,4.0,12
2026-04-15,LOC-040,5.0,1
2026-04-15,LOC-040,5.0,8
2026-04-15,LOC-040,5.0,47
2026-04-15,LOC-040,4.3,1
2026-04-16,LOC-040,4.6,36
2026-04-16,LOC-040,4.0,12
2026-04-16,LOC-040,4.6,1
2026-04-16,LOC-040,3.9,1
2026-04-16,LOC-040,4.4,26
2026-04-17,LOC-040,4.5,2
2026-04-17,LOC-040,3.6,12
2026-04-17,LOC-040,4.0,60
2026-04-18,LOC-040,3.5,1
2026-04-18,LOC-040,3.8,2
2026-04-19,LOC-040,4.4,30
2026-04-19,LOC-040,4.3,1
2026-04-19,LOC-040,3.7,8
2026-04-19,LOC-040,3.4,14
2026-04-20,LOC-040,4.6,42
2026-04-20,LOC-040,3.5,2
2026-04-20,LOC-040,3.5,22
2026-04-21,LOC-040,4.2,12
2026-04-21,LOC-040,4.3,21
2026-04-21,LOC-040,4.3,7
2026-04-21,LOC-040,4.3,7
2026-04-21,LOC-040,4.3,15
2026-04-22,LOC-040,4.2,3
2026-04-22,LOC-040,4.1,1
2026-04-22,LOC-040,4.0,1
2026-04-22,LOC-040,3.7,10
2026-04-23,LOC-040,3.6,2
2026-04-23,LOC-040,4.1,15
2026-04-23,LOC-040,4.5,27
2026-04-23,LOC-040,4.2,16
2026-04-24,LOC-040,3.5,16
2026-04-24,LOC-040,4.0,2
2026-04-24,LOC-040,4.5,6
2026-04-26,LOC-040,3.7,6
2026-04-26,LOC-040,4.1,1
2026-04-26,LOC-040,4.0,5
2026-04-26,LOC-040,3.9,21
2026-04-26,LOC-040,4.7,4
2026-04-27,LOC-040,3.7,18
2026-04-28,LOC-040,4.2,21
2026-04-28,LOC-040,4.5,1
2026-04-28,LOC-040,5.0,9
2026-04-29,LOC-040,4.8,24
2026-04-29,LOC-040,4.2,18
2026-04-30,LOC-040,3.4,2
2026-04-30,LOC-040,4.3,9
2026-05-01,LOC-040,4.4,39
2026-05-01,LOC-040,4.3,24
2026-05-02,LOC-040,3.9,2
2026-05-02,LOC-040,4.2,6
2026-05-02,LOC-040,4.1,2
2026-05-02,LOC-040,3.9,5
2026-05-02,LOC-040,4.2,11
2026-05-02,LOC-040,3.6,53
2026-05-03,LOC-040,5.0,1
2026-05-03,LOC-040,4.9,25
2026-05-03,LOC-040,4.5,2
2026-05-03,LOC-040,3.7,3
2026-05-04,LOC-040,3.8,2
2026-05-04,LOC-040,4.4,4
2026-05-04,LOC-040,4.7,6
2026-05-04,LOC-040,4.7,7
2026-05-04,LOC-040,4.9,39
2026-05-05,LOC-040,4.2,14
2026-05-05,LOC-040,4.3,32
2026-05-05,LOC-040,3.8,13
2026-05-06,LOC-040,4.7,4
2026-05-06,LOC-040,4.2,1
2026-05-06,LOC-040,4.1,32
2026-05-06,LOC-040,4.4,9
2026-05-06,LOC-040,4.7,26
2026-05-06,LOC-040,4.0,6
2026-05-07,LOC-040,3.7,2
2026-05-07,LOC-040,4.0,10
2026-05-08,LOC-040,3.6,55
2026-05-08,LOC-040,3.6,32
2026-05-08,LOC-040,4.8,15
2026-05-09,LOC-040,3.7,5
2026-05-09,LOC-040,4.0,4
2026-05-09,LOC-040,3.3,3
2026-05-10,LOC-040,4.5,28
2026-05-10,LOC-040,5.0,4
2026-05-10,LOC-040,5.0,5
2026-05-10,LOC-040,5.0,24
2026-05-11,LOC-040,3.9,7
2026-05-11,LOC-040,4.4,12
2026-05-11,LOC-040,5.0,35
2026-05-12,LOC-040,4.6,6
2026-05-12,LOC-040,4.2,1
2026-05-12,LOC-040,4.3,10
2026-05-12,LOC-040,4.0,27
2026-05-12,LOC-040,4.9,41
2026-05-12,LOC-040,3.8,7
2026-05-12,LOC-040,5.0,42
2026-05-12,LOC-040,3.9,10
2026-05-12,LOC-040,4.3,6
2026-05-12,LOC-040,4.4,16
2026-05-13,LOC-040,4.8,29
2026-05-13,LOC-040,4.0,2
2026-05-13,LOC-040,3.8,3
2026-05-14,LOC-040,4.7,5
2026-05-14,LOC-040,4.7,4
2026-05-14,LOC-040,4.4,45
2026-05-15,LOC-040,3.6,45
2026-05-15,LOC-040,4.1,27
2026-05-15,LOC-040,5.0,5
2026-05-15,LOC-040,5.0,2
2026-05-16,LOC-040,5.0,28
2026-05-17,LOC-040,4.4,4
2026-05-17,LOC-040,4.3,8
2026-05-17,LOC-040,4.8,7
2026-05-17,LOC-040,4.9,21
2026-05-17,LOC-040,4.3,52
2026-05-18,LOC-040,4.1,32
2026-05-18,LOC-040,4.3,7
2026-05-18,LOC-040,4.2,17
2026-05-18,LOC-040,4.4,7
2026-05-18,LOC-040,4.6,14
2026-05-18,LOC-040,4.4,6
2026-05-19,LOC-040,4.7,7
2026-05-19,LOC-040,4.8,3
2026-05-19,LOC-040,3.5,1
2026-05-19,LOC-040,4.7,16
2026-05-19,LOC-040,5.0,12
2026-05-20,LOC-040,4.2,32
2026-05-20,LOC-040,3.1,41
2026-05-20,LOC-040,4.6,18
2026-05-20,LOC-040,3.9,7
2026-05-21,LOC-040,4.3,4
2026-05-21,LOC-040,4.2,11
2026-05-22,LOC-040,4.4,42
2026-05-22,LOC-040,4.1,10
2026-05-22,LOC-040,3.3,61
2026-05-23,LOC-040,4.3,1
2026-05-23,LOC-040,4.8,1
2026-05-23,LOC-040,4.6,4
2026-05-24,LOC-040,4.3,7
2026-05-24,LOC-040,3.8,23
2026-05-25,LOC-040,5.0,34
2026-05-25,LOC-040,4.5,18
2026-05-26,LOC-040,5.0,3
2026-05-26,LOC-040,4.3,1
2026-05-26,LOC-040,3.7,46
2026-05-26,LOC-040,3.7,9
2026-05-26,LOC-040,4.4,1
2026-05-27,LOC-040,3.5,1
2026-05-27,LOC-040,4.0,2
2026-05-28,LOC-040,4.9,51
2026-05-29,LOC-040,3.9,3
2026-05-29,LOC-040,4.2,20
2026-05-30,LOC-040,4.5,38
2026-05-30,LOC-040,3.7,3
2026-05-30,LOC-040,4.2,16
2026-05-31,LOC-040,4.1,8
2026-05-31,LOC-040,3.9,14
2026-05-31,LOC-040,3.5,7
2026-05-31,LOC-040,4.4,4
2026-05-31,LOC-040,4.0,10
2026-06-01,LOC-040,3.5,23
2026-06-01,LOC-040,3.9,17
2026-06-02,LOC-040,4.4,1
2026-06-03,LOC-040,4.2,28
2026-06-03,LOC-040,5.0,18
2026-06-03,LOC-040,5.0,1
2026-06-03,LOC-040,4.8,5
2026-06-03,LOC-040,4.0,4
2026-06-04,LOC-040,4.6,6
2026-06-04,LOC-040,4.2,30
2026-06-04,LOC-040,4.4,13
2026-06-04,LOC-040,5.0,9
2026-06-04,LOC-040,3.7,13
2026-06-05,LOC-040,3.2,7
2026-06-05,LOC-040,4.4,3
2026-06-05,LOC-040,3.9,11
2026-06-05,LOC-040,3.9,4
2026-06-05,LOC-040,3.9,28
2026-06-06,LOC-040,4.3,13
2026-06-06,LOC-040,4.0,71
2026-06-06,LOC-040,3.7,2
2026-06-06,LOC-040,4.1,39
2026-06-06,LOC-040,4.6,6
2026-06-06,LOC-040,3.6,3
2026-06-08,LOC-040,3.9,5
2026-06-08,LOC-040,5.0,4
2026-06-08,LOC-040,4.5,49
2026-06-08,LOC-040,4.0,1
2026-06-08,LOC-040,3.6,35
2026-06-10,LOC-040,4.6,15
2026-06-10,LOC-040,4.8,5
2026-06-10,LOC-040,4.5,13
2026-06-11,LOC-040,3.9,1
2026-06-11,LOC-040,3.6,2
2026-06-12,LOC-040,4.1,65
2026-06-12,LOC-040,4.4,12
2026-06-13,LOC-040,4.0,29
2026-06-13,LOC-040,5.0,16
2026-06-13,LOC-040,3.7,17
2026-06-13,LOC-040,4.4,4
2026-06-14,LOC-040,3.3,1
2026-06-14,LOC-040,3.9,36
2026-06-14,LOC-040,4.6,12
2026-06-15,LOC-040,3.7,2
2026-06-15,LOC-040,3.8,7
2026-06-16,LOC-040,3.8,1
2026-06-16,LOC-040,4.1,1
2026-06-16,LOC-040,4.5,10
2026-06-16,LOC-040,4.5,23
2026-06-17,LOC-040,3.7,13
2026-06-18,LOC-040,3.8,4
2026-06-20,LOC-040,3.7,7
2026-06-20,LOC-040,4.2,2
2026-06-20,LOC-040,4.1,1
2026-06-21,LOC-040,3.6,1
2026-06-22,LOC-040,4.5,21
2026-06-22,LOC-040,3.8,9
2026-06-22,LOC-040,4.2,6
2026-06-22,LOC-040,4.3,9
2026-06-23,LOC-040,3.1,3
2026-06-23,LOC-040,3.9,1
2026-06-24,LOC-040,4.4,3
2026-06-26,LOC-040,3.8,15
2026-06-26,LOC-040,4.2,36
2026-06-27,LOC-040,4.8,31
2026-06-27,LOC-040,4.0,5
2026-06-27,LOC-040,4.4,10
2026-06-27,LOC-040,4.0,20
2026-06-27,LOC-040,3.9,27
2026-06-27,LOC-040,4.3,11
2026-06-28,LOC-040,4.1,13
2026-06-28,LOC-040,4.4,8
2026-06-29,LOC-040,4.4,6
2026-06-29,LOC-040,4.8,2
2026-06-29,LOC-040,4.2,12
2026-06-30,LOC-040,4.8,6
2026-06-30,LOC-040,3.9,27
2026-06-30,LOC-040,4.1,2
2026-01-01,LOC-041,3.1,35
2026-01-01,LOC-041,4.1,13
2026-01-02,LOC-041,3.8,1
2026-01-02,LOC-041,4.5,6
2026-01-02,LOC-041,3.7,5
2026-01-02,LOC-041,3.2,9
2026-01-02,LOC-041,3.2,10
2026-01-03,LOC-041,3.5,21
2026-01-03,LOC-041,3.4,8
2026-01-04,LOC-041,3.2,13
2026-01-05,LOC-041,3.4,11
2026-01-05,LOC-041,3.5,1
2026-01-05,LOC-041,3.1,30
2026-01-05,LOC-041,3.8,86
2026-01-06,LOC-041,4.0,3
2026-01-06,LOC-041,3.3,8
2026-01-06,LOC-041,2.9,39
2026-01-06,LOC-041,3.8,23
2026-01-07,LOC-041,3.7,5
2026-01-07,LOC-041,4.2,1
2026-01-07,LOC-041,3.5,10
2026-01-08,LOC-041,2.8,1
2026-01-08,LOC-041,3.5,13
2026-01-08,LOC-041,3.8,17
2026-01-08,LOC-041,4.0,2
2026-01-08,LOC-041,4.0,31
2026-01-08,LOC-041,3.2,1
2026-01-09,LOC-041,3.5,17
2026-01-09,LOC-041,4.0,16
2026-01-09,LOC-041,3.7,1
2026-01-09,LOC-041,2.9,28
2026-01-10,LOC-041,3.4,4
2026-01-11,LOC-041,3.5,9
2026-01-12,LOC-041,3.4,4
2026-01-13,LOC-041,3.6,4
2026-01-13,LOC-041,3.7,15
2026-01-13,LOC-041,3.5,11
2026-01-13,LOC-041,4.4,9
2026-01-14,LOC-041,3.3,21
2026-01-14,LOC-041,2.6,1
2026-01-15,LOC-041,3.0,5
2026-01-15,LOC-041,4.0,22
2026-01-15,LOC-041,3.9,33
2026-01-15,LOC-041,3.8,3
2026-01-15,LOC-041,3.7,55
2026-01-16,LOC-041,3.2,6
2026-01-16,LOC-041,3.3,4
2026-01-16,LOC-041,3.4,4
2026-01-17,LOC-041,3.3,5
2026-01-17,LOC-041,3.6,5
2026-01-17,LOC-041,2.9,8
2026-01-18,LOC-041,4.4,18
2026-01-18,LOC-041,3.7,12
2026-01-18,LOC-041,4.3,15
2026-01-18,LOC-041,3.9,18
2026-01-19,LOC-041,2.8,1
2026-01-19,LOC-041,3.7,22
2026-01-19,LOC-041,4.6,13
2026-01-19,LOC-041,4.8,1
2026-01-20,LOC-041,4.1,24
2026-01-20,LOC-041,3.2,31
2026-01-20,LOC-041,3.1,8
2026-01-21,LOC-041,3.9,14
2026-01-21,LOC-041,4.3,4
2026-01-22,LOC-041,4.2,7
2026-01-22,LOC-041,3.8,11
2026-01-22,LOC-041,4.7,26
2026-01-22,LOC-041,4.1,1
2026-01-23,LOC-041,4.5,18
2026-01-23,LOC-041,5.0,28
2026-01-23,LOC-041,3.6,29
2026-01-24,LOC-041,3.9,10
2026-01-24,LOC-041,3.6,22
2026-01-25,LOC-041,3.3,5
2026-01-25,LOC-041,3.3,11
2026-01-25,LOC-041,3.4,14
2026-01-26,LOC-041,4.2,45
2026-01-26,LOC-041,2.7,1
2026-01-26,LOC-041,3.3,1
2026-01-26,LOC-041,4.1,5
2026-01-26,LOC-041,3.9,1
2026-01-26,LOC-041,3.9,9
2026-01-26,LOC-041,3.4,54
2026-01-26,LOC-041,4.4,18
2026-01-27,LOC-041,3.3,14
2026-01-27,LOC-041,3.0,8
2026-01-28,LOC-041,2.8,11
2026-01-28,LOC-041,4.2,16
2026-01-29,LOC-041,3.4,41
2026-01-29,LOC-041,2.7,2
2026-01-29,LOC-041,4.1,4
2026-01-31,LOC-041,3.5,9
2026-01-31,LOC-041,4.3,49
2026-02-01,LOC-041,3.9,27
2026-02-01,LOC-041,3.2,4
2026-02-01,LOC-041,3.7,1
2026-02-01,LOC-041,3.5,4
2026-02-01,LOC-041,3.7,7
2026-02-02,LOC-041,3.7,5
2026-02-02,LOC-041,3.2,38
2026-02-02,LOC-041,4.4,1
2026-02-03,LOC-041,3.6,25
2026-02-03,LOC-041,3.8,19
2026-02-04,LOC-041,3.5,6
2026-02-04,LOC-041,4.2,8
2026-02-04,LOC-041,3.5,14
2026-02-05,LOC-041,3.3,1
2026-02-05,LOC-041,4.4,9
2026-02-05,LOC-041,3.7,16
2026-02-06,LOC-041,3.3,4
2026-02-06,LOC-041,2.9,15
2026-02-06,LOC-041,3.6,1
2026-02-07,LOC-041,3.6,27
2026-02-07,LOC-041,3.5,15
2026-02-07,LOC-041,4.0,9
2026-02-08,LOC-041,3.2,7
2026-02-08,LOC-041,3.6,1
2026-02-09,LOC-041,3.8,10
2026-02-09,LOC-041,3.9,25
2026-02-09,LOC-041,2.9,3
2026-02-09,LOC-041,3.5,6
2026-02-09,LOC-041,3.9,39
2026-02-09,LOC-041,3.5,18
2026-02-09,LOC-041,4.3,1
2026-02-10,LOC-041,3.3,11
2026-02-10,LOC-041,3.9,7
2026-02-11,LOC-041,3.1,1
2026-02-11,LOC-041,3.7,4
2026-02-12,LOC-041,3.7,35
2026-02-12,LOC-041,3.9,1
2026-02-12,LOC-041,4.0,9
2026-02-12,LOC-041,3.2,6
2026-02-13,LOC-041,3.7,17
2026-02-13,LOC-041,4.2,18
2026-02-13,LOC-041,3.6,32
2026-02-13,LOC-041,2.3,11
2026-02-14,LOC-041,3.9,39
2026-02-14,LOC-041,3.3,8
2026-02-15,LOC-041,3.6,4
2026-02-15,LOC-041,2.9,8
2026-02-15,LOC-041,3.7,17
2026-02-15,LOC-041,4.7,4
2026-02-15,LOC-041,4.3,41
2026-02-16,LOC-041,4.4,51
2026-02-16,LOC-041,4.0,19
2026-02-16,LOC-041,3.3,43
2026-02-17,LOC-041,3.7,15
2026-02-18,LOC-041,4.3,4
2026-02-18,LOC-041,4.2,26
2026-02-19,LOC-041,3.4,25
2026-02-19,LOC-041,4.1,19
2026-02-20,LOC-041,4.0,27
2026-02-20,LOC-041,3.4,34
2026-02-21,LOC-041,4.1,11
2026-02-22,LOC-041,2.7,12
2026-02-22,LOC-041,3.5,9
2026-02-22,LOC-041,3.3,1
2026-02-23,LOC-041,4.2,23
2026-02-24,LOC-041,3.0,16
2026-02-24,LOC-041,3.0,1
2026-02-24,LOC-041,4.4,9
2026-02-25,LOC-041,3.6,30
2026-02-26,LOC-041,3.8,1
2026-02-26,LOC-041,3.8,29
2026-02-26,LOC-041,4.0,3
2026-02-28,LOC-041,2.8,12
2026-02-28,LOC-041,4.2,7
2026-02-28,LOC-041,3.4,6
2026-02-28,LOC-041,3.6,24
2026-03-01,LOC-041,4.6,24
2026-03-01,LOC-041,3.2,34
2026-03-02,LOC-041,2.9,7
2026-03-02,LOC-041,3.2,7
2026-03-02,LOC-041,4.1,2
2026-03-02,LOC-041,4.2,1
2026-03-02,LOC-041,4.1,6
2026-03-02,LOC-041,3.0,11
2026-03-03,LOC-041,3.9,6
2026-03-03,LOC-041,4.0,37
2026-03-03,LOC-041,3.2,24
2026-03-03,LOC-041,3.4,23
2026-03-03,LOC-041,3.5,1
2026-03-04,LOC-041,4.4,6
2026-03-05,LOC-041,3.7,4
2026-03-05,LOC-041,3.3,6
2026-03-05,LOC-041,2.7,1
2026-03-05,LOC-041,3.5,15
2026-03-05,LOC-041,3.5,6
2026-03-06,LOC-041,3.2,6
2026-03-06,LOC-041,3.4,7
2026-03-07,LOC-041,4.1,14
2026-03-07,LOC-041,3.1,12
2026-03-07,LOC-041,3.1,4
2026-03-08,LOC-041,3.2,40
2026-03-08,LOC-041,3.4,57
2026-03-08,LOC-041,3.5,14
2026-03-09,LOC-041,4.2,7
2026-03-09,LOC-041,3.6,1
2026-03-09,LOC-041,3.0,14
2026-03-10,LOC-041,3.7,11
2026-03-10,LOC-041,3.7,1
2026-03-10,LOC-041,4.0,3
2026-03-12,LOC-041,4.1,27
2026-03-12,LOC-041,4.1,6
2026-03-12,LOC-041,3.3,12
2026-03-12,LOC-041,5.0,4
2026-03-12,LOC-041,3.2,15
2026-03-13,LOC-041,4.2,4
2026-03-13,LOC-041,3.1,3
2026-03-14,LOC-041,3.3,31
2026-03-14,LOC-041,3.0,26
2026-03-14,LOC-041,4.1,16
2026-03-14,LOC-041,3.0,10
2026-03-14,LOC-041,3.2,10
2026-03-14,LOC-041,3.2,4
2026-03-14,LOC-041,3.6,2
2026-03-15,LOC-041,4.0,7
2026-03-15,LOC-041,3.6,13
2026-03-16,LOC-041,4.1,23
2026-03-16,LOC-041,3.5,25
2026-03-16,LOC-041,3.5,10
2026-03-17,LOC-041,4.0,5
2026-03-17,LOC-041,3.3,4
2026-03-17,LOC-041,3.2,24
2026-03-17,LOC-041,4.1,26
2026-03-17,LOC-041,3.4,1
2026-03-18,LOC-041,2.8,25
2026-03-18,LOC-041,3.1,8
2026-03-18,LOC-041,3.4,22
2026-03-18,LOC-041,2.5,14
2026-03-18,LOC-041,4.3,7
2026-03-19,LOC-041,3.0,8
2026-03-19,LOC-041,3.8,25
2026-03-20,LOC-041,3.3,10
2026-03-20,LOC-041,3.5,4
2026-03-20,LOC-041,3.6,46
2026-03-21,LOC-041,3.4,19
2026-03-21,LOC-041,3.4,20
2026-03-22,LOC-041,3.9,23
2026-03-23,LOC-041,3.3,12
2026-03-23,LOC-041,3.8,10
2026-03-23,LOC-041,3.1,10
2026-03-24,LOC-041,3.3,1
2026-03-24,LOC-041,2.8,8
2026-03-25,LOC-041,3.6,8
2026-03-25,LOC-041,4.5,5
2026-03-25,LOC-041,4.4,11
2026-03-26,LOC-041,3.4,8
2026-03-27,LOC-041,4.1,65
2026-03-27,LOC-041,3.1,1
2026-03-27,LOC-041,3.5,15
2026-03-27,LOC-041,3.1,4
2026-03-27,LOC-041,3.1,13
2026-03-27,LOC-041,4.7,20
2026-03-27,LOC-041,4.3,1
2026-03-28,LOC-041,4.3,20
2026-03-28,LOC-041,4.3,21
2026-03-29,LOC-041,3.5,18
2026-03-29,LOC-041,3.9,3
2026-03-29,LOC-041,3.5,1
2026-03-30,LOC-041,4.0,4
2026-03-30,LOC-041,4.0,11
2026-03-30,LOC-041,4.3,1
2026-03-30,LOC-041,3.6,63
2026-03-31,LOC-041,3.0,7
2026-04-01,LOC-041,3.8,30
2026-04-02,LOC-041,3.7,5
2026-04-02,LOC-041,4.1,31
2026-04-03,LOC-041,3.9,3
2026-04-03,LOC-041,4.3,22
2026-04-03,LOC-041,3.3,12
2026-04-03,LOC-041,3.8,11
2026-04-04,LOC-041,4.1,42
2026-04-04,LOC-041,3.4,33
2026-04-04,LOC-041,3.2,13
2026-04-04,LOC-041,4.2,30
2026-04-04,LOC-041,4.1,6
2026-04-06,LOC-041,3.3,1
2026-04-06,LOC-041,3.4,4
2026-04-06,LOC-041,3.3,28
2026-04-07,LOC-041,3.1,1
2026-04-09,LOC-041,3.7,1
2026-04-09,LOC-041,3.9,17
2026-04-11,LOC-041,3.5,3
2026-04-11,LOC-041,3.9,12
2026-04-12,LOC-041,3.8,3
2026-04-12,LOC-041,2.8,17
2026-04-13,LOC-041,3.2,42
2026-04-13,LOC-041,3.4,8
2026-04-14,LOC-041,3.0,20
2026-04-14,LOC-041,3.8,12
2026-04-15,LOC-041,3.4,2
2026-04-16,LOC-041,4.4,13
2026-04-16,LOC-041,3.2,1
2026-04-16,LOC-041,3.1,19
2026-04-17,LOC-041,2.7,3
2026-04-17,LOC-041,4.3,21
2026-04-17,LOC-041,3.0,25
2026-04-17,LOC-041,3.4,22
2026-04-18,LOC-041,3.9,20
2026-04-18,LOC-041,3.0,5
2026-04-18,LOC-041,3.8,2
2026-04-19,LOC-041,3.5,1
2026-04-19,LOC-041,3.7,12
2026-04-19,LOC-041,4.6,4
2026-04-19,LOC-041,3.8,8
2026-04-20,LOC-041,3.7,37
2026-04-20,LOC-041,3.1,1
2026-04-20,LOC-041,2.6,10
2026-04-21,LOC-041,3.6,4
2026-04-21,LOC-041,4.0,3
2026-04-21,LOC-041,4.2,6
2026-04-21,LOC-041,4.3,6
2026-04-22,LOC-041,3.6,1
2026-04-22,LOC-041,3.5,28
2026-04-22,LOC-041,3.1,26
2026-04-22,LOC-041,4.3,12
2026-04-22,LOC-041,3.7,1
2026-04-22,LOC-041,3.6,1
2026-04-22,LOC-041,3.5,44
2026-04-23,LOC-041,3.2,31
2026-04-23,LOC-041,4.0,12
2026-04-23,LOC-041,4.1,4
2026-04-23,LOC-041,2.4,1
2026-04-24,LOC-041,3.8,9
2026-04-24,LOC-041,3.7,5
2026-04-24,LOC-041,4.1,7
2026-04-25,LOC-041,3.1,31
2026-04-25,LOC-041,3.7,8
2026-04-26,LOC-041,4.1,5
2026-04-26,LOC-041,4.1,58
2026-04-26,LOC-041,4.2,5
2026-04-26,LOC-041,3.0,32
2026-04-27,LOC-041,4.7,55
2026-04-27,LOC-041,3.5,11
2026-04-27,LOC-041,3.5,17
2026-04-28,LOC-041,3.6,7
2026-04-28,LOC-041,3.8,1
2026-04-28,LOC-041,3.6,4
2026-04-29,LOC-041,4.2,30
2026-04-29,LOC-041,4.1,11
2026-04-29,LOC-041,3.6,3
2026-04-30,LOC-041,4.5,26
2026-04-30,LOC-041,2.5,2
2026-04-30,LOC-041,2.7,1
2026-04-30,LOC-041,3.6,12
2026-04-30,LOC-041,4.2,1
2026-04-30,LOC-041,3.7,16
2026-04-30,LOC-041,3.1,8
2026-05-01,LOC-041,3.6,21
2026-05-01,LOC-041,4.4,11
2026-05-01,LOC-041,3.6,4
2026-05-01,LOC-041,3.7,3
2026-05-03,LOC-041,4.2,5
2026-05-03,LOC-041,4.7,23
2026-05-04,LOC-041,3.5,6
2026-05-05,LOC-041,3.7,1
2026-05-05,LOC-041,3.6,1
2026-05-06,LOC-041,3.7,4
2026-05-06,LOC-041,3.5,27
2026-05-06,LOC-041,3.2,30
2026-05-07,LOC-041,3.6,17
2026-05-07,LOC-041,4.0,36
2026-05-07,LOC-041,3.9,3
2026-05-07,LOC-041,3.7,10
2026-05-07,LOC-041,3.0,3
2026-05-08,LOC-041,4.0,13
2026-05-08,LOC-041,3.5,7
2026-05-08,LOC-041,3.5,4
2026-05-09,LOC-041,3.5,12
2026-05-09,LOC-041,3.8,6
2026-05-09,LOC-041,3.7,1
2026-05-10,LOC-041,2.8,1
2026-05-10,LOC-041,4.2,10
2026-05-11,LOC-041,4.3,2
2026-05-11,LOC-041,3.3,5
2026-05-11,LOC-041,2.8,12
2026-05-11,LOC-041,4.7,10
2026-05-11,LOC-041,4.8,23
2026-05-11,LOC-041,3.8,3
2026-05-11,LOC-041,3.9,17
2026-05-12,LOC-041,3.6,26
2026-05-12,LOC-041,3.0,3
2026-05-12,LOC-041,4.9,15
2026-05-13,LOC-041,3.5,12
2026-05-14,LOC-041,4.0,1
2026-05-14,LOC-041,3.9,24
2026-05-14,LOC-041,3.6,14
2026-05-14,LOC-041,3.6,38
2026-05-15,LOC-041,3.9,15
2026-05-15,LOC-041,3.6,14
2026-05-15,LOC-041,3.3,6
2026-05-16,LOC-041,4.0,16
2026-05-16,LOC-041,3.5,67
2026-05-16,LOC-041,3.9,48
2026-05-16,LOC-041,4.4,8
2026-05-16,LOC-041,3.7,12
2026-05-16,LOC-041,3.2,2
2026-05-16,LOC-041,3.9,45
2026-05-17,LOC-041,3.8,29
2026-05-17,LOC-041,3.7,1
2026-05-17,LOC-041,4.2,14
2026-05-17,LOC-041,3.3,13
2026-05-18,LOC-041,3.4,8
2026-05-18,LOC-041,3.7,12
2026-05-18,LOC-041,2.7,14
2026-05-19,LOC-041,3.5,8
2026-05-19,LOC-041,3.3,10
2026-05-19,LOC-041,3.5,1
2026-05-19,LOC-041,4.3,3
2026-05-19,LOC-041,4.0,20
2026-05-19,LOC-041,3.2,27
2026-05-20,LOC-041,3.7,11
2026-05-20,LOC-041,3.6,15
2026-05-22,LOC-041,4.1,11
2026-05-22,LOC-041,4.1,3
2026-05-22,LOC-041,2.6,12
2026-05-22,LOC-041,2.2,29
2026-05-22,LOC-041,4.0,2
2026-05-22,LOC-041,3.4,15
2026-05-23,LOC-041,3.3,67
2026-05-23,LOC-041,4.2,6
2026-05-23,LOC-041,4.1,8
2026-05-23,LOC-041,3.5,40
2026-05-23,LOC-041,3.9,32
2026-05-23,LOC-041,2.6,49
2026-05-23,LOC-041,2.8,13
2026-05-24,LOC-041,4.4,10
2026-05-24,LOC-041,3.0,1
2026-05-25,LOC-041,3.5,19
2026-05-25,LOC-041,4.1,32
2026-05-25,LOC-041,3.5,27
2026-05-25,LOC-041,4.3,9
2026-05-25,LOC-041,3.9,1
2026-05-26,LOC-041,4.2,8
2026-05-26,LOC-041,3.7,8
2026-05-26,LOC-041,3.8,18
2026-05-26,LOC-041,4.1,11
2026-05-26,LOC-041,4.3,49
2026-05-27,LOC-041,3.7,11
2026-05-27,LOC-041,4.8,17
2026-05-27,LOC-041,4.3,9
2026-05-27,LOC-041,3.4,9
2026-05-27,LOC-041,3.6,1
2026-05-28,LOC-041,3.9,1
2026-05-28,LOC-041,2.4,26
2026-05-30,LOC-041,3.6,19
2026-05-30,LOC-041,3.5,4
2026-05-31,LOC-041,3.5,2
2026-05-31,LOC-041,4.1,12
2026-05-31,LOC-041,3.5,40
2026-06-01,LOC-041,3.0,10
2026-06-02,LOC-041,3.6,8
2026-06-03,LOC-041,2.8,20
2026-06-03,LOC-041,3.0,14
2026-06-03,LOC-041,4.0,1
2026-06-04,LOC-041,3.1,2
2026-06-04,LOC-041,3.2,16
2026-06-05,LOC-041,3.9,3
2026-06-05,LOC-041,3.8,21
2026-06-05,LOC-041,3.4,16
2026-06-05,LOC-041,3.6,21
2026-06-05,LOC-041,4.2,62
2026-06-05,LOC-041,4.2,5
2026-06-05,LOC-041,3.1,45
2026-06-06,LOC-041,4.4,6
2026-06-06,LOC-041,3.3,8
2026-06-06,LOC-041,3.9,10
2026-06-06,LOC-041,4.3,24
2026-06-07,LOC-041,3.4,1
2026-06-07,LOC-041,3.1,1
2026-06-08,LOC-041,3.9,6
2026-06-09,LOC-041,3.4,9
2026-06-09,LOC-041,3.3,1
2026-06-09,LOC-041,3.8,19
2026-06-09,LOC-041,3.7,44
2026-06-09,LOC-041,3.2,19
2026-06-10,LOC-041,5.0,1
2026-06-11,LOC-041,3.7,47
2026-06-12,LOC-041,3.4,16
2026-06-12,LOC-041,3.6,41
2026-06-13,LOC-041,4.1,17
2026-06-13,LOC-041,4.0,16
2026-06-13,LOC-041,4.1,18
2026-06-14,LOC-041,3.7,10
2026-06-14,LOC-041,3.9,34
2026-06-15,LOC-041,3.4,8
2026-06-15,LOC-041,3.8,46
2026-06-16,LOC-041,3.8,22
2026-06-16,LOC-041,2.2,2
2026-06-16,LOC-041,3.4,1
2026-06-16,LOC-041,3.9,17
2026-06-17,LOC-041,3.9,9
2026-06-17,LOC-041,3.4,28
2026-06-17,LOC-041,4.2,5
2026-06-17,LOC-041,3.4,17
2026-06-17,LOC-041,3.7,44
2026-06-18,LOC-041,3.1,5
2026-06-19,LOC-041,4.2,2
2026-06-19,LOC-041,4.9,3
2026-06-20,LOC-041,4.0,1
2026-06-21,LOC-041,2.9,32
2026-06-22,LOC-041,3.5,16
2026-06-22,LOC-041,3.2,11
2026-06-22,LOC-041,2.8,19
2026-06-22,LOC-041,5.0,4
2026-06-22,LOC-041,2.9,4
2026-06-23,LOC-041,2.8,1
2026-06-23,LOC-041,3.2,1
2026-06-23,LOC-041,3.8,4
2026-06-24,LOC-041,3.4,9
2026-06-24,LOC-041,3.2,31
2026-06-25,LOC-041,3.8,1
2026-06-25,LOC-041,4.1,5
2026-06-25,LOC-041,3.8,9
2026-06-25,LOC-041,4.2,6
2026-06-26,LOC-041,2.6,10
2026-06-26,LOC-041,3.4,22
2026-06-26,LOC-041,4.3,68
2026-06-26,LOC-041,2.9,7
2026-06-26,LOC-041,3.6,2
2026-06-27,LOC-041,4.8,10
2026-06-27,LOC-041,3.5,1
2026-06-27,LOC-041,3.9,6
2026-06-27,LOC-041,3.5,4
2026-06-27,LOC-041,3.8,20
2026-06-27,LOC-041,3.8,1
2026-06-28,LOC-041,3.0,16
2026-06-28,LOC-041,4.0,20
2026-06-28,LOC-041,4.0,2
2026-06-28,LOC-041,4.0,1
2026-06-28,LOC-041,3.4,8
2026-06-28,LOC-041,4.0,20
2026-06-28,LOC-041,3.8,15
2026-06-28,LOC-041,3.7,1
2026-06-29,LOC-041,3.2,59
2026-06-29,LOC-041,4.5,2
2026-06-30,LOC-041,3.6,1
2026-01-01,LOC-042,4.4,15
2026-01-01,LOC-042,4.5,40
2026-01-01,LOC-042,4.3,3
2026-01-02,LOC-042,4.0,1
2026-01-02,LOC-042,4.6,17
2026-01-03,LOC-042,4.5,11
2026-01-03,LOC-042,3.6,1
2026-01-03,LOC-042,3.7,5
2026-01-03,LOC-042,4.3,7
2026-01-04,LOC-042,4.7,23
2026-01-04,LOC-042,4.0,8
2026-01-05,LOC-042,4.1,2
2026-01-05,LOC-042,4.9,4
2026-01-05,LOC-042,4.5,48
2026-01-05,LOC-042,4.1,1
2026-01-06,LOC-042,4.1,15
2026-01-06,LOC-042,4.4,32
2026-01-06,LOC-042,4.4,4
2026-01-06,LOC-042,3.6,8
2026-01-06,LOC-042,4.0,1
2026-01-07,LOC-042,4.0,8
2026-01-07,LOC-042,4.6,14
2026-01-07,LOC-042,4.7,39
2026-01-07,LOC-042,3.8,36
2026-01-07,LOC-042,3.9,44
2026-01-07,LOC-042,3.9,3
2026-01-08,LOC-042,4.6,22
2026-01-09,LOC-042,3.2,20
2026-01-09,LOC-042,4.3,2
2026-01-09,LOC-042,3.3,15
2026-01-09,LOC-042,3.6,5
2026-01-10,LOC-042,3.9,1
2026-01-10,LOC-042,4.1,39
2026-01-10,LOC-042,4.1,4
2026-01-10,LOC-042,3.7,13
2026-01-10,LOC-042,4.0,22
2026-01-10,LOC-042,4.4,1
2026-01-11,LOC-042,4.0,5
2026-01-11,LOC-042,4.0,3
2026-01-12,LOC-042,4.3,1
2026-01-14,LOC-042,4.0,5
2026-01-15,LOC-042,3.6,2
2026-01-16,LOC-042,5.0,14
2026-01-16,LOC-042,3.8,1
2026-01-17,LOC-042,3.7,14
2026-01-17,LOC-042,3.4,20
2026-01-17,LOC-042,3.9,16
2026-01-18,LOC-042,3.2,2
2026-01-18,LOC-042,4.5,28
2026-01-18,LOC-042,3.9,3
2026-01-19,LOC-042,4.6,3
2026-01-19,LOC-042,3.4,4
2026-01-19,LOC-042,3.9,4
2026-01-19,LOC-042,3.9,6
2026-01-19,LOC-042,4.3,2
2026-01-20,LOC-042,4.7,3
2026-01-20,LOC-042,3.4,10
2026-01-20,LOC-042,4.0,2
2026-01-20,LOC-042,3.8,1
2026-01-21,LOC-042,3.4,21
2026-01-21,LOC-042,4.3,8
2026-01-21,LOC-042,3.7,36
2026-01-22,LOC-042,4.9,3
2026-01-22,LOC-042,3.7,83
2026-01-22,LOC-042,3.3,1
2026-01-23,LOC-042,5.0,8
2026-01-24,LOC-042,3.5,10
2026-01-24,LOC-042,3.3,16
2026-01-24,LOC-042,4.8,5
2026-01-25,LOC-042,4.0,17
2026-01-25,LOC-042,3.4,8
2026-01-26,LOC-042,4.2,19
2026-01-26,LOC-042,4.4,47
2026-01-27,LOC-042,4.0,4
2026-01-27,LOC-042,3.2,4
2026-01-27,LOC-042,4.2,4
2026-01-28,LOC-042,3.8,16
2026-01-28,LOC-042,4.2,7
2026-01-29,LOC-042,3.6,1
2026-01-29,LOC-042,4.1,48
2026-01-29,LOC-042,4.2,12
2026-01-30,LOC-042,4.8,9
2026-01-31,LOC-042,4.6,25
2026-02-01,LOC-042,3.9,14
2026-02-01,LOC-042,3.9,4
2026-02-02,LOC-042,3.7,18
2026-02-02,LOC-042,3.3,1
2026-02-02,LOC-042,4.5,17
2026-02-02,LOC-042,4.0,7
2026-02-02,LOC-042,4.7,15
2026-02-02,LOC-042,4.7,33
2026-02-03,LOC-042,3.8,2
2026-02-03,LOC-042,3.9,19
2026-02-03,LOC-042,4.8,1
2026-02-03,LOC-042,4.5,18
2026-02-04,LOC-042,4.4,2
2026-02-04,LOC-042,4.4,4
2026-02-04,LOC-042,4.3,75
2026-02-04,LOC-042,4.8,9
2026-02-04,LOC-042,4.9,4
2026-02-04,LOC-042,4.0,4
2026-02-04,LOC-042,4.0,2
2026-02-04,LOC-042,4.6,3
2026-02-05,LOC-042,5.0,2
2026-02-05,LOC-042,4.3,1
2026-02-05,LOC-042,4.2,4
2026-02-05,LOC-042,4.7,7
2026-02-05,LOC-042,4.4,29
2026-02-05,LOC-042,4.3,13
2026-02-05,LOC-042,4.3,1
2026-02-06,LOC-042,3.5,3
2026-02-06,LOC-042,3.9,13
2026-02-08,LOC-042,3.2,12
2026-02-08,LOC-042,4.2,45
2026-02-09,LOC-042,4.3,16
2026-02-09,LOC-042,3.1,12
2026-02-10,LOC-042,4.1,8
2026-02-10,LOC-042,4.3,1
2026-02-10,LOC-042,3.8,24
2026-02-10,LOC-042,4.0,37
2026-02-11,LOC-042,5.0,9
2026-02-12,LOC-042,3.4,50
2026-02-12,LOC-042,3.7,2
2026-02-12,LOC-042,3.7,12
2026-02-13,LOC-042,3.3,3
2026-02-14,LOC-042,4.0,4
2026-02-14,LOC-042,4.4,5
2026-02-15,LOC-042,3.6,14
2026-02-15,LOC-042,5.0,3
2026-02-16,LOC-042,5.0,3
2026-02-16,LOC-042,3.3,14
2026-02-17,LOC-042,4.5,1
2026-02-17,LOC-042,4.7,5
2026-02-18,LOC-042,5.0,25
2026-02-18,LOC-042,4.4,27
2026-02-19,LOC-042,3.3,71
2026-02-19,LOC-042,4.5,24
2026-02-19,LOC-042,4.8,9
2026-02-19,LOC-042,4.4,21
2026-02-19,LOC-042,3.8,19
2026-02-19,LOC-042,4.3,13
2026-02-20,LOC-042,4.9,16
2026-02-20,LOC-042,4.8,10
2026-02-20,LOC-042,3.7,20
2026-02-21,LOC-042,5.0,8
2026-02-21,LOC-042,4.2,25
2026-02-22,LOC-042,4.0,5
2026-02-22,LOC-042,4.2,16
2026-02-22,LOC-042,4.3,1
2026-02-22,LOC-042,5.0,7
2026-02-22,LOC-042,3.8,37
2026-02-23,LOC-042,4.3,1
2026-02-24,LOC-042,3.7,9
2026-02-25,LOC-042,3.6,4
2026-02-26,LOC-042,4.0,11
2026-02-26,LOC-042,3.8,4
2026-02-26,LOC-042,3.8,2
2026-02-27,LOC-042,4.7,24
2026-02-27,LOC-042,4.7,50
2026-02-28,LOC-042,2.9,16
2026-02-28,LOC-042,3.6,39
2026-02-28,LOC-042,3.8,32
2026-02-28,LOC-042,4.1,54
2026-02-28,LOC-042,3.1,29
2026-02-28,LOC-042,4.1,3
2026-02-28,LOC-042,4.5,5
2026-03-01,LOC-042,3.3,1
2026-03-01,LOC-042,5.0,18
2026-03-01,LOC-042,4.1,33
2026-03-04,LOC-042,4.7,95
2026-03-04,LOC-042,3.6,1
2026-03-05,LOC-042,3.5,26
2026-03-05,LOC-042,3.9,12
2026-03-05,LOC-042,4.5,24
2026-03-06,LOC-042,4.3,52
2026-03-06,LOC-042,4.1,5
2026-03-06,LOC-042,3.4,24
2026-03-07,LOC-042,3.8,18
2026-03-07,LOC-042,4.1,24
2026-03-07,LOC-042,4.7,8
2026-03-08,LOC-042,4.9,16
2026-03-09,LOC-042,3.9,5
2026-03-09,LOC-042,4.1,18
2026-03-09,LOC-042,3.3,17
2026-03-09,LOC-042,4.3,1
2026-03-09,LOC-042,4.1,1
2026-03-10,LOC-042,3.8,4
2026-03-10,LOC-042,4.8,19
2026-03-10,LOC-042,3.7,9
2026-03-12,LOC-042,4.1,2
2026-03-12,LOC-042,4.5,34
2026-03-13,LOC-042,4.0,5
2026-03-13,LOC-042,4.2,71
2026-03-13,LOC-042,4.7,10
2026-03-14,LOC-042,3.9,25
2026-03-14,LOC-042,4.2,48
2026-03-14,LOC-042,4.5,22
2026-03-14,LOC-042,4.1,25
2026-03-14,LOC-042,4.1,9
2026-03-14,LOC-042,4.4,20
2026-03-15,LOC-042,4.3,42
2026-03-15,LOC-042,3.4,55
2026-03-15,LOC-042,4.4,6
2026-03-16,LOC-042,3.9,2
2026-03-16,LOC-042,4.2,6
2026-03-16,LOC-042,4.2,7
2026-03-16,LOC-042,4.7,41
2026-03-16,LOC-042,3.9,7
2026-03-17,LOC-042,3.8,1
2026-03-17,LOC-042,3.5,1
2026-03-17,LOC-042,5.0,17
2026-03-17,LOC-042,3.8,16
2026-03-18,LOC-042,3.5,2
2026-03-18,LOC-042,4.1,1
2026-03-18,LOC-042,3.7,6
2026-03-18,LOC-042,3.7,1
2026-03-19,LOC-042,4.3,24
2026-03-19,LOC-042,3.9,7
2026-03-19,LOC-042,4.3,29
2026-03-19,LOC-042,4.8,5
2026-03-19,LOC-042,3.4,45
2026-03-19,LOC-042,3.6,46
2026-03-20,LOC-042,4.5,23
2026-03-20,LOC-042,3.5,12
2026-03-20,LOC-042,4.2,1
2026-03-20,LOC-042,3.2,3
2026-03-20,LOC-042,3.9,48
2026-03-20,LOC-042,4.1,15
2026-03-21,LOC-042,3.7,5
2026-03-21,LOC-042,4.9,9
2026-03-21,LOC-042,3.7,19
2026-03-22,LOC-042,4.5,5
2026-03-22,LOC-042,3.2,1
2026-03-22,LOC-042,4.0,23
2026-03-23,LOC-042,3.6,1
2026-03-23,LOC-042,3.6,13
2026-03-23,LOC-042,3.9,4
2026-03-23,LOC-042,4.0,5
2026-03-25,LOC-042,5.0,13
2026-03-25,LOC-042,4.1,10
2026-03-25,LOC-042,5.0,11
2026-03-26,LOC-042,3.8,23
2026-03-26,LOC-042,4.9,88
2026-03-26,LOC-042,3.9,7
2026-03-26,LOC-042,4.5,16
2026-03-27,LOC-042,3.7,1
2026-03-27,LOC-042,3.5,29
2026-03-28,LOC-042,4.8,53
2026-03-30,LOC-042,4.2,8
2026-03-30,LOC-042,4.0,13
2026-03-30,LOC-042,3.6,24
2026-03-30,LOC-042,3.2,8
2026-03-31,LOC-042,3.9,6
2026-03-31,LOC-042,3.8,4
2026-03-31,LOC-042,4.2,3
2026-03-31,LOC-042,4.7,1
2026-03-31,LOC-042,3.6,1
2026-04-01,LOC-042,4.1,1
2026-04-01,LOC-042,3.8,6
2026-04-01,LOC-042,4.0,1
2026-04-01,LOC-042,3.8,13
2026-04-01,LOC-042,4.6,21
2026-04-02,LOC-042,3.5,16
2026-04-02,LOC-042,4.0,11
2026-04-03,LOC-042,4.3,26
2026-04-03,LOC-042,4.7,1
2026-04-04,LOC-042,4.2,18
2026-04-04,LOC-042,4.2,1
2026-04-06,LOC-042,3.3,3
2026-04-06,LOC-042,4.7,25
2026-04-07,LOC-042,5.0,4
2026-04-07,LOC-042,4.0,15
2026-04-08,LOC-042,3.8,14
2026-04-08,LOC-042,4.8,4
2026-04-08,LOC-042,5.0,40
2026-04-08,LOC-042,3.9,51
2026-04-09,LOC-042,4.4,13
2026-04-10,LOC-042,4.3,3
2026-04-10,LOC-042,3.9,15
2026-04-10,LOC-042,4.0,1
2026-04-10,LOC-042,4.8,7
2026-04-10,LOC-042,5.0,1
2026-04-10,LOC-042,4.8,40
2026-04-11,LOC-042,4.4,18
2026-04-11,LOC-042,4.5,14
2026-04-11,LOC-042,2.7,10
2026-04-11,LOC-042,4.5,5
2026-04-11,LOC-042,4.1,22
2026-04-12,LOC-042,4.4,14
2026-04-12,LOC-042,4.8,11
2026-04-12,LOC-042,4.4,1
2026-04-12,LOC-042,3.5,17
2026-04-12,LOC-042,4.9,1
2026-04-13,LOC-042,4.2,47
2026-04-14,LOC-042,4.2,1
2026-04-14,LOC-042,4.0,56
2026-04-14,LOC-042,3.5,10
2026-04-14,LOC-042,4.8,7
2026-04-15,LOC-042,3.9,49
2026-04-15,LOC-042,4.6,7
2026-04-16,LOC-042,4.1,15
2026-04-16,LOC-042,4.7,4
2026-04-16,LOC-042,3.9,1
2026-04-17,LOC-042,4.2,1
2026-04-17,LOC-042,3.9,5
2026-04-17,LOC-042,4.1,3
2026-04-18,LOC-042,3.7,24
2026-04-19,LOC-042,4.6,49
2026-04-19,LOC-042,4.6,13
2026-04-19,LOC-042,5.0,1
2026-04-19,LOC-042,4.0,1
2026-04-19,LOC-042,3.6,28
2026-04-20,LOC-042,4.8,4
2026-04-21,LOC-042,3.2,31
2026-04-21,LOC-042,4.7,10
2026-04-21,LOC-042,3.7,20
2026-04-21,LOC-042,4.1,22
2026-04-21,LOC-042,4.3,6
2026-04-21,LOC-042,4.5,40
2026-04-22,LOC-042,4.5,13
2026-04-23,LOC-042,4.0,18
2026-04-24,LOC-042,3.4,1
2026-04-24,LOC-042,4.5,6
2026-04-25,LOC-042,4.2,35
2026-04-25,LOC-042,3.4,2
2026-04-25,LOC-042,4.2,2
2026-04-26,LOC-042,4.2,5
2026-04-26,LOC-042,3.7,51
2026-04-26,LOC-042,4.5,13
2026-04-27,LOC-042,5.0,35
2026-04-27,LOC-042,4.1,2
2026-04-28,LOC-042,4.4,12
2026-04-28,LOC-042,3.5,1
2026-04-29,LOC-042,4.5,9
2026-04-30,LOC-042,3.5,1
2026-04-30,LOC-042,4.2,27
2026-04-30,LOC-042,3.8,4
2026-04-30,LOC-042,4.1,7
2026-05-01,LOC-042,4.0,1
2026-05-01,LOC-042,3.8,11
2026-05-01,LOC-042,3.8,1
2026-05-01,LOC-042,4.8,2
2026-05-01,LOC-042,3.7,28
2026-05-02,LOC-042,4.0,12
2026-05-02,LOC-042,4.4,28
2026-05-03,LOC-042,3.8,20
2026-05-03,LOC-042,3.7,21
2026-05-03,LOC-042,3.2,10
2026-05-04,LOC-042,4.5,13
2026-05-04,LOC-042,4.9,5
2026-05-04,LOC-042,3.8,36
2026-05-04,LOC-042,4.2,2
2026-05-05,LOC-042,4.2,50
2026-05-05,LOC-042,5.0,1
2026-05-05,LOC-042,4.4,45
2026-05-05,LOC-042,3.5,15
2026-05-06,LOC-042,3.8,1
2026-05-06,LOC-042,4.2,1
2026-05-07,LOC-042,4.1,1
2026-05-07,LOC-042,4.5,1
2026-05-07,LOC-042,4.0,56
2026-05-07,LOC-042,4.8,11
2026-05-08,LOC-042,3.8,11
2026-05-08,LOC-042,4.6,2
2026-05-09,LOC-042,4.0,7
2026-05-09,LOC-042,3.6,20
2026-05-09,LOC-042,3.7,1
2026-05-10,LOC-042,3.8,1
2026-05-10,LOC-042,4.9,1
2026-05-10,LOC-042,3.8,15
2026-05-11,LOC-042,3.9,9
2026-05-11,LOC-042,3.6,9
2026-05-11,LOC-042,4.5,38
2026-05-11,LOC-042,4.5,15
2026-05-11,LOC-042,4.7,16
2026-05-11,LOC-042,3.7,11
2026-05-12,LOC-042,4.2,66
2026-05-12,LOC-042,3.5,6
2026-05-12,LOC-042,4.2,30
2026-05-12,LOC-042,4.8,6
2026-05-13,LOC-042,3.9,19
2026-05-14,LOC-042,5.0,10
2026-05-14,LOC-042,4.0,1
2026-05-14,LOC-042,4.5,34
2026-05-14,LOC-042,4.5,15
2026-05-15,LOC-042,4.0,92
2026-05-16,LOC-042,4.7,1
2026-05-16,LOC-042,4.3,5
2026-05-17,LOC-042,4.5,3
2026-05-17,LOC-042,4.3,7
2026-05-17,LOC-042,4.1,9
2026-05-17,LOC-042,3.8,33
2026-05-18,LOC-042,4.5,5
2026-05-18,LOC-042,4.9,6
2026-05-19,LOC-042,4.2,9
2026-05-19,LOC-042,4.3,1
2026-05-19,LOC-042,4.1,14
2026-05-19,LOC-042,3.6,1
2026-05-20,LOC-042,4.3,21
2026-05-20,LOC-042,5.0,5
2026-05-21,LOC-042,4.3,3
2026-05-22,LOC-042,5.0,3
2026-05-22,LOC-042,4.0,5
2026-05-22,LOC-042,4.0,1
2026-05-22,LOC-042,3.9,14
2026-05-22,LOC-042,4.3,44
2026-05-23,LOC-042,4.1,11
2026-05-23,LOC-042,4.4,15
2026-05-24,LOC-042,3.8,8
2026-05-24,LOC-042,3.8,21
2026-05-25,LOC-042,3.6,143
2026-05-25,LOC-042,4.3,10
2026-05-25,LOC-042,3.7,3
2026-05-26,LOC-042,3.5,30
2026-05-26,LOC-042,4.4,8
2026-05-26,LOC-042,5.0,16
2026-05-27,LOC-042,3.8,1
2026-05-27,LOC-042,4.2,13
2026-05-27,LOC-042,3.5,4
2026-05-28,LOC-042,4.2,10
2026-05-28,LOC-042,3.8,6
2026-05-28,LOC-042,4.9,74
2026-05-29,LOC-042,4.0,5
2026-05-29,LOC-042,3.9,7
2026-05-30,LOC-042,3.3,2
2026-05-30,LOC-042,4.2,18
2026-05-31,LOC-042,3.6,50
2026-05-31,LOC-042,4.4,13
2026-05-31,LOC-042,4.3,2
2026-05-31,LOC-042,3.7,5
2026-05-31,LOC-042,4.4,31
2026-06-01,LOC-042,4.1,6
2026-06-01,LOC-042,4.1,6
2026-06-01,LOC-042,4.3,9
2026-06-01,LOC-042,3.7,1
2026-06-01,LOC-042,4.9,4
2026-06-01,LOC-042,4.1,15
2026-06-01,LOC-042,3.6,12
2026-06-02,LOC-042,4.6,8
2026-06-02,LOC-042,4.3,12
2026-06-03,LOC-042,3.2,1
2026-06-04,LOC-042,4.5,15
2026-06-04,LOC-042,3.6,3
2026-06-04,LOC-042,4.0,5
2026-06-04,LOC-042,3.2,7
2026-06-05,LOC-042,4.1,30
2026-06-07,LOC-042,4.5,17
2026-06-07,LOC-042,3.6,9
2026-06-07,LOC-042,5.0,13
2026-06-08,LOC-042,3.2,1
2026-06-08,LOC-042,3.2,1
2026-06-08,LOC-042,4.6,21
2026-06-08,LOC-042,3.3,68
2026-06-09,LOC-042,3.6,36
2026-06-09,LOC-042,4.9,19
2026-06-10,LOC-042,5.0,25
2026-06-11,LOC-042,4.5,3
2026-06-11,LOC-042,3.7,17
2026-06-12,LOC-042,4.4,22
2026-06-12,LOC-042,5.0,76
2026-06-13,LOC-042,3.3,20
2026-06-13,LOC-042,3.6,3
2026-06-13,LOC-042,4.7,4
2026-06-13,LOC-042,4.0,12
2026-06-13,LOC-042,4.6,12
2026-06-13,LOC-042,5.0,1
2026-06-13,LOC-042,4.3,2
2026-06-13,LOC-042,4.4,25
2026-06-14,LOC-042,3.7,4
2026-06-14,LOC-042,4.8,6
2026-06-14,LOC-042,4.2,6
2026-06-15,LOC-042,5.0,20
2026-06-15,LOC-042,3.8,5
2026-06-15,LOC-042,5.0,6
2026-06-15,LOC-042,4.3,10
2026-06-15,LOC-042,4.5,17
2026-06-15,LOC-042,5.0,25
2026-06-16,LOC-042,4.5,58
2026-06-16,LOC-042,3.8,12
2026-06-16,LOC-042,4.5,51
2026-06-17,LOC-042,3.8,3
2026-06-17,LOC-042,4.4,1
2026-06-17,LOC-042,4.8,13
2026-06-17,LOC-042,4.7,8
2026-06-18,LOC-042,3.9,4
2026-06-18,LOC-042,4.3,4
2026-06-19,LOC-042,4.7,2
2026-06-19,LOC-042,4.4,32
2026-06-19,LOC-042,5.0,1
2026-06-19,LOC-042,4.6,22
2026-06-19,LOC-042,5.0,13
2026-06-19,LOC-042,4.3,6
2026-06-19,LOC-042,3.6,3
2026-06-20,LOC-042,3.7,37
2026-06-20,LOC-042,4.4,73
2026-06-20,LOC-042,4.7,13
2026-06-20,LOC-042,4.5,4
2026-06-20,LOC-042,4.3,3
2026-06-20,LOC-042,4.1,8
2026-06-21,LOC-042,4.1,37
2026-06-21,LOC-042,4.5,1
2026-06-21,LOC-042,4.1,9
2026-06-21,LOC-042,4.3,11
2026-06-21,LOC-042,4.2,1
2026-06-22,LOC-042,3.7,18
2026-06-22,LOC-042,4.9,5
2026-06-22,LOC-042,3.8,17
2026-06-22,LOC-042,3.9,2
2026-06-23,LOC-042,3.9,7
2026-06-23,LOC-042,4.6,28
2026-06-23,LOC-042,3.7,25
2026-06-24,LOC-042,4.6,1
2026-06-24,LOC-042,4.1,64
2026-06-24,LOC-042,4.7,12
2026-06-25,LOC-042,3.6,27
2026-06-25,LOC-042,4.5,4
2026-06-25,LOC-042,4.7,33
2026-06-26,LOC-042,4.1,19
2026-06-26,LOC-042,4.1,1
2026-06-26,LOC-042,3.9,14
2026-06-26,LOC-042,4.1,6
2026-06-26,LOC-042,4.8,11
2026-06-27,LOC-042,4.1,2
2026-06-27,LOC-042,3.9,18
2026-06-27,LOC-042,4.0,10
2026-06-29,LOC-042,5.0,70
2026-06-29,LOC-042,3.8,37
2026-06-29,LOC-042,5.0,16
2026-06-29,LOC-042,4.7,10
2026-06-29,LOC-042,3.7,1
2026-06-29,LOC-042,3.9,5
2026-06-29,LOC-042,4.8,6
2026-06-29,LOC-042,4.0,38
2026-06-30,LOC-042,4.2,31
2026-06-30,LOC-042,4.3,24
2026-06-30,LOC-042,3.1,11
2026-01-01,LOC-043,5.0,8
2026-01-01,LOC-043,4.6,6
2026-01-01,LOC-043,4.9,31
2026-01-01,LOC-043,3.9,14
2026-01-02,LOC-043,4.4,35
2026-01-02,LOC-043,4.4,4
2026-01-02,LOC-043,5.0,17
2026-01-03,LOC-043,4.5,23
2026-01-03,LOC-043,4.3,35
2026-01-03,LOC-043,5.0,3
2026-01-03,LOC-043,4.7,6
2026-01-03,LOC-043,5.0,15
2026-01-03,LOC-043,4.4,3
2026-01-04,LOC-043,5.0,16
2026-01-05,LOC-043,5.0,8
2026-01-06,LOC-043,5.0,9
2026-01-06,LOC-043,4.5,4
2026-01-06,LOC-043,4.7,20
2026-01-06,LOC-043,4.3,5
2026-01-06,LOC-043,4.2,6
2026-01-07,LOC-043,4.7,39
2026-01-07,LOC-043,4.2,19
2026-01-07,LOC-043,4.1,19
2026-01-08,LOC-043,4.6,6
2026-01-09,LOC-043,4.7,8
2026-01-09,LOC-043,4.6,7
2026-01-09,LOC-043,5.0,70
2026-01-10,LOC-043,4.8,4
2026-01-10,LOC-043,4.0,10
2026-01-11,LOC-043,4.0,6
2026-01-11,LOC-043,4.1,15
2026-01-11,LOC-043,4.7,3
2026-01-12,LOC-043,4.1,16
2026-01-12,LOC-043,4.8,1
2026-01-12,LOC-043,4.2,36
2026-01-12,LOC-043,4.3,15
2026-01-12,LOC-043,5.0,6
2026-01-13,LOC-043,4.0,19
2026-01-13,LOC-043,3.8,21
2026-01-13,LOC-043,5.0,21
2026-01-15,LOC-043,5.0,1
2026-01-15,LOC-043,4.3,25
2026-01-16,LOC-043,4.3,16
2026-01-16,LOC-043,4.4,1
2026-01-16,LOC-043,4.0,1
2026-01-16,LOC-043,4.6,14
2026-01-16,LOC-043,4.0,4
2026-01-17,LOC-043,4.0,31
2026-01-17,LOC-043,5.0,4
2026-01-18,LOC-043,3.8,39
2026-01-18,LOC-043,4.1,13
2026-01-18,LOC-043,4.3,6
2026-01-19,LOC-043,4.2,42
2026-01-19,LOC-043,5.0,23
2026-01-19,LOC-043,5.0,1
2026-01-20,LOC-043,5.0,55
2026-01-20,LOC-043,4.8,35
2026-01-20,LOC-043,4.9,21
2026-01-20,LOC-043,4.5,10
2026-01-21,LOC-043,5.0,8
2026-01-21,LOC-043,4.3,19
2026-01-22,LOC-043,5.0,13
2026-01-22,LOC-043,4.7,1
2026-01-23,LOC-043,4.5,22
2026-01-23,LOC-043,3.9,2
2026-01-23,LOC-043,4.6,7
2026-01-24,LOC-043,3.9,21
2026-01-24,LOC-043,5.0,12
2026-01-25,LOC-043,5.0,5
2026-01-25,LOC-043,4.7,12
2026-01-25,LOC-043,5.0,3
2026-01-25,LOC-043,5.0,4
2026-01-26,LOC-043,4.6,12
2026-01-26,LOC-043,4.6,7
2026-01-27,LOC-043,4.9,3
2026-01-28,LOC-043,4.1,16
2026-01-29,LOC-043,4.1,1
2026-01-29,LOC-043,5.0,1
2026-01-29,LOC-043,5.0,14
2026-01-30,LOC-043,4.1,7
2026-01-30,LOC-043,5.0,38
2026-01-30,LOC-043,5.0,8
2026-01-30,LOC-043,4.1,1
2026-01-31,LOC-043,5.0,13
2026-01-31,LOC-043,4.3,32
2026-01-31,LOC-043,4.3,12
2026-01-31,LOC-043,4.3,40
2026-01-31,LOC-043,4.9,3
2026-02-01,LOC-043,5.0,9
2026-02-01,LOC-043,3.9,1
2026-02-02,LOC-043,4.8,11
2026-02-02,LOC-043,5.0,20
2026-02-03,LOC-043,5.0,8
2026-02-03,LOC-043,4.8,9
2026-02-03,LOC-043,4.6,4
2026-02-03,LOC-043,4.8,24
2026-02-04,LOC-043,4.1,1
2026-02-04,LOC-043,5.0,38
2026-02-04,LOC-043,4.8,15
2026-02-04,LOC-043,4.4,15
2026-02-05,LOC-043,5.0,3
2026-02-05,LOC-043,5.0,17
2026-02-07,LOC-043,5.0,22
2026-02-07,LOC-043,5.0,21
2026-02-07,LOC-043,4.0,6
2026-02-09,LOC-043,4.4,27
2026-02-09,LOC-043,5.0,17
2026-02-09,LOC-043,3.9,16
2026-02-09,LOC-043,4.2,30
2026-02-09,LOC-043,5.0,1
2026-02-10,LOC-043,5.0,6
2026-02-10,LOC-043,4.3,5
2026-02-11,LOC-043,4.4,1
2026-02-11,LOC-043,5.0,5
2026-02-11,LOC-043,3.8,3
2026-02-12,LOC-043,3.7,13
2026-02-12,LOC-043,4.8,17
2026-02-13,LOC-043,5.0,26
2026-02-13,LOC-043,4.8,2
2026-02-13,LOC-043,4.9,53
2026-02-13,LOC-043,4.2,4
2026-02-13,LOC-043,4.0,15
2026-02-14,LOC-043,4.2,7
2026-02-14,LOC-043,4.7,39
2026-02-15,LOC-043,5.0,1
2026-02-15,LOC-043,4.9,8
2026-02-15,LOC-043,4.6,7
2026-02-16,LOC-043,4.6,22
2026-02-16,LOC-043,3.8,17
2026-02-16,LOC-043,4.6,4
2026-02-17,LOC-043,4.7,36
2026-02-17,LOC-043,5.0,4
2026-02-18,LOC-043,5.0,11
2026-02-18,LOC-043,4.1,19
2026-02-18,LOC-043,4.0,17
2026-02-19,LOC-043,4.7,4
2026-02-19,LOC-043,4.3,39
2026-02-20,LOC-043,4.9,10
2026-02-21,LOC-043,4.6,11
2026-02-21,LOC-043,3.7,20
2026-02-21,LOC-043,4.2,2
2026-02-21,LOC-043,4.1,21
2026-02-21,LOC-043,5.0,24
2026-02-22,LOC-043,5.0,4
2026-02-22,LOC-043,4.2,6
2026-02-23,LOC-043,4.3,13
2026-02-23,LOC-043,4.2,3
2026-02-23,LOC-043,4.9,19
2026-02-24,LOC-043,4.4,70
2026-02-24,LOC-043,4.1,6
2026-02-24,LOC-043,4.3,3
2026-02-24,LOC-043,4.8,14
2026-02-24,LOC-043,5.0,9
2026-02-25,LOC-043,3.6,5
2026-02-25,LOC-043,4.5,23
2026-02-25,LOC-043,4.6,9
2026-02-25,LOC-043,5.0,12
2026-02-25,LOC-043,5.0,11
2026-02-26,LOC-043,4.5,9
2026-02-26,LOC-043,4.5,3
2026-02-26,LOC-043,3.9,31
2026-02-26,LOC-043,5.0,1
2026-02-27,LOC-043,5.0,44
2026-02-27,LOC-043,4.7,6
2026-02-27,LOC-043,4.7,62
2026-02-28,LOC-043,4.7,7
2026-02-28,LOC-043,4.8,16
2026-02-28,LOC-043,4.7,21
2026-03-01,LOC-043,4.9,3
2026-03-01,LOC-043,3.9,5
2026-03-01,LOC-043,4.8,13
2026-03-01,LOC-043,3.9,7
2026-03-01,LOC-043,4.7,8
2026-03-02,LOC-043,5.0,36
2026-03-02,LOC-043,5.0,6
2026-03-02,LOC-043,5.0,1
2026-03-02,LOC-043,4.1,60
2026-03-02,LOC-043,5.0,6
2026-03-03,LOC-043,5.0,19
2026-03-03,LOC-043,4.5,16
2026-03-03,LOC-043,4.0,24
2026-03-03,LOC-043,4.0,9
2026-03-03,LOC-043,5.0,50
2026-03-03,LOC-043,4.8,1
2026-03-04,LOC-043,4.6,3
2026-03-04,LOC-043,4.2,70
2026-03-04,LOC-043,4.5,2
2026-03-04,LOC-043,5.0,1
2026-03-04,LOC-043,5.0,10
2026-03-05,LOC-043,4.6,65
2026-03-05,LOC-043,5.0,9
2026-03-05,LOC-043,4.4,42
2026-03-05,LOC-043,4.5,1
2026-03-06,LOC-043,3.7,1
2026-03-06,LOC-043,5.0,6
2026-03-06,LOC-043,4.6,11
2026-03-06,LOC-043,4.3,25
2026-03-06,LOC-043,5.0,10
2026-03-06,LOC-043,3.8,29
2026-03-07,LOC-043,4.1,1
2026-03-07,LOC-043,4.9,5
2026-03-08,LOC-043,4.3,29
2026-03-08,LOC-043,5.0,21
2026-03-08,LOC-043,4.4,20
2026-03-08,LOC-043,4.8,38
2026-03-09,LOC-043,4.6,72
2026-03-09,LOC-043,4.2,21
2026-03-09,LOC-043,4.4,34
2026-03-10,LOC-043,4.6,11
2026-03-10,LOC-043,5.0,37
2026-03-11,LOC-043,5.0,3
2026-03-11,LOC-043,5.0,26
2026-03-12,LOC-043,4.9,1
2026-03-12,LOC-043,5.0,10
2026-03-13,LOC-043,3.6,7
2026-03-13,LOC-043,5.0,9
2026-03-14,LOC-043,5.0,2
2026-03-14,LOC-043,4.1,21
2026-03-14,LOC-043,4.0,17
2026-03-15,LOC-043,4.4,6
2026-03-15,LOC-043,4.1,13
2026-03-16,LOC-043,5.0,20
2026-03-16,LOC-043,4.1,11
2026-03-16,LOC-043,5.0,19
2026-03-16,LOC-043,4.6,24
2026-03-16,LOC-043,4.5,3
2026-03-17,LOC-043,4.3,23
2026-03-17,LOC-043,5.0,10
2026-03-17,LOC-043,4.3,63
2026-03-17,LOC-043,4.7,22
2026-03-18,LOC-043,4.5,2
2026-03-19,LOC-043,4.8,18
2026-03-19,LOC-043,3.8,14
2026-03-19,LOC-043,4.3,9
2026-03-19,LOC-043,4.2,1
2026-03-19,LOC-043,4.8,6
2026-03-20,LOC-043,4.5,12
2026-03-21,LOC-043,5.0,41
2026-03-21,LOC-043,4.8,10
2026-03-21,LOC-043,4.7,7
2026-03-22,LOC-043,5.0,1
2026-03-22,LOC-043,4.9,12
2026-03-23,LOC-043,5.0,1
2026-03-23,LOC-043,4.5,7
2026-03-23,LOC-043,4.5,4
2026-03-23,LOC-043,5.0,1
2026-03-24,LOC-043,5.0,1
2026-03-24,LOC-043,5.0,82
2026-03-24,LOC-043,3.5,1
2026-03-24,LOC-043,4.0,8
2026-03-24,LOC-043,5.0,6
2026-03-25,LOC-043,5.0,6
2026-03-25,LOC-043,4.7,4
2026-03-25,LOC-043,4.5,3
2026-03-25,LOC-043,4.3,1
2026-03-26,LOC-043,4.6,7
2026-03-26,LOC-043,4.2,1
2026-03-26,LOC-043,4.8,3
2026-03-27,LOC-043,4.2,59
2026-03-27,LOC-043,5.0,22
2026-03-27,LOC-043,4.7,19
2026-03-27,LOC-043,4.2,7
2026-03-27,LOC-043,4.1,6
2026-03-28,LOC-043,4.9,12
2026-03-28,LOC-043,4.8,3
2026-03-28,LOC-043,3.7,24
2026-03-28,LOC-043,5.0,10
2026-03-29,LOC-043,4.5,24
2026-03-29,LOC-043,4.2,7
2026-03-29,LOC-043,4.2,14
2026-03-29,LOC-043,4.6,3
2026-03-29,LOC-043,5.0,27
2026-03-30,LOC-043,4.6,19
2026-03-30,LOC-043,4.7,1
2026-03-30,LOC-043,5.0,1
2026-03-30,LOC-043,4.6,12
2026-03-31,LOC-043,4.3,1
2026-03-31,LOC-043,4.3,8
2026-03-31,LOC-043,5.0,1
2026-03-31,LOC-043,4.1,46
2026-03-31,LOC-043,3.4,19
2026-04-01,LOC-043,5.0,8
2026-04-01,LOC-043,5.0,1
2026-04-02,LOC-043,4.4,20
2026-04-02,LOC-043,4.6,18
2026-04-03,LOC-043,4.7,5
2026-04-03,LOC-043,4.4,5
2026-04-03,LOC-043,5.0,1
2026-04-03,LOC-043,4.1,26
2026-04-04,LOC-043,3.7,1
2026-04-04,LOC-043,5.0,4
2026-04-04,LOC-043,5.0,7
2026-04-04,LOC-043,5.0,2
2026-04-04,LOC-043,4.1,3
2026-04-04,LOC-043,4.6,7
2026-04-05,LOC-043,4.7,1
2026-04-05,LOC-043,4.2,14
2026-04-06,LOC-043,5.0,35
2026-04-07,LOC-043,5.0,3
2026-04-07,LOC-043,4.3,7
2026-04-08,LOC-043,4.3,4
2026-04-08,LOC-043,4.2,2
2026-04-08,LOC-043,3.2,17
2026-04-08,LOC-043,4.9,16
2026-04-08,LOC-043,4.0,9
2026-04-09,LOC-043,5.0,7
2026-04-09,LOC-043,4.9,9
2026-04-10,LOC-043,5.0,12
2026-04-10,LOC-043,5.0,3
2026-04-10,LOC-043,4.5,17
2026-04-11,LOC-043,5.0,1
2026-04-11,LOC-043,5.0,16
2026-04-12,LOC-043,4.8,11
2026-04-12,LOC-043,4.8,3
2026-04-12,LOC-043,3.9,17
2026-04-12,LOC-043,4.7,10
2026-04-13,LOC-043,4.5,37
2026-04-13,LOC-043,4.8,20
2026-04-13,LOC-043,4.8,43
2026-04-13,LOC-043,4.0,6
2026-04-13,LOC-043,4.1,45
2026-04-14,LOC-043,4.6,30
2026-04-15,LOC-043,4.0,3
2026-04-15,LOC-043,4.1,2
2026-04-16,LOC-043,4.4,8
2026-04-16,LOC-043,5.0,2
2026-04-16,LOC-043,4.7,22
2026-04-16,LOC-043,4.8,20
2026-04-16,LOC-043,4.0,1
2026-04-17,LOC-043,4.1,18
2026-04-18,LOC-043,4.9,43
2026-04-18,LOC-043,4.7,4
2026-04-19,LOC-043,4.7,20
2026-04-19,LOC-043,4.3,11
2026-04-20,LOC-043,4.8,4
2026-04-20,LOC-043,5.0,12
2026-04-20,LOC-043,4.6,55
2026-04-20,LOC-043,4.4,1
2026-04-20,LOC-043,5.0,33
2026-04-21,LOC-043,4.3,29
2026-04-21,LOC-043,5.0,21
2026-04-21,LOC-043,4.2,50
2026-04-21,LOC-043,4.4,34
2026-04-22,LOC-043,5.0,12
2026-04-22,LOC-043,4.3,14
2026-04-22,LOC-043,4.2,1
2026-04-23,LOC-043,4.8,3
2026-04-23,LOC-043,4.1,10
2026-04-23,LOC-043,4.2,10
2026-04-23,LOC-043,5.0,17
2026-04-23,LOC-043,3.5,4
2026-04-23,LOC-043,3.8,11
2026-04-24,LOC-043,4.9,56
2026-04-24,LOC-043,4.1,21
2026-04-24,LOC-043,3.5,10
2026-04-25,LOC-043,4.2,4
2026-04-25,LOC-043,5.0,57
2026-04-25,LOC-043,4.6,6
2026-04-26,LOC-043,4.1,27
2026-04-26,LOC-043,4.4,6
2026-04-26,LOC-043,5.0,18
2026-04-27,LOC-043,5.0,9
2026-04-28,LOC-043,5.0,19
2026-04-29,LOC-043,5.0,3
2026-04-29,LOC-043,4.4,13
2026-04-29,LOC-043,4.8,12
2026-04-30,LOC-043,4.6,15
2026-04-30,LOC-043,4.5,14
2026-05-01,LOC-043,4.6,16
2026-05-01,LOC-043,4.7,4
2026-05-01,LOC-043,4.8,7
2026-05-03,LOC-043,4.8,3
2026-05-03,LOC-043,4.4,5
2026-05-03,LOC-043,4.4,4
2026-05-04,LOC-043,4.5,9
2026-05-04,LOC-043,4.9,5
2026-05-04,LOC-043,4.4,1
2026-05-04,LOC-043,4.8,52
2026-05-04,LOC-043,5.0,18
2026-05-05,LOC-043,4.6,10
2026-05-05,LOC-043,3.8,18
2026-05-05,LOC-043,4.4,25
2026-05-05,LOC-043,5.0,17
2026-05-05,LOC-043,5.0,2
2026-05-05,LOC-043,4.6,17
2026-05-05,LOC-043,5.0,10
2026-05-06,LOC-043,5.0,10
2026-05-06,LOC-043,5.0,22
2026-05-06,LOC-043,5.0,4
2026-05-07,LOC-043,4.4,4
2026-05-08,LOC-043,4.7,5
2026-05-08,LOC-043,4.6,8
2026-05-08,LOC-043,5.0,4
2026-05-08,LOC-043,4.6,10
2026-05-09,LOC-043,4.9,33
2026-05-09,LOC-043,4.1,7
2026-05-09,LOC-043,5.0,22
2026-05-09,LOC-043,4.6,2
2026-05-09,LOC-043,4.5,3
2026-05-10,LOC-043,5.0,1
2026-05-10,LOC-043,4.4,6
2026-05-10,LOC-043,4.5,1
2026-05-10,LOC-043,4.8,18
2026-05-10,LOC-043,5.0,27
2026-05-11,LOC-043,4.0,1
2026-05-11,LOC-043,4.7,9
2026-05-12,LOC-043,4.4,22
2026-05-12,LOC-043,5.0,15
2026-05-13,LOC-043,4.8,6
2026-05-13,LOC-043,3.7,3
2026-05-13,LOC-043,5.0,19
2026-05-13,LOC-043,4.5,12
2026-05-13,LOC-043,3.6,18
2026-05-13,LOC-043,5.0,8
2026-05-13,LOC-043,4.4,2
2026-05-13,LOC-043,5.0,1
2026-05-13,LOC-043,5.0,22
2026-05-13,LOC-043,4.6,8
2026-05-14,LOC-043,4.2,27
2026-05-14,LOC-043,4.7,23
2026-05-14,LOC-043,4.2,6
2026-05-15,LOC-043,4.6,31
2026-05-15,LOC-043,4.9,1
2026-05-15,LOC-043,5.0,2
2026-05-16,LOC-043,5.0,1
2026-05-16,LOC-043,5.0,31
2026-05-17,LOC-043,4.4,6
2026-05-17,LOC-043,4.6,8
2026-05-18,LOC-043,4.4,4
2026-05-18,LOC-043,5.0,83
2026-05-18,LOC-043,4.5,11
2026-05-18,LOC-043,4.2,16
2026-05-18,LOC-043,5.0,13
2026-05-18,LOC-043,4.7,11
2026-05-19,LOC-043,4.4,3
2026-05-19,LOC-043,4.3,18
2026-05-19,LOC-043,4.7,6
2026-05-19,LOC-043,4.6,8
2026-05-19,LOC-043,4.8,1
2026-05-19,LOC-043,4.5,32
2026-05-20,LOC-043,4.0,3
2026-05-20,LOC-043,3.9,28
2026-05-21,LOC-043,4.4,2
2026-05-22,LOC-043,5.0,6
2026-05-23,LOC-043,5.0,22
2026-05-24,LOC-043,4.3,9
2026-05-24,LOC-043,4.8,2
2026-05-25,LOC-043,4.2,38
2026-05-25,LOC-043,4.7,24
2026-05-25,LOC-043,5.0,84
2026-05-26,LOC-043,4.1,11
2026-05-26,LOC-043,4.7,1
2026-05-26,LOC-043,3.7,6
2026-05-27,LOC-043,4.5,23
2026-05-27,LOC-043,3.9,31
2026-05-27,LOC-043,5.0,4
2026-05-27,LOC-043,5.0,15
2026-05-28,LOC-043,4.2,5
2026-05-28,LOC-043,4.6,18
2026-05-29,LOC-043,4.7,1
2026-05-29,LOC-043,4.8,21
2026-05-29,LOC-043,4.6,6
2026-05-29,LOC-043,4.6,1
2026-05-29,LOC-043,4.6,19
2026-05-29,LOC-043,4.7,6
2026-05-29,LOC-043,4.6,30
2026-05-29,LOC-043,4.4,21
2026-05-30,LOC-043,4.9,24
2026-05-30,LOC-043,5.0,5
2026-05-30,LOC-043,5.0,9
2026-05-30,LOC-043,5.0,1
2026-05-30,LOC-043,4.7,3
2026-05-30,LOC-043,5.0,1
2026-05-31,LOC-043,4.8,1
2026-06-01,LOC-043,5.0,9
2026-06-01,LOC-043,5.0,5
2026-06-01,LOC-043,4.1,4
2026-06-01,LOC-043,4.9,1
2026-06-01,LOC-043,4.6,16
2026-06-01,LOC-043,4.7,1
2026-06-02,LOC-043,4.5,8
2026-06-03,LOC-043,4.9,54
2026-06-03,LOC-043,3.9,47
2026-06-03,LOC-043,3.7,12
2026-06-04,LOC-043,4.2,17
2026-06-04,LOC-043,4.9,17
2026-06-04,LOC-043,3.9,4
2026-06-04,LOC-043,5.0,35
2026-06-05,LOC-043,5.0,12
2026-06-05,LOC-043,4.0,64
2026-06-05,LOC-043,4.7,18
2026-06-06,LOC-043,4.7,13
2026-06-06,LOC-043,4.0,11
2026-06-06,LOC-043,5.0,19
2026-06-08,LOC-043,4.6,18
2026-06-08,LOC-043,4.1,53
2026-06-08,LOC-043,5.0,4
2026-06-08,LOC-043,4.5,7
2026-06-09,LOC-043,4.1,17
2026-06-09,LOC-043,5.0,4
2026-06-10,LOC-043,5.0,4
2026-06-10,LOC-043,4.9,1
2026-06-10,LOC-043,4.6,1
2026-06-11,LOC-043,4.6,16
2026-06-11,LOC-043,4.9,25
2026-06-11,LOC-043,5.0,14
2026-06-11,LOC-043,4.3,1
2026-06-11,LOC-043,3.9,1
2026-06-12,LOC-043,5.0,29
2026-06-12,LOC-043,4.8,15
2026-06-13,LOC-043,4.2,16
2026-06-13,LOC-043,4.4,6
2026-06-13,LOC-043,5.0,43
2026-06-14,LOC-043,4.1,1
2026-06-14,LOC-043,4.3,24
2026-06-14,LOC-043,4.6,4
2026-06-14,LOC-043,4.9,2
2026-06-15,LOC-043,4.6,42
2026-06-15,LOC-043,4.5,1
2026-06-16,LOC-043,4.3,15
2026-06-16,LOC-043,4.3,28
2026-06-16,LOC-043,4.5,11
2026-06-16,LOC-043,4.4,15
2026-06-16,LOC-043,5.0,1
2026-06-16,LOC-043,3.7,9
2026-06-17,LOC-043,3.9,4
2026-06-17,LOC-043,4.3,35
2026-06-20,LOC-043,4.9,23
2026-06-20,LOC-043,5.0,10
2026-06-21,LOC-043,4.5,1
2026-06-21,LOC-043,4.5,11
2026-06-21,LOC-043,4.7,1
2026-06-21,LOC-043,5.0,1
2026-06-21,LOC-043,4.5,20
2026-06-21,LOC-043,5.0,7
2026-06-21,LOC-043,4.5,20
2026-06-22,LOC-043,5.0,10
2026-06-22,LOC-043,3.8,24
2026-06-22,LOC-043,5.0,19
2026-06-22,LOC-043,4.6,4
2026-06-22,LOC-043,4.5,11
2026-06-23,LOC-043,4.7,57
2026-06-23,LOC-043,5.0,1
2026-06-23,LOC-043,3.9,15
2026-06-23,LOC-043,4.4,9
2026-06-24,LOC-043,4.8,31
2026-06-24,LOC-043,4.3,12
2026-06-24,LOC-043,4.3,1
2026-06-24,LOC-043,4.5,10
2026-06-24,LOC-043,5.0,39
2026-06-25,LOC-043,4.2,2
2026-06-25,LOC-043,4.7,64
2026-06-25,LOC-043,4.7,1
2026-06-26,LOC-043,3.9,27
2026-06-26,LOC-043,5.0,4
2026-06-26,LOC-043,3.7,5
2026-06-27,LOC-043,4.9,31
2026-06-27,LOC-043,4.6,1
2026-06-27,LOC-043,4.8,3
2026-06-28,LOC-043,4.2,74
2026-06-28,LOC-043,4.6,10
2026-06-28,LOC-043,4.6,23
2026-06-28,LOC-043,5.0,6
2026-06-28,LOC-043,5.0,17
2026-06-28,LOC-043,3.6,1
2026-06-30,LOC-043,4.0,27
2026-06-30,LOC-043,4.7,33
2026-01-01,LOC-044,4.6,3
2026-01-01,LOC-044,4.4,26
2026-01-01,LOC-044,4.4,9
2026-01-01,LOC-044,4.2,19
2026-01-02,LOC-044,3.5,1
2026-01-02,LOC-044,3.8,4
2026-01-02,LOC-044,4.9,4
2026-01-03,LOC-044,4.1,24
2026-01-03,LOC-044,5.0,1
2026-01-03,LOC-044,4.9,6
2026-01-04,LOC-044,4.6,6
2026-01-05,LOC-044,4.5,32
2026-01-05,LOC-044,4.7,1
2026-01-05,LOC-044,4.8,17
2026-01-05,LOC-044,3.9,17
2026-01-06,LOC-044,4.4,8
2026-01-06,LOC-044,4.6,1
2026-01-06,LOC-044,4.8,8
2026-01-06,LOC-044,4.2,53
2026-01-06,LOC-044,4.7,27
2026-01-07,LOC-044,5.0,27
2026-01-07,LOC-044,3.8,11
2026-01-07,LOC-044,4.6,17
2026-01-07,LOC-044,4.5,5
2026-01-08,LOC-044,5.0,18
2026-01-08,LOC-044,3.8,6
2026-01-09,LOC-044,5.0,8
2026-01-09,LOC-044,5.0,17
2026-01-10,LOC-044,3.7,1
2026-01-11,LOC-044,4.4,1
2026-01-11,LOC-044,3.8,12
2026-01-13,LOC-044,5.0,23
2026-01-13,LOC-044,4.6,9
2026-01-13,LOC-044,3.7,1
2026-01-14,LOC-044,3.4,31
2026-01-14,LOC-044,4.6,5
2026-01-14,LOC-044,3.8,1
2026-01-15,LOC-044,5.0,31
2026-01-15,LOC-044,4.1,10
2026-01-15,LOC-044,5.0,2
2026-01-16,LOC-044,4.9,27
2026-01-16,LOC-044,4.8,16
2026-01-16,LOC-044,5.0,25
2026-01-17,LOC-044,5.0,6
2026-01-17,LOC-044,4.3,29
2026-01-18,LOC-044,4.7,42
2026-01-18,LOC-044,4.1,67
2026-01-18,LOC-044,5.0,11
2026-01-18,LOC-044,4.4,6
2026-01-19,LOC-044,4.6,8
2026-01-19,LOC-044,4.0,17
2026-01-19,LOC-044,3.9,4
2026-01-19,LOC-044,5.0,5
2026-01-20,LOC-044,4.7,15
2026-01-20,LOC-044,4.4,51
2026-01-20,LOC-044,4.1,1
2026-01-20,LOC-044,4.7,1
2026-01-21,LOC-044,4.9,8
2026-01-21,LOC-044,4.1,1
2026-01-21,LOC-044,3.8,20
2026-01-21,LOC-044,4.1,2
2026-01-22,LOC-044,5.0,17
2026-01-24,LOC-044,4.3,11
2026-01-24,LOC-044,4.0,50
2026-01-25,LOC-044,4.0,1
2026-01-26,LOC-044,4.3,1
2026-01-26,LOC-044,5.0,7
2026-01-27,LOC-044,4.6,27
2026-01-28,LOC-044,3.9,55
2026-01-28,LOC-044,5.0,8
2026-01-28,LOC-044,4.8,4
2026-01-29,LOC-044,4.4,13
2026-01-29,LOC-044,4.5,11
2026-01-30,LOC-044,3.7,10
2026-01-30,LOC-044,3.8,39
2026-01-30,LOC-044,4.9,21
2026-01-31,LOC-044,4.4,21
2026-01-31,LOC-044,4.6,5
2026-01-31,LOC-044,3.9,7
2026-01-31,LOC-044,4.0,11
2026-01-31,LOC-044,3.9,55
2026-02-01,LOC-044,4.0,3
2026-02-01,LOC-044,3.7,19
2026-02-01,LOC-044,5.0,23
2026-02-02,LOC-044,3.7,3
2026-02-02,LOC-044,4.7,3
2026-02-02,LOC-044,4.8,10
2026-02-02,LOC-044,5.0,3
2026-02-03,LOC-044,5.0,41
2026-02-03,LOC-044,4.2,25
2026-02-03,LOC-044,4.2,3
2026-02-03,LOC-044,4.5,5
2026-02-04,LOC-044,5.0,8
2026-02-04,LOC-044,4.6,10
2026-02-04,LOC-044,5.0,24
2026-02-04,LOC-044,4.3,4
2026-02-04,LOC-044,4.2,1
2026-02-05,LOC-044,4.5,10
2026-02-05,LOC-044,5.0,2
2026-02-06,LOC-044,4.5,16
2026-02-06,LOC-044,4.3,37
2026-02-07,LOC-044,4.9,16
2026-02-07,LOC-044,4.0,4
2026-02-07,LOC-044,3.5,14
2026-02-07,LOC-044,4.5,28
2026-02-07,LOC-044,4.3,8
2026-02-08,LOC-044,4.2,4
2026-02-08,LOC-044,5.0,14
2026-02-08,LOC-044,4.4,13
2026-02-08,LOC-044,4.1,21
2026-02-09,LOC-044,4.4,1
2026-02-09,LOC-044,3.4,29
2026-02-10,LOC-044,4.6,6
2026-02-10,LOC-044,3.9,1
2026-02-10,LOC-044,4.7,28
2026-02-10,LOC-044,5.0,26
2026-02-10,LOC-044,4.0,14
2026-02-11,LOC-044,4.5,1
2026-02-11,LOC-044,3.7,13
2026-02-11,LOC-044,5.0,4
2026-02-12,LOC-044,3.5,27
2026-02-12,LOC-044,4.0,1
2026-02-12,LOC-044,4.2,31
2026-02-12,LOC-044,4.4,18
2026-02-13,LOC-044,4.8,2
2026-02-13,LOC-044,3.8,2
2026-02-13,LOC-044,4.2,13
2026-02-14,LOC-044,4.5,24
2026-02-14,LOC-044,4.3,34
2026-02-14,LOC-044,4.5,20
2026-02-14,LOC-044,3.6,6
2026-02-14,LOC-044,4.3,16
2026-02-15,LOC-044,3.8,3
2026-02-16,LOC-044,3.9,1
2026-02-17,LOC-044,4.3,37
2026-02-17,LOC-044,4.9,4
2026-02-17,LOC-044,5.0,34
2026-02-18,LOC-044,4.1,14
2026-02-18,LOC-044,4.3,8
2026-02-19,LOC-044,4.2,1
2026-02-19,LOC-044,4.2,44
2026-02-19,LOC-044,4.3,1
2026-02-19,LOC-044,4.3,1
2026-02-20,LOC-044,3.3,11
2026-02-20,LOC-044,4.0,41
2026-02-20,LOC-044,4.2,20
2026-02-20,LOC-044,3.8,3
2026-02-22,LOC-044,3.9,1
2026-02-23,LOC-044,4.0,1
2026-02-23,LOC-044,4.5,23
2026-02-23,LOC-044,3.8,1
2026-02-23,LOC-044,4.6,16
2026-02-24,LOC-044,4.9,19
2026-02-24,LOC-044,4.4,1
2026-02-24,LOC-044,4.4,13
2026-02-25,LOC-044,4.5,19
2026-02-25,LOC-044,3.9,23
2026-02-26,LOC-044,3.9,14
2026-02-26,LOC-044,4.7,16
2026-02-26,LOC-044,4.7,3
2026-02-26,LOC-044,3.1,57
2026-02-27,LOC-044,3.9,6
2026-02-27,LOC-044,4.2,22
2026-02-28,LOC-044,4.0,2
2026-03-01,LOC-044,4.2,5
2026-03-01,LOC-044,4.6,86
2026-03-01,LOC-044,4.7,17
2026-03-01,LOC-044,3.6,14
2026-03-02,LOC-044,2.9,6
2026-03-02,LOC-044,4.3,3
2026-03-02,LOC-044,5.0,5
2026-03-02,LOC-044,4.5,12
2026-03-03,LOC-044,4.9,2
2026-03-03,LOC-044,4.9,11
2026-03-03,LOC-044,4.4,14
2026-03-04,LOC-044,4.3,24
2026-03-04,LOC-044,3.9,9
2026-03-04,LOC-044,4.2,22
2026-03-04,LOC-044,5.0,5
2026-03-04,LOC-044,3.3,17
2026-03-05,LOC-044,4.2,27
2026-03-05,LOC-044,3.7,7
2026-03-06,LOC-044,4.6,5
2026-03-06,LOC-044,4.4,4
2026-03-06,LOC-044,3.5,1
2026-03-06,LOC-044,4.3,13
2026-03-07,LOC-044,3.9,2
2026-03-07,LOC-044,5.0,2
2026-03-08,LOC-044,3.8,39
2026-03-08,LOC-044,3.4,6
2026-03-08,LOC-044,4.2,5
2026-03-08,LOC-044,4.6,23
2026-03-08,LOC-044,5.0,11
2026-03-08,LOC-044,3.7,27
2026-03-08,LOC-044,4.2,13
2026-03-09,LOC-044,5.0,3
2026-03-09,LOC-044,4.9,31
2026-03-11,LOC-044,4.0,17
2026-03-12,LOC-044,4.3,20
2026-03-12,LOC-044,4.3,9
2026-03-12,LOC-044,5.0,30
2026-03-12,LOC-044,3.7,1
2026-03-13,LOC-044,4.1,15
2026-03-13,LOC-044,5.0,7
2026-03-13,LOC-044,4.6,39
2026-03-14,LOC-044,4.9,13
2026-03-14,LOC-044,4.3,39
2026-03-14,LOC-044,3.7,3
2026-03-14,LOC-044,4.5,4
2026-03-15,LOC-044,4.2,14
2026-03-16,LOC-044,5.0,7
2026-03-16,LOC-044,4.2,35
2026-03-16,LOC-044,4.0,20
2026-03-16,LOC-044,4.6,12
2026-03-17,LOC-044,4.6,7
2026-03-17,LOC-044,5.0,5
2026-03-17,LOC-044,4.3,1
2026-03-18,LOC-044,4.1,16
2026-03-18,LOC-044,4.4,23
2026-03-18,LOC-044,4.5,9
2026-03-19,LOC-044,5.0,13
2026-03-19,LOC-044,5.0,5
2026-03-19,LOC-044,4.7,2
2026-03-20,LOC-044,4.6,20
2026-03-20,LOC-044,4.3,20
2026-03-21,LOC-044,4.8,21
2026-03-21,LOC-044,4.5,33
2026-03-21,LOC-044,4.0,5
2026-03-21,LOC-044,4.0,13
2026-03-21,LOC-044,3.9,6
2026-03-21,LOC-044,4.4,13
2026-03-21,LOC-044,4.8,14
2026-03-22,LOC-044,4.4,23
2026-03-22,LOC-044,4.7,11
2026-03-22,LOC-044,4.6,19
2026-03-23,LOC-044,3.6,1
2026-03-23,LOC-044,5.0,10
2026-03-23,LOC-044,3.6,8
2026-03-23,LOC-044,4.8,63
2026-03-24,LOC-044,4.7,38
2026-03-24,LOC-044,4.5,7
2026-03-25,LOC-044,5.0,46
2026-03-25,LOC-044,4.9,2
2026-03-26,LOC-044,4.8,3
2026-03-26,LOC-044,4.2,24
2026-03-28,LOC-044,4.2,9
2026-03-28,LOC-044,5.0,32
2026-03-29,LOC-044,3.4,13
2026-03-29,LOC-044,3.3,5
2026-03-29,LOC-044,5.0,3
2026-03-29,LOC-044,5.0,22
2026-03-29,LOC-044,4.3,10
2026-03-30,LOC-044,4.1,23
2026-03-31,LOC-044,3.6,15
2026-03-31,LOC-044,4.6,9
2026-03-31,LOC-044,4.3,26
2026-04-01,LOC-044,4.0,13
2026-04-01,LOC-044,4.2,1
2026-04-01,LOC-044,4.6,1
2026-04-01,LOC-044,4.2,20
2026-04-02,LOC-044,4.9,2
2026-04-03,LOC-044,4.5,3
2026-04-03,LOC-044,4.9,6
2026-04-03,LOC-044,4.6,3
2026-04-03,LOC-044,4.8,6
2026-04-03,LOC-044,5.0,4
2026-04-03,LOC-044,4.5,4
2026-04-04,LOC-044,3.5,5
2026-04-04,LOC-044,4.8,6
2026-04-04,LOC-044,4.6,29
2026-04-05,LOC-044,4.7,1
2026-04-06,LOC-044,3.3,4
2026-04-06,LOC-044,4.7,5
2026-04-06,LOC-044,4.5,19
2026-04-07,LOC-044,4.9,6
2026-04-07,LOC-044,4.7,10
2026-04-08,LOC-044,4.7,18
2026-04-08,LOC-044,4.5,2
2026-04-08,LOC-044,4.7,9
2026-04-08,LOC-044,4.6,20
2026-04-08,LOC-044,3.5,5
2026-04-08,LOC-044,3.5,4
2026-04-08,LOC-044,4.9,27
2026-04-09,LOC-044,4.3,5
2026-04-09,LOC-044,3.6,32
2026-04-10,LOC-044,4.2,29
2026-04-11,LOC-044,4.1,6
2026-04-11,LOC-044,4.8,3
2026-04-12,LOC-044,4.9,14
2026-04-12,LOC-044,3.7,26
2026-04-12,LOC-044,4.7,1
2026-04-13,LOC-044,4.3,15
2026-04-13,LOC-044,3.0,4
2026-04-13,LOC-044,4.0,6
2026-04-14,LOC-044,5.0,22
2026-04-14,LOC-044,3.9,21
2026-04-14,LOC-044,4.2,10
2026-04-15,LOC-044,4.9,15
2026-04-15,LOC-044,4.5,6
2026-04-16,LOC-044,4.2,25
2026-04-16,LOC-044,4.2,14
2026-04-17,LOC-044,3.4,17
2026-04-17,LOC-044,5.0,7
2026-04-17,LOC-044,4.4,20
2026-04-17,LOC-044,3.9,19
2026-04-18,LOC-044,5.0,12
2026-04-18,LOC-044,4.5,5
2026-04-18,LOC-044,4.8,6
2026-04-18,LOC-044,3.9,2
2026-04-19,LOC-044,4.8,26
2026-04-19,LOC-044,4.5,2
2026-04-19,LOC-044,4.4,15
2026-04-19,LOC-044,4.4,6
2026-04-20,LOC-044,3.6,3
2026-04-21,LOC-044,5.0,8
2026-04-21,LOC-044,5.0,5
2026-04-23,LOC-044,3.5,11
2026-04-25,LOC-044,3.8,2
2026-04-25,LOC-044,4.3,3
2026-04-25,LOC-044,4.8,13
2026-04-26,LOC-044,4.9,4
2026-04-26,LOC-044,3.9,9
2026-04-26,LOC-044,4.7,25
2026-04-27,LOC-044,3.9,3
2026-04-27,LOC-044,4.7,26
2026-04-27,LOC-044,3.9,4
2026-04-28,LOC-044,4.0,1
2026-04-28,LOC-044,4.8,9
2026-04-28,LOC-044,4.5,18
2026-04-28,LOC-044,3.2,1
2026-04-28,LOC-044,3.3,74
2026-04-29,LOC-044,4.3,12
2026-04-29,LOC-044,5.0,21
2026-04-29,LOC-044,3.9,8
2026-04-29,LOC-044,4.9,1
2026-04-29,LOC-044,5.0,29
2026-04-29,LOC-044,4.0,19
2026-04-29,LOC-044,4.9,20
2026-04-29,LOC-044,4.4,1
2026-05-01,LOC-044,4.9,38
2026-05-02,LOC-044,4.4,20
2026-05-02,LOC-044,3.6,2
2026-05-03,LOC-044,3.5,18
2026-05-04,LOC-044,4.8,9
2026-05-04,LOC-044,5.0,30
2026-05-04,LOC-044,4.4,16
2026-05-05,LOC-044,4.2,13
2026-05-05,LOC-044,4.0,1
2026-05-05,LOC-044,4.1,34
2026-05-05,LOC-044,4.5,2
2026-05-06,LOC-044,4.3,13
2026-05-06,LOC-044,4.5,14
2026-05-07,LOC-044,3.8,15
2026-05-07,LOC-044,3.5,6
2026-05-07,LOC-044,3.3,12
2026-05-08,LOC-044,4.1,36
2026-05-08,LOC-044,4.6,12
2026-05-08,LOC-044,5.0,5
2026-05-08,LOC-044,4.9,12
2026-05-09,LOC-044,3.6,12
2026-05-10,LOC-044,3.9,25
2026-05-10,LOC-044,4.6,11
2026-05-10,LOC-044,4.9,22
2026-05-11,LOC-044,3.8,1
2026-05-11,LOC-044,4.8,2
2026-05-11,LOC-044,3.8,27
2026-05-11,LOC-044,4.3,15
2026-05-12,LOC-044,4.5,12
2026-05-13,LOC-044,4.4,8
2026-05-14,LOC-044,3.9,3
2026-05-14,LOC-044,4.9,3
2026-05-14,LOC-044,3.9,14
2026-05-14,LOC-044,4.6,11
2026-05-14,LOC-044,4.1,3
2026-05-14,LOC-044,4.9,23
2026-05-14,LOC-044,4.3,18
2026-05-14,LOC-044,4.0,11
2026-05-15,LOC-044,5.0,55
2026-05-15,LOC-044,4.5,1
2026-05-15,LOC-044,4.3,9
2026-05-15,LOC-044,4.4,4
2026-05-15,LOC-044,4.3,23
2026-05-16,LOC-044,4.7,23
2026-05-16,LOC-044,5.0,3
2026-05-17,LOC-044,4.4,25
2026-05-18,LOC-044,3.4,4
2026-05-18,LOC-044,4.5,11
2026-05-19,LOC-044,3.0,26
2026-05-20,LOC-044,4.4,3
2026-05-20,LOC-044,4.7,2
2026-05-20,LOC-044,4.6,13
2026-05-20,LOC-044,4.4,10
2026-05-20,LOC-044,3.7,1
2026-05-20,LOC-044,5.0,3
2026-05-21,LOC-044,4.3,16
2026-05-21,LOC-044,4.7,4
2026-05-22,LOC-044,5.0,3
2026-05-22,LOC-044,4.3,1
2026-05-23,LOC-044,5.0,19
2026-05-23,LOC-044,4.3,7
2026-05-23,LOC-044,4.7,1
2026-05-24,LOC-044,4.4,1
2026-05-24,LOC-044,3.6,13
2026-05-25,LOC-044,4.8,31
2026-05-25,LOC-044,3.6,19
2026-05-25,LOC-044,4.3,19
2026-05-27,LOC-044,5.0,1
2026-05-28,LOC-044,4.6,10
2026-05-28,LOC-044,5.0,3
2026-05-28,LOC-044,4.9,20
2026-05-28,LOC-044,4.8,6
2026-05-28,LOC-044,4.9,1
2026-05-28,LOC-044,5.0,2
2026-05-30,LOC-044,4.4,3
2026-05-30,LOC-044,4.4,1
2026-05-31,LOC-044,3.8,5
2026-06-01,LOC-044,4.1,25
2026-06-01,LOC-044,4.8,3
2026-06-02,LOC-044,3.7,3
2026-06-03,LOC-044,4.3,12
2026-06-03,LOC-044,3.1,22
2026-06-03,LOC-044,4.9,16
2026-06-03,LOC-044,4.7,3
2026-06-04,LOC-044,3.9,8
2026-06-05,LOC-044,4.1,23
2026-06-05,LOC-044,4.3,14
2026-06-06,LOC-044,4.3,6
2026-06-06,LOC-044,5.0,9
2026-06-06,LOC-044,4.7,58
2026-06-06,LOC-044,4.6,14
2026-06-06,LOC-044,3.4,8
2026-06-08,LOC-044,4.2,6
2026-06-08,LOC-044,4.3,32
2026-06-08,LOC-044,4.3,26
2026-06-09,LOC-044,4.8,16
2026-06-09,LOC-044,5.0,14
2026-06-09,LOC-044,5.0,13
2026-06-09,LOC-044,4.5,3
2026-06-09,LOC-044,4.2,7
2026-06-09,LOC-044,4.4,21
2026-06-09,LOC-044,4.6,1
2026-06-10,LOC-044,4.9,3
2026-06-10,LOC-044,4.6,6
2026-06-10,LOC-044,3.8,15
2026-06-10,LOC-044,3.9,1
2026-06-11,LOC-044,4.7,9
2026-06-11,LOC-044,4.6,39
2026-06-12,LOC-044,4.2,26
2026-06-12,LOC-044,4.4,21
2026-06-14,LOC-044,4.4,1
2026-06-14,LOC-044,4.1,16
2026-06-14,LOC-044,4.4,17
2026-06-15,LOC-044,4.1,8
2026-06-15,LOC-044,4.2,30
2026-06-15,LOC-044,4.3,11
2026-06-16,LOC-044,4.3,6
2026-06-16,LOC-044,4.8,28
2026-06-16,LOC-044,3.8,21
2026-06-16,LOC-044,3.5,11
2026-06-17,LOC-044,3.7,1
2026-06-17,LOC-044,4.6,1
2026-06-17,LOC-044,4.6,1
2026-06-18,LOC-044,4.2,3
2026-06-19,LOC-044,3.7,9
2026-06-19,LOC-044,4.5,4
2026-06-19,LOC-044,4.8,19
2026-06-20,LOC-044,3.7,8
2026-06-21,LOC-044,3.7,13
2026-06-21,LOC-044,4.6,2
2026-06-21,LOC-044,4.4,9
2026-06-22,LOC-044,4.4,3
2026-06-23,LOC-044,4.6,12
2026-06-23,LOC-044,3.8,19
2026-06-23,LOC-044,3.9,10
2026-06-23,LOC-044,5.0,96
2026-06-23,LOC-044,4.1,41
2026-06-25,LOC-044,4.3,7
2026-06-26,LOC-044,4.2,1
2026-06-26,LOC-044,3.8,19
2026-06-27,LOC-044,4.5,32
2026-06-28,LOC-044,4.7,25
2026-06-28,LOC-044,4.0,1
2026-06-29,LOC-044,3.9,1
2026-06-29,LOC-044,4.0,42
2026-06-29,LOC-044,3.0,20
2026-06-29,LOC-044,4.0,2
2026-06-30,LOC-044,4.2,23
2026-06-30,LOC-044,4.1,11
2026-06-30,LOC-044,3.9,1
2026-06-30,LOC-044,3.2,65
2026-06-30,LOC-044,5.0,2
2026-01-01,LOC-045,2.9,71
2026-01-01,LOC-045,3.7,21
2026-01-02,LOC-045,4.1,4
2026-01-02,LOC-045,3.8,28
2026-01-02,LOC-045,2.8,50
2026-01-02,LOC-045,3.2,18
2026-01-03,LOC-045,3.7,7
2026-01-03,LOC-045,3.6,37
2026-01-03,LOC-045,4.4,3
2026-01-03,LOC-045,3.2,1
2026-01-03,LOC-045,4.2,5
2026-01-04,LOC-045,3.5,8
2026-01-04,LOC-045,2.8,2
2026-01-04,LOC-045,4.2,1
2026-01-05,LOC-045,3.4,27
2026-01-05,LOC-045,4.7,54
2026-01-05,LOC-045,3.5,6
2026-01-05,LOC-045,3.7,3
2026-01-05,LOC-045,3.5,4
2026-01-06,LOC-045,3.9,3
2026-01-06,LOC-045,3.3,1
2026-01-06,LOC-045,3.4,32
2026-01-07,LOC-045,4.2,1
2026-01-07,LOC-045,3.8,7
2026-01-07,LOC-045,3.5,23
2026-01-07,LOC-045,3.8,7
2026-01-07,LOC-045,3.1,25
2026-01-07,LOC-045,3.7,19
2026-01-07,LOC-045,3.6,2
2026-01-07,LOC-045,2.7,16
2026-01-09,LOC-045,3.3,9
2026-01-09,LOC-045,3.9,27
2026-01-09,LOC-045,3.1,1
2026-01-10,LOC-045,4.7,2
2026-01-10,LOC-045,3.7,2
2026-01-10,LOC-045,3.7,4
2026-01-10,LOC-045,3.8,6
2026-01-10,LOC-045,3.3,1
2026-01-11,LOC-045,3.5,18
2026-01-11,LOC-045,4.6,3
2026-01-11,LOC-045,3.9,9
2026-01-11,LOC-045,4.3,1
2026-01-13,LOC-045,4.2,6
2026-01-13,LOC-045,3.1,18
2026-01-15,LOC-045,3.2,14
2026-01-16,LOC-045,3.9,3
2026-01-16,LOC-045,2.6,6
2026-01-16,LOC-045,4.0,14
2026-01-16,LOC-045,3.4,3
2026-01-16,LOC-045,3.8,16
2026-01-17,LOC-045,2.8,2
2026-01-17,LOC-045,3.1,34
2026-01-17,LOC-045,2.5,8
2026-01-17,LOC-045,4.2,1
2026-01-17,LOC-045,3.9,7
2026-01-18,LOC-045,3.4,28
2026-01-18,LOC-045,3.1,12
2026-01-18,LOC-045,4.0,18
2026-01-18,LOC-045,3.1,44
2026-01-18,LOC-045,4.1,6
2026-01-18,LOC-045,3.1,23
2026-01-19,LOC-045,4.3,9
2026-01-20,LOC-045,4.0,12
2026-01-20,LOC-045,3.3,47
2026-01-20,LOC-045,3.3,12
2026-01-20,LOC-045,4.2,8
2026-01-21,LOC-045,3.5,3
2026-01-21,LOC-045,3.3,8
2026-01-22,LOC-045,3.6,10
2026-01-22,LOC-045,4.2,10
2026-01-23,LOC-045,4.2,1
2026-01-23,LOC-045,3.7,3
2026-01-24,LOC-045,3.6,9
2026-01-24,LOC-045,3.9,19
2026-01-24,LOC-045,3.7,6
2026-01-25,LOC-045,3.3,48
2026-01-25,LOC-045,3.6,6
2026-01-25,LOC-045,3.9,29
2026-01-25,LOC-045,3.6,3
2026-01-26,LOC-045,3.8,133
2026-01-26,LOC-045,4.0,8
2026-01-26,LOC-045,4.3,8
2026-01-27,LOC-045,2.8,1
2026-01-27,LOC-045,3.5,1
2026-01-27,LOC-045,3.7,31
2026-01-28,LOC-045,4.4,7
2026-01-29,LOC-045,3.1,19
2026-01-29,LOC-045,3.9,4
2026-01-30,LOC-045,4.1,3
2026-01-31,LOC-045,3.1,29
2026-01-31,LOC-045,3.6,10
2026-02-01,LOC-045,4.7,3
2026-02-01,LOC-045,3.8,5
2026-02-01,LOC-045,3.0,10
2026-02-01,LOC-045,3.7,5
2026-02-01,LOC-045,2.9,1
2026-02-02,LOC-045,4.1,7
2026-02-03,LOC-045,3.8,13
2026-02-03,LOC-045,3.1,2
2026-02-03,LOC-045,4.3,27
2026-02-04,LOC-045,3.3,49
2026-02-04,LOC-045,3.4,17
2026-02-04,LOC-045,3.6,73
2026-02-04,LOC-045,2.4,44
2026-02-04,LOC-045,4.1,32
2026-02-05,LOC-045,3.6,8
2026-02-05,LOC-045,3.4,3
2026-02-05,LOC-045,4.5,98
2026-02-05,LOC-045,3.6,21
2026-02-06,LOC-045,3.6,1
2026-02-06,LOC-045,4.5,56
2026-02-07,LOC-045,4.0,15
2026-02-07,LOC-045,3.3,11
2026-02-08,LOC-045,3.9,4
2026-02-09,LOC-045,4.0,10
2026-02-11,LOC-045,4.4,7
2026-02-11,LOC-045,3.3,27
2026-02-11,LOC-045,3.5,32
2026-02-12,LOC-045,3.6,50
2026-02-12,LOC-045,4.1,34
2026-02-12,LOC-045,4.4,4
2026-02-12,LOC-045,4.0,1
2026-02-13,LOC-045,4.2,26
2026-02-13,LOC-045,4.1,13
2026-02-14,LOC-045,3.8,18
2026-02-15,LOC-045,3.5,35
2026-02-15,LOC-045,4.0,1
2026-02-15,LOC-045,3.4,20
2026-02-15,LOC-045,3.8,11
2026-02-15,LOC-045,3.5,52
2026-02-17,LOC-045,3.5,2
2026-02-17,LOC-045,4.2,1
2026-02-18,LOC-045,4.6,9
2026-02-18,LOC-045,3.8,25
2026-02-18,LOC-045,3.0,41
2026-02-19,LOC-045,3.4,1
2026-02-19,LOC-045,4.1,21
2026-02-19,LOC-045,4.7,11
2026-02-19,LOC-045,3.3,1
2026-02-20,LOC-045,4.1,1
2026-02-20,LOC-045,3.4,19
2026-02-20,LOC-045,4.9,1
2026-02-20,LOC-045,4.2,12
2026-02-20,LOC-045,3.3,1
2026-02-20,LOC-045,3.4,2
2026-02-21,LOC-045,3.9,2
2026-02-21,LOC-045,3.8,18
2026-02-21,LOC-045,3.8,28
2026-02-22,LOC-045,2.6,1
2026-02-22,LOC-045,4.0,5
2026-02-22,LOC-045,3.7,10
2026-02-23,LOC-045,4.0,23
2026-02-23,LOC-045,3.4,28
2026-02-23,LOC-045,3.7,8
2026-02-23,LOC-045,3.7,34
2026-02-23,LOC-045,3.3,3
2026-02-24,LOC-045,3.1,1
2026-02-24,LOC-045,3.3,50
2026-02-25,LOC-045,3.1,8
2026-02-25,LOC-045,3.6,5
2026-02-26,LOC-045,3.0,9
2026-02-26,LOC-045,2.6,6
2026-02-26,LOC-045,2.9,16
2026-02-27,LOC-045,3.7,12
2026-02-27,LOC-045,3.1,25
2026-02-27,LOC-045,3.1,14
2026-02-27,LOC-045,3.6,4
2026-02-27,LOC-045,4.3,1
2026-02-28,LOC-045,4.0,25
2026-02-28,LOC-045,3.7,10
2026-03-01,LOC-045,4.1,17
2026-03-01,LOC-045,3.9,39
2026-03-02,LOC-045,4.1,1
2026-03-03,LOC-045,3.2,14
2026-03-03,LOC-045,4.8,24
2026-03-04,LOC-045,3.3,10
2026-03-04,LOC-045,3.9,7
2026-03-04,LOC-045,3.7,12
2026-03-05,LOC-045,3.6,21
2026-03-05,LOC-045,2.7,7
2026-03-06,LOC-045,4.2,50
2026-03-06,LOC-045,2.9,11
2026-03-06,LOC-045,3.7,13
2026-03-06,LOC-045,3.4,2
2026-03-07,LOC-045,3.1,30
2026-03-07,LOC-045,4.8,27
2026-03-07,LOC-045,3.7,24
2026-03-07,LOC-045,4.3,12
2026-03-08,LOC-045,3.6,8
2026-03-08,LOC-045,4.5,1
2026-03-08,LOC-045,3.7,9
2026-03-08,LOC-045,3.8,9
2026-03-08,LOC-045,3.6,8
2026-03-08,LOC-045,2.8,1
2026-03-08,LOC-045,3.5,34
2026-03-08,LOC-045,4.3,3
2026-03-09,LOC-045,2.7,1
2026-03-09,LOC-045,3.8,36
2026-03-09,LOC-045,3.5,14
2026-03-09,LOC-045,4.4,11
2026-03-10,LOC-045,2.9,7
2026-03-10,LOC-045,3.4,46
2026-03-11,LOC-045,3.1,20
2026-03-12,LOC-045,3.7,21
2026-03-12,LOC-045,4.1,22
2026-03-12,LOC-045,3.8,10
2026-03-12,LOC-045,3.0,1
2026-03-13,LOC-045,3.6,8
2026-03-13,LOC-045,2.8,12
2026-03-13,LOC-045,3.1,4
2026-03-13,LOC-045,4.5,2
2026-03-13,LOC-045,3.7,28
2026-03-13,LOC-045,4.0,19
2026-03-16,LOC-045,3.0,1
2026-03-16,LOC-045,3.5,3
2026-03-16,LOC-045,3.1,11
2026-03-16,LOC-045,3.0,3
2026-03-16,LOC-045,3.9,5
2026-03-16,LOC-045,3.8,11
2026-03-17,LOC-045,4.0,5
2026-03-17,LOC-045,3.8,10
2026-03-18,LOC-045,2.9,1
2026-03-18,LOC-045,4.5,1
2026-03-18,LOC-045,4.2,13
2026-03-19,LOC-045,4.1,14
2026-03-19,LOC-045,3.4,15
2026-03-19,LOC-045,3.9,1
2026-03-19,LOC-045,3.3,9
2026-03-19,LOC-045,3.2,3
2026-03-19,LOC-045,3.1,10
2026-03-20,LOC-045,3.4,3
2026-03-21,LOC-045,3.8,2
2026-03-21,LOC-045,2.8,53
2026-03-22,LOC-045,3.8,1
2026-03-23,LOC-045,3.7,1
2026-03-23,LOC-045,3.6,61
2026-03-23,LOC-045,3.5,12
2026-03-23,LOC-045,3.7,3
2026-03-24,LOC-045,4.2,13
2026-03-25,LOC-045,3.1,2
2026-03-25,LOC-045,3.5,8
2026-03-25,LOC-045,4.7,5
2026-03-25,LOC-045,3.4,30
2026-03-26,LOC-045,3.2,10
2026-03-26,LOC-045,4.3,13
2026-03-26,LOC-045,3.9,5
2026-03-26,LOC-045,4.5,17
2026-03-26,LOC-045,4.4,11
2026-03-27,LOC-045,3.9,5
2026-03-27,LOC-045,4.6,14
2026-03-28,LOC-045,3.5,6
2026-03-28,LOC-045,3.7,27
2026-03-28,LOC-045,3.8,14
2026-03-28,LOC-045,4.1,1
2026-03-28,LOC-045,3.9,36
2026-03-28,LOC-045,3.0,35
2026-03-28,LOC-045,3.4,5
2026-03-29,LOC-045,3.0,51
2026-03-29,LOC-045,4.5,9
2026-03-29,LOC-045,3.9,3
2026-03-30,LOC-045,3.1,22
2026-03-30,LOC-045,3.8,2
2026-03-30,LOC-045,3.8,6
2026-03-31,LOC-045,3.2,10
2026-03-31,LOC-045,3.7,20
2026-03-31,LOC-045,4.5,1
2026-03-31,LOC-045,3.5,61
2026-03-31,LOC-045,4.1,2
2026-04-01,LOC-045,3.5,1
2026-04-01,LOC-045,3.6,34
2026-04-01,LOC-045,3.4,4
2026-04-02,LOC-045,3.8,7
2026-04-02,LOC-045,3.4,2
2026-04-02,LOC-045,3.7,8
2026-04-03,LOC-045,2.9,14
2026-04-03,LOC-045,3.3,36
2026-04-03,LOC-045,4.2,6
2026-04-03,LOC-045,4.0,40
2026-04-04,LOC-045,4.2,5
2026-04-04,LOC-045,3.2,17
2026-04-04,LOC-045,3.1,20
2026-04-05,LOC-045,3.6,16
2026-04-05,LOC-045,3.7,3
2026-04-05,LOC-045,3.3,41
2026-04-05,LOC-045,3.8,1
2026-04-05,LOC-045,3.7,1
2026-04-06,LOC-045,4.5,9
2026-04-06,LOC-045,4.0,7
2026-04-07,LOC-045,3.3,4
2026-04-08,LOC-045,4.0,23
2026-04-08,LOC-045,3.2,26
2026-04-08,LOC-045,3.8,4
2026-04-09,LOC-045,3.2,1
2026-04-09,LOC-045,3.6,14
2026-04-09,LOC-045,3.6,21
2026-04-10,LOC-045,2.7,7
2026-04-10,LOC-045,3.7,34
2026-04-10,LOC-045,4.1,3
2026-04-10,LOC-045,4.5,29
2026-04-10,LOC-045,3.6,11
2026-04-11,LOC-045,4.0,1
2026-04-11,LOC-045,4.0,8
2026-04-11,LOC-045,3.5,37
2026-04-12,LOC-045,4.0,18
2026-04-13,LOC-045,4.1,17
2026-04-14,LOC-045,3.0,1
2026-04-14,LOC-045,3.9,3
2026-04-15,LOC-045,3.4,7
2026-04-15,LOC-045,3.8,23
2026-04-15,LOC-045,4.3,19
2026-04-16,LOC-045,2.4,24
2026-04-17,LOC-045,3.9,1
2026-04-17,LOC-045,3.0,3
2026-04-17,LOC-045,3.6,9
2026-04-18,LOC-045,3.2,5
2026-04-18,LOC-045,4.2,14
2026-04-18,LOC-045,3.5,1
2026-04-18,LOC-045,4.8,1
2026-04-19,LOC-045,3.3,11
2026-04-19,LOC-045,3.8,3
2026-04-19,LOC-045,4.0,38
2026-04-19,LOC-045,3.4,5
2026-04-19,LOC-045,4.1,19
2026-04-19,LOC-045,4.7,12
2026-04-19,LOC-045,3.5,3
2026-04-20,LOC-045,2.9,7
2026-04-20,LOC-045,3.6,16
2026-04-20,LOC-045,3.5,13
2026-04-20,LOC-045,3.8,41
2026-04-20,LOC-045,3.9,59
2026-04-21,LOC-045,3.4,9
2026-04-21,LOC-045,3.8,18
2026-04-21,LOC-045,3.2,31
2026-04-21,LOC-045,2.7,6
2026-04-22,LOC-045,3.7,5
2026-04-22,LOC-045,3.1,39
2026-04-22,LOC-045,4.1,3
2026-04-22,LOC-045,3.9,2
2026-04-22,LOC-045,3.4,3
2026-04-23,LOC-045,4.0,4
2026-04-23,LOC-045,4.0,10
2026-04-24,LOC-045,3.4,1
2026-04-24,LOC-045,3.9,16
2026-04-24,LOC-045,4.9,11
2026-04-24,LOC-045,3.3,1
2026-04-24,LOC-045,3.6,6
2026-04-24,LOC-045,3.5,15
2026-04-25,LOC-045,3.7,8
2026-04-26,LOC-045,3.7,7
2026-04-27,LOC-045,3.4,9
2026-04-27,LOC-045,3.6,10
2026-04-28,LOC-045,4.0,14
2026-04-28,LOC-045,3.2,3
2026-04-28,LOC-045,4.0,9
2026-04-28,LOC-045,3.7,24
2026-04-28,LOC-045,3.4,8
2026-04-28,LOC-045,3.5,14
2026-04-29,LOC-045,3.2,1
2026-04-29,LOC-045,3.5,16
2026-04-30,LOC-045,2.7,1
2026-04-30,LOC-045,3.0,27
2026-04-30,LOC-045,4.2,7
2026-04-30,LOC-045,3.9,6
2026-05-01,LOC-045,4.0,4
2026-05-01,LOC-045,4.0,14
2026-05-01,LOC-045,3.7,18
2026-05-01,LOC-045,3.4,25
2026-05-02,LOC-045,3.8,20
2026-05-02,LOC-045,4.0,20
2026-05-02,LOC-045,3.7,1
2026-05-02,LOC-045,3.8,12
2026-05-02,LOC-045,4.0,1
2026-05-02,LOC-045,4.3,5
2026-05-03,LOC-045,3.9,18
2026-05-03,LOC-045,4.1,59
2026-05-04,LOC-045,4.4,15
2026-05-04,LOC-045,3.5,24
2026-05-05,LOC-045,3.7,2
2026-05-05,LOC-045,3.3,12
2026-05-05,LOC-045,3.9,8
2026-05-05,LOC-045,3.9,63
2026-05-05,LOC-045,3.5,48
2026-05-05,LOC-045,4.3,6
2026-05-05,LOC-045,3.5,32
2026-05-05,LOC-045,3.8,15
2026-05-06,LOC-045,4.1,4
2026-05-06,LOC-045,3.7,15
2026-05-07,LOC-045,4.1,6
2026-05-07,LOC-045,4.0,22
2026-05-07,LOC-045,3.8,19
2026-05-07,LOC-045,3.5,10
2026-05-07,LOC-045,3.1,17
2026-05-08,LOC-045,4.4,2
2026-05-09,LOC-045,3.4,10
2026-05-09,LOC-045,3.8,59
2026-05-09,LOC-045,4.1,13
2026-05-10,LOC-045,4.2,26
2026-05-10,LOC-045,4.0,15
2026-05-10,LOC-045,3.1,7
2026-05-10,LOC-045,3.2,23
2026-05-11,LOC-045,3.6,5
2026-05-11,LOC-045,3.4,18
2026-05-12,LOC-045,4.0,16
2026-05-12,LOC-045,3.0,15
2026-05-13,LOC-045,4.3,51
2026-05-13,LOC-045,3.1,36
2026-05-13,LOC-045,3.4,9
2026-05-13,LOC-045,4.1,5
2026-05-13,LOC-045,3.8,10
2026-05-13,LOC-045,3.5,11
2026-05-14,LOC-045,3.8,47
2026-05-14,LOC-045,4.2,20
2026-05-15,LOC-045,2.7,56
2026-05-15,LOC-045,4.0,3
2026-05-15,LOC-045,3.6,2
2026-05-16,LOC-045,4.4,2
2026-05-16,LOC-045,4.0,2
2026-05-16,LOC-045,4.3,1
2026-05-16,LOC-045,3.4,2
2026-05-16,LOC-045,3.6,3
2026-05-17,LOC-045,3.6,4
2026-05-17,LOC-045,3.1,5
2026-05-17,LOC-045,3.7,29
2026-05-17,LOC-045,4.0,4
2026-05-18,LOC-045,3.6,5
2026-05-19,LOC-045,3.6,42
2026-05-19,LOC-045,4.1,4
2026-05-19,LOC-045,3.8,1
2026-05-19,LOC-045,4.2,9
2026-05-19,LOC-045,4.5,1
2026-05-20,LOC-045,4.1,2
2026-05-20,LOC-045,3.9,16
2026-05-21,LOC-045,3.6,7
2026-05-21,LOC-045,3.9,16
2026-05-22,LOC-045,3.0,33
2026-05-22,LOC-045,3.5,12
2026-05-23,LOC-045,3.6,16
2026-05-23,LOC-045,3.3,57
2026-05-23,LOC-045,3.5,63
2026-05-23,LOC-045,3.5,9
2026-05-23,LOC-045,3.5,7
2026-05-24,LOC-045,3.4,1
2026-05-25,LOC-045,3.5,15
2026-05-25,LOC-045,4.0,11
2026-05-25,LOC-045,4.4,56
2026-05-26,LOC-045,3.7,7
2026-05-26,LOC-045,3.5,2
2026-05-27,LOC-045,3.2,9
2026-05-27,LOC-045,4.0,18
2026-05-27,LOC-045,3.8,1
2026-05-27,LOC-045,4.1,1
2026-05-27,LOC-045,3.7,2
2026-05-27,LOC-045,3.7,19
2026-05-28,LOC-045,3.2,29
2026-05-28,LOC-045,2.5,3
2026-05-29,LOC-045,3.9,17
2026-05-29,LOC-045,3.9,18
2026-05-29,LOC-045,3.6,2
2026-05-29,LOC-045,3.8,8
2026-05-29,LOC-045,4.8,10
2026-05-30,LOC-045,3.6,3
2026-05-30,LOC-045,4.1,1
2026-05-30,LOC-045,3.7,31
2026-05-30,LOC-045,3.5,2
2026-05-31,LOC-045,4.2,19
2026-06-01,LOC-045,3.9,59
2026-06-02,LOC-045,3.9,45
2026-06-03,LOC-045,4.1,13
2026-06-03,LOC-045,4.0,8
2026-06-03,LOC-045,3.9,43
2026-06-03,LOC-045,4.5,4
2026-06-04,LOC-045,3.3,15
2026-06-04,LOC-045,3.1,45
2026-06-04,LOC-045,4.2,3
2026-06-05,LOC-045,3.9,19
2026-06-05,LOC-045,3.1,11
2026-06-05,LOC-045,3.2,4
2026-06-06,LOC-045,3.1,2
2026-06-06,LOC-045,2.9,2
2026-06-07,LOC-045,5.0,10
2026-06-07,LOC-045,3.8,5
2026-06-07,LOC-045,4.0,13
2026-06-07,LOC-045,3.5,3
2026-06-08,LOC-045,3.8,1
2026-06-08,LOC-045,2.9,5
2026-06-08,LOC-045,3.4,16
2026-06-08,LOC-045,3.1,3
2026-06-08,LOC-045,3.5,2
2026-06-08,LOC-045,4.1,1
2026-06-09,LOC-045,3.9,1
2026-06-09,LOC-045,4.3,8
2026-06-10,LOC-045,3.3,49
2026-06-10,LOC-045,3.8,17
2026-06-10,LOC-045,3.0,4
2026-06-10,LOC-045,4.2,10
2026-06-10,LOC-045,3.7,41
2026-06-11,LOC-045,3.5,1
2026-06-12,LOC-045,3.1,7
2026-06-12,LOC-045,3.5,36
2026-06-13,LOC-045,3.9,12
2026-06-15,LOC-045,3.5,7
2026-06-15,LOC-045,4.3,12
2026-06-15,LOC-045,3.3,16
2026-06-16,LOC-045,2.9,4
2026-06-16,LOC-045,4.0,15
2026-06-16,LOC-045,4.1,4
2026-06-16,LOC-045,3.4,3
2026-06-16,LOC-045,3.2,18
2026-06-17,LOC-045,3.7,14
2026-06-17,LOC-045,3.5,1
2026-06-17,LOC-045,4.0,13
2026-06-17,LOC-045,3.6,3
2026-06-17,LOC-045,4.0,6
2026-06-17,LOC-045,2.2,1
2026-06-17,LOC-045,3.5,35
2026-06-18,LOC-045,4.2,8
2026-06-19,LOC-045,4.8,11
2026-06-19,LOC-045,3.7,1
2026-06-19,LOC-045,4.5,11
2026-06-19,LOC-045,3.5,20
2026-06-20,LOC-045,3.8,1
2026-06-20,LOC-045,3.7,1
2026-06-20,LOC-045,4.3,5
2026-06-20,LOC-045,4.5,4
2026-06-21,LOC-045,3.5,20
2026-06-21,LOC-045,3.1,19
2026-06-22,LOC-045,4.1,13
2026-06-22,LOC-045,3.7,39
2026-06-22,LOC-045,3.5,3
2026-06-23,LOC-045,4.2,11
2026-06-23,LOC-045,5.0,8
2026-06-24,LOC-045,3.0,11
2026-06-24,LOC-045,3.2,3
2026-06-24,LOC-045,4.1,26
2026-06-24,LOC-045,2.9,25
2026-06-26,LOC-045,4.0,21
2026-06-27,LOC-045,3.5,46
2026-06-28,LOC-045,3.8,7
2026-06-29,LOC-045,4.0,13
2026-06-29,LOC-045,3.4,33
2026-06-29,LOC-045,3.7,27
2026-06-29,LOC-045,3.6,9
2026-06-30,LOC-045,3.9,5
2026-01-01,LOC-046,4.7,18
2026-01-02,LOC-046,4.1,15
2026-01-02,LOC-046,4.2,11
2026-01-02,LOC-046,4.1,1
2026-01-02,LOC-046,4.0,18
2026-01-02,LOC-046,3.4,1
2026-01-02,LOC-046,4.5,18
2026-01-03,LOC-046,4.5,1
2026-01-03,LOC-046,4.5,44
2026-01-03,LOC-046,4.2,1
2026-01-05,LOC-046,4.6,11
2026-01-05,LOC-046,4.6,21
2026-01-05,LOC-046,4.7,47
2026-01-05,LOC-046,4.2,5
2026-01-06,LOC-046,3.3,25
2026-01-06,LOC-046,3.9,19
2026-01-07,LOC-046,4.0,31
2026-01-07,LOC-046,4.2,11
2026-01-07,LOC-046,4.1,7
2026-01-07,LOC-046,3.8,18
2026-01-08,LOC-046,3.9,6
2026-01-08,LOC-046,4.7,11
2026-01-08,LOC-046,4.0,10
2026-01-08,LOC-046,4.9,33
2026-01-08,LOC-046,4.1,5
2026-01-09,LOC-046,4.6,8
2026-01-09,LOC-046,4.0,1
2026-01-09,LOC-046,3.3,19
2026-01-09,LOC-046,4.3,11
2026-01-10,LOC-046,4.9,19
2026-01-10,LOC-046,4.1,6
2026-01-11,LOC-046,4.8,15
2026-01-11,LOC-046,3.7,18
2026-01-11,LOC-046,3.4,3
2026-01-12,LOC-046,3.4,11
2026-01-12,LOC-046,4.2,3
2026-01-12,LOC-046,4.8,1
2026-01-12,LOC-046,5.0,8
2026-01-12,LOC-046,4.0,7
2026-01-12,LOC-046,5.0,9
2026-01-13,LOC-046,4.6,9
2026-01-13,LOC-046,4.6,1
2026-01-13,LOC-046,4.5,9
2026-01-13,LOC-046,4.6,12
2026-01-13,LOC-046,4.3,7
2026-01-13,LOC-046,4.5,5
2026-01-13,LOC-046,3.7,25
2026-01-14,LOC-046,4.7,2
2026-01-14,LOC-046,4.0,4
2026-01-15,LOC-046,4.1,10
2026-01-15,LOC-046,3.7,4
2026-01-15,LOC-046,4.6,35
2026-01-16,LOC-046,4.8,37
2026-01-16,LOC-046,4.2,32
2026-01-16,LOC-046,5.0,22
2026-01-16,LOC-046,3.2,50
2026-01-16,LOC-046,4.6,1
2026-01-17,LOC-046,3.7,44
2026-01-18,LOC-046,4.1,7
2026-01-18,LOC-046,5.0,1
2026-01-18,LOC-046,5.0,8
2026-01-18,LOC-046,5.0,23
2026-01-18,LOC-046,3.1,63
2026-01-19,LOC-046,4.1,1
2026-01-20,LOC-046,4.4,3
2026-01-20,LOC-046,3.8,8
2026-01-21,LOC-046,4.7,44
2026-01-21,LOC-046,4.6,3
2026-01-21,LOC-046,4.2,5
2026-01-23,LOC-046,4.3,1
2026-01-23,LOC-046,4.4,7
2026-01-23,LOC-046,3.9,13
2026-01-24,LOC-046,3.9,15
2026-01-24,LOC-046,3.6,3
2026-01-25,LOC-046,4.5,16
2026-01-25,LOC-046,5.0,56
2026-01-26,LOC-046,4.3,28
2026-01-27,LOC-046,3.6,1
2026-01-27,LOC-046,4.1,3
2026-01-27,LOC-046,4.8,18
2026-01-28,LOC-046,3.9,54
2026-01-28,LOC-046,4.5,40
2026-01-28,LOC-046,4.8,46
2026-01-29,LOC-046,5.0,13
2026-01-29,LOC-046,4.1,3
2026-01-30,LOC-046,4.1,8
2026-01-30,LOC-046,4.2,23
2026-01-30,LOC-046,5.0,1
2026-01-30,LOC-046,4.8,18
2026-01-30,LOC-046,3.7,12
2026-01-31,LOC-046,4.4,17
2026-01-31,LOC-046,5.0,6
2026-02-01,LOC-046,4.5,16
2026-02-01,LOC-046,4.6,10
2026-02-01,LOC-046,3.8,10
2026-02-01,LOC-046,4.8,11
2026-02-01,LOC-046,4.5,16
2026-02-02,LOC-046,4.4,15
2026-02-02,LOC-046,5.0,36
2026-02-03,LOC-046,4.2,2
2026-02-04,LOC-046,4.1,29
2026-02-04,LOC-046,4.1,25
2026-02-04,LOC-046,4.5,5
2026-02-06,LOC-046,3.5,6
2026-02-06,LOC-046,4.9,3
2026-02-06,LOC-046,4.0,18
2026-02-07,LOC-046,4.2,2
2026-02-08,LOC-046,4.1,6
2026-02-08,LOC-046,4.2,2
2026-02-09,LOC-046,4.1,10
2026-02-09,LOC-046,3.9,10
2026-02-09,LOC-046,4.3,17
2026-02-09,LOC-046,4.9,24
2026-02-09,LOC-046,4.2,33
2026-02-10,LOC-046,4.2,30
2026-02-10,LOC-046,3.5,16
2026-02-11,LOC-046,4.7,2
2026-02-11,LOC-046,4.8,20
2026-02-12,LOC-046,4.3,40
2026-02-12,LOC-046,3.7,4
2026-02-12,LOC-046,5.0,1
2026-02-12,LOC-046,4.9,5
2026-02-12,LOC-046,3.8,24
2026-02-13,LOC-046,4.0,15
2026-02-13,LOC-046,4.5,1
2026-02-13,LOC-046,3.6,1
2026-02-13,LOC-046,4.7,12
2026-02-14,LOC-046,3.5,34
2026-02-14,LOC-046,5.0,1
2026-02-14,LOC-046,4.1,6
2026-02-14,LOC-046,4.7,28
2026-02-15,LOC-046,4.1,22
2026-02-16,LOC-046,4.3,37
2026-02-16,LOC-046,3.9,1
2026-02-17,LOC-046,3.8,4
2026-02-17,LOC-046,4.5,1
2026-02-17,LOC-046,4.8,5
2026-02-17,LOC-046,4.2,7
2026-02-17,LOC-046,5.0,7
2026-02-17,LOC-046,3.7,32
2026-02-17,LOC-046,3.9,6
2026-02-18,LOC-046,4.9,3
2026-02-18,LOC-046,3.8,19
2026-02-18,LOC-046,3.9,8
2026-02-18,LOC-046,4.2,1
2026-02-18,LOC-046,4.6,32
2026-02-19,LOC-046,3.9,13
2026-02-19,LOC-046,4.3,53
2026-02-19,LOC-046,4.5,12
2026-02-20,LOC-046,4.2,21
2026-02-20,LOC-046,5.0,11
2026-02-20,LOC-046,4.6,15
2026-02-20,LOC-046,5.0,18
2026-02-20,LOC-046,3.6,11
2026-02-20,LOC-046,4.9,9
2026-02-21,LOC-046,5.0,5
2026-02-21,LOC-046,4.9,55
2026-02-22,LOC-046,4.7,10
2026-02-23,LOC-046,5.0,30
2026-02-23,LOC-046,4.7,1
2026-02-23,LOC-046,3.8,3
2026-02-24,LOC-046,4.7,7
2026-02-24,LOC-046,4.6,41
2026-02-25,LOC-046,4.5,64
2026-02-25,LOC-046,4.6,5
2026-02-25,LOC-046,3.6,1
2026-02-26,LOC-046,4.5,1
2026-02-26,LOC-046,4.0,21
2026-02-26,LOC-046,3.8,5
2026-02-27,LOC-046,5.0,36
2026-02-27,LOC-046,5.0,24
2026-02-27,LOC-046,4.5,51
2026-02-27,LOC-046,4.3,1
2026-02-28,LOC-046,4.5,50
2026-02-28,LOC-046,5.0,1
2026-02-28,LOC-046,4.3,14
2026-03-01,LOC-046,3.6,2
2026-03-01,LOC-046,4.5,18
2026-03-01,LOC-046,4.4,3
2026-03-02,LOC-046,3.8,64
2026-03-02,LOC-046,4.1,8
2026-03-02,LOC-046,5.0,3
2026-03-02,LOC-046,3.3,9
2026-03-03,LOC-046,3.6,9
2026-03-03,LOC-046,4.2,1
2026-03-04,LOC-046,4.3,24
2026-03-04,LOC-046,3.6,13
2026-03-05,LOC-046,4.8,11
2026-03-05,LOC-046,4.1,1
2026-03-05,LOC-046,4.4,7
2026-03-06,LOC-046,4.8,23
2026-03-06,LOC-046,5.0,44
2026-03-06,LOC-046,3.7,31
2026-03-07,LOC-046,4.0,12
2026-03-07,LOC-046,4.1,11
2026-03-07,LOC-046,4.3,3
2026-03-08,LOC-046,3.0,5
2026-03-08,LOC-046,4.4,4
2026-03-09,LOC-046,4.8,43
2026-03-09,LOC-046,3.9,18
2026-03-09,LOC-046,4.6,19
2026-03-09,LOC-046,4.1,3
2026-03-10,LOC-046,4.8,15
2026-03-10,LOC-046,4.3,16
2026-03-10,LOC-046,4.2,16
2026-03-10,LOC-046,4.6,41
2026-03-10,LOC-046,5.0,20
2026-03-11,LOC-046,4.5,11
2026-03-12,LOC-046,3.9,15
2026-03-12,LOC-046,3.6,36
2026-03-12,LOC-046,4.5,35
2026-03-12,LOC-046,4.2,8
2026-03-13,LOC-046,4.6,17
2026-03-13,LOC-046,3.6,39
2026-03-13,LOC-046,3.8,41
2026-03-13,LOC-046,4.4,23
2026-03-14,LOC-046,4.3,1
2026-03-14,LOC-046,4.5,3
2026-03-14,LOC-046,3.8,4
2026-03-15,LOC-046,2.9,12
2026-03-15,LOC-046,4.6,15
2026-03-15,LOC-046,4.4,2
2026-03-15,LOC-046,4.5,19
2026-03-15,LOC-046,4.3,11
2026-03-15,LOC-046,4.7,1
2026-03-16,LOC-046,4.4,38
2026-03-17,LOC-046,4.4,3
2026-03-17,LOC-046,4.7,33
2026-03-17,LOC-046,4.4,29
2026-03-17,LOC-046,4.6,2
2026-03-17,LOC-046,3.9,11
2026-03-18,LOC-046,5.0,1
2026-03-18,LOC-046,4.3,11
2026-03-18,LOC-046,4.7,19
2026-03-18,LOC-046,4.3,1
2026-03-18,LOC-046,5.0,1
2026-03-19,LOC-046,3.5,28
2026-03-19,LOC-046,3.6,2
2026-03-19,LOC-046,4.0,65
2026-03-19,LOC-046,4.0,3
2026-03-21,LOC-046,4.6,45
2026-03-22,LOC-046,4.7,1
2026-03-22,LOC-046,4.2,9
2026-03-22,LOC-046,4.0,16
2026-03-23,LOC-046,5.0,13
2026-03-23,LOC-046,4.4,4
2026-03-23,LOC-046,5.0,30
2026-03-23,LOC-046,3.6,13
2026-03-23,LOC-046,3.4,3
2026-03-24,LOC-046,3.4,1
2026-03-24,LOC-046,4.3,26
2026-03-24,LOC-046,4.6,10
2026-03-25,LOC-046,3.9,1
2026-03-25,LOC-046,4.7,2
2026-03-25,LOC-046,4.3,23
2026-03-25,LOC-046,3.9,14
2026-03-26,LOC-046,4.4,21
2026-03-26,LOC-046,4.1,1
2026-03-26,LOC-046,4.2,21
2026-03-27,LOC-046,4.5,15
2026-03-27,LOC-046,5.0,41
2026-03-27,LOC-046,5.0,5
2026-03-28,LOC-046,4.8,12
2026-03-28,LOC-046,3.9,15
2026-03-28,LOC-046,5.0,1
2026-03-28,LOC-046,4.0,13
2026-03-28,LOC-046,3.8,9
2026-03-29,LOC-046,3.9,4
2026-03-29,LOC-046,5.0,14
2026-03-29,LOC-046,4.1,28
2026-03-30,LOC-046,4.2,13
2026-03-30,LOC-046,4.9,44
2026-03-30,LOC-046,5.0,37
2026-03-31,LOC-046,4.1,9
2026-03-31,LOC-046,3.9,24
2026-03-31,LOC-046,5.0,19
2026-04-01,LOC-046,4.1,19
2026-04-01,LOC-046,4.8,11
2026-04-01,LOC-046,4.5,20
2026-04-01,LOC-046,3.6,9
2026-04-01,LOC-046,4.3,1
2026-04-01,LOC-046,4.0,17
2026-04-02,LOC-046,5.0,30
2026-04-03,LOC-046,3.7,1
2026-04-03,LOC-046,3.8,12
2026-04-03,LOC-046,4.3,1
2026-04-04,LOC-046,3.2,7
2026-04-04,LOC-046,4.8,12
2026-04-05,LOC-046,5.0,30
2026-04-05,LOC-046,4.5,38
2026-04-06,LOC-046,4.6,20
2026-04-06,LOC-046,4.9,10
2026-04-06,LOC-046,4.3,7
2026-04-06,LOC-046,4.3,4
2026-04-06,LOC-046,4.6,9
2026-04-06,LOC-046,4.3,9
2026-04-07,LOC-046,4.1,37
2026-04-07,LOC-046,4.4,9
2026-04-08,LOC-046,4.3,4
2026-04-09,LOC-046,4.6,3
2026-04-09,LOC-046,4.7,15
2026-04-09,LOC-046,4.3,49
2026-04-11,LOC-046,4.4,58
2026-04-11,LOC-046,4.6,1
2026-04-12,LOC-046,4.1,33
2026-04-12,LOC-046,5.0,15
2026-04-12,LOC-046,5.0,9
2026-04-13,LOC-046,4.4,5
2026-04-13,LOC-046,4.4,16
2026-04-13,LOC-046,4.4,6
2026-04-13,LOC-046,4.5,13
2026-04-13,LOC-046,4.7,5
2026-04-13,LOC-046,4.0,10
2026-04-14,LOC-046,4.4,16
2026-04-14,LOC-046,3.5,21
2026-04-15,LOC-046,4.2,8
2026-04-15,LOC-046,5.0,22
2026-04-15,LOC-046,3.9,30
2026-04-16,LOC-046,4.3,15
2026-04-16,LOC-046,4.0,14
2026-04-16,LOC-046,4.2,14
2026-04-16,LOC-046,4.7,2
2026-04-16,LOC-046,4.5,7
2026-04-19,LOC-046,4.0,23
2026-04-19,LOC-046,4.1,3
2026-04-19,LOC-046,4.1,27
2026-04-19,LOC-046,4.1,13
2026-04-20,LOC-046,3.2,31
2026-04-20,LOC-046,4.8,10
2026-04-20,LOC-046,4.0,1
2026-04-21,LOC-046,5.0,10
2026-04-21,LOC-046,4.5,24
2026-04-21,LOC-046,4.2,1
2026-04-22,LOC-046,4.1,1
2026-04-22,LOC-046,4.2,2
2026-04-23,LOC-046,3.0,5
2026-04-23,LOC-046,4.6,19
2026-04-23,LOC-046,3.9,1
2026-04-24,LOC-046,4.3,11
2026-04-24,LOC-046,4.6,13
2026-04-24,LOC-046,4.3,8
2026-04-25,LOC-046,3.4,1
2026-04-25,LOC-046,4.2,1
2026-04-26,LOC-046,5.0,8
2026-04-26,LOC-046,4.5,44
2026-04-26,LOC-046,4.6,11
2026-04-27,LOC-046,4.7,9
2026-04-27,LOC-046,3.5,1
2026-04-27,LOC-046,4.2,27
2026-04-27,LOC-046,3.7,10
2026-04-28,LOC-046,4.3,21
2026-04-29,LOC-046,4.4,7
2026-04-30,LOC-046,5.0,9
2026-04-30,LOC-046,5.0,4
2026-04-30,LOC-046,3.8,6
2026-04-30,LOC-046,4.3,5
2026-04-30,LOC-046,4.3,33
2026-04-30,LOC-046,4.5,36
2026-04-30,LOC-046,4.3,29
2026-05-01,LOC-046,4.4,12
2026-05-01,LOC-046,4.8,3
2026-05-01,LOC-046,4.6,19
2026-05-02,LOC-046,4.0,60
2026-05-02,LOC-046,3.8,49
2026-05-02,LOC-046,3.5,4
2026-05-02,LOC-046,4.1,7
2026-05-03,LOC-046,4.7,2
2026-05-03,LOC-046,4.1,5
2026-05-04,LOC-046,4.2,31
2026-05-04,LOC-046,4.7,8
2026-05-05,LOC-046,4.7,1
2026-05-05,LOC-046,3.8,1
2026-05-06,LOC-046,4.3,8
2026-05-06,LOC-046,5.0,3
2026-05-06,LOC-046,4.1,2
2026-05-06,LOC-046,3.6,6
2026-05-07,LOC-046,4.0,17
2026-05-07,LOC-046,4.5,63
2026-05-07,LOC-046,4.0,1
2026-05-07,LOC-046,5.0,51
2026-05-08,LOC-046,3.8,79
2026-05-08,LOC-046,4.7,12
2026-05-08,LOC-046,5.0,10
2026-05-08,LOC-046,4.4,1
2026-05-08,LOC-046,4.7,1
2026-05-09,LOC-046,4.1,8
2026-05-09,LOC-046,3.9,8
2026-05-09,LOC-046,3.8,5
2026-05-09,LOC-046,3.8,36
2026-05-09,LOC-046,4.0,33
2026-05-10,LOC-046,4.6,1
2026-05-10,LOC-046,3.4,1
2026-05-11,LOC-046,4.4,20
2026-05-11,LOC-046,5.0,1
2026-05-12,LOC-046,4.2,28
2026-05-12,LOC-046,4.8,10
2026-05-12,LOC-046,4.1,27
2026-05-12,LOC-046,4.6,14
2026-05-13,LOC-046,4.9,41
2026-05-13,LOC-046,5.0,12
2026-05-13,LOC-046,4.2,13
2026-05-14,LOC-046,3.5,2
2026-05-14,LOC-046,4.2,19
2026-05-14,LOC-046,5.0,1
2026-05-14,LOC-046,4.9,7
2026-05-14,LOC-046,4.6,5
2026-05-15,LOC-046,3.6,13
2026-05-15,LOC-046,4.4,3
2026-05-15,LOC-046,4.0,8
2026-05-15,LOC-046,3.8,2
2026-05-16,LOC-046,4.6,11
2026-05-16,LOC-046,4.3,8
2026-05-16,LOC-046,4.7,4
2026-05-16,LOC-046,5.0,7
2026-05-16,LOC-046,5.0,3
2026-05-17,LOC-046,3.9,12
2026-05-17,LOC-046,3.9,1
2026-05-17,LOC-046,4.7,29
2026-05-17,LOC-046,4.5,30
2026-05-17,LOC-046,4.7,1
2026-05-18,LOC-046,3.8,22
2026-05-18,LOC-046,4.3,37
2026-05-19,LOC-046,4.4,4
2026-05-20,LOC-046,4.7,23
2026-05-20,LOC-046,4.2,41
2026-05-20,LOC-046,4.9,1
2026-05-20,LOC-046,4.0,8
2026-05-20,LOC-046,4.5,3
2026-05-20,LOC-046,4.6,13
2026-05-20,LOC-046,3.7,30
2026-05-21,LOC-046,4.8,10
2026-05-21,LOC-046,5.0,68
2026-05-22,LOC-046,4.8,17
2026-05-23,LOC-046,3.9,23
2026-05-23,LOC-046,4.7,16
2026-05-24,LOC-046,4.1,1
2026-05-24,LOC-046,4.8,3
2026-05-24,LOC-046,4.7,1
2026-05-25,LOC-046,5.0,3
2026-05-25,LOC-046,4.8,25
2026-05-26,LOC-046,5.0,32
2026-05-27,LOC-046,4.3,4
2026-05-27,LOC-046,4.3,8
2026-05-27,LOC-046,4.0,8
2026-05-27,LOC-046,4.4,2
2026-05-29,LOC-046,4.4,2
2026-05-30,LOC-046,3.3,53
2026-05-30,LOC-046,4.2,4
2026-05-30,LOC-046,3.9,3
2026-05-30,LOC-046,3.9,6
2026-05-30,LOC-046,5.0,18
2026-05-31,LOC-046,4.2,30
2026-05-31,LOC-046,3.3,81
2026-06-01,LOC-046,4.6,13
2026-06-01,LOC-046,3.8,14
2026-06-01,LOC-046,3.9,7
2026-06-01,LOC-046,3.9,13
2026-06-01,LOC-046,4.4,8
2026-06-02,LOC-046,4.3,2
2026-06-02,LOC-046,3.9,35
2026-06-02,LOC-046,4.3,17
2026-06-02,LOC-046,4.2,6
2026-06-02,LOC-046,4.1,27
2026-06-02,LOC-046,4.4,1
2026-06-02,LOC-046,4.2,29
2026-06-03,LOC-046,4.3,7
2026-06-03,LOC-046,4.9,6
2026-06-04,LOC-046,4.7,11
2026-06-04,LOC-046,3.8,1
2026-06-04,LOC-046,4.1,15
2026-06-05,LOC-046,4.7,39
2026-06-06,LOC-046,4.9,1
2026-06-06,LOC-046,4.1,16
2026-06-06,LOC-046,4.2,5
2026-06-07,LOC-046,4.2,3
2026-06-07,LOC-046,4.0,3
2026-06-08,LOC-046,4.4,26
2026-06-08,LOC-046,4.5,14
2026-06-08,LOC-046,4.4,6
2026-06-09,LOC-046,4.7,87
2026-06-09,LOC-046,4.6,2
2026-06-10,LOC-046,4.8,8
2026-06-10,LOC-046,4.8,25
2026-06-10,LOC-046,4.7,11
2026-06-11,LOC-046,4.3,23
2026-06-11,LOC-046,4.6,20
2026-06-11,LOC-046,4.8,2
2026-06-11,LOC-046,4.4,5
2026-06-11,LOC-046,4.1,5
2026-06-12,LOC-046,4.7,36
2026-06-12,LOC-046,5.0,15
2026-06-12,LOC-046,4.8,1
2026-06-12,LOC-046,4.3,33
2026-06-13,LOC-046,5.0,2
2026-06-14,LOC-046,2.5,14
2026-06-14,LOC-046,4.0,31
2026-06-15,LOC-046,4.5,5
2026-06-15,LOC-046,5.0,5
2026-06-15,LOC-046,4.6,31
2026-06-15,LOC-046,4.2,30
2026-06-16,LOC-046,4.9,1
2026-06-16,LOC-046,4.8,52
2026-06-17,LOC-046,4.3,19
2026-06-17,LOC-046,4.5,5
2026-06-17,LOC-046,4.1,9
2026-06-17,LOC-046,4.5,3
2026-06-18,LOC-046,5.0,13
2026-06-19,LOC-046,5.0,12
2026-06-20,LOC-046,4.9,17
2026-06-20,LOC-046,3.9,8
2026-06-20,LOC-046,4.6,1
2026-06-21,LOC-046,5.0,14
2026-06-21,LOC-046,4.0,25
2026-06-22,LOC-046,4.5,5
2026-06-22,LOC-046,4.7,2
2026-06-22,LOC-046,4.4,2
2026-06-22,LOC-046,4.7,23
2026-06-22,LOC-046,4.5,30
2026-06-22,LOC-046,4.4,20
2026-06-23,LOC-046,4.3,16
2026-06-23,LOC-046,4.1,26
2026-06-23,LOC-046,4.3,32
2026-06-24,LOC-046,3.8,15
2026-06-24,LOC-046,3.7,7
2026-06-24,LOC-046,4.7,6
2026-06-25,LOC-046,3.5,7
2026-06-25,LOC-046,5.0,25
2026-06-25,LOC-046,4.3,85
2026-06-25,LOC-046,4.2,22
2026-06-25,LOC-046,3.6,27
2026-06-25,LOC-046,4.1,35
2026-06-27,LOC-046,4.8,11
2026-06-28,LOC-046,4.4,17
2026-06-28,LOC-046,3.8,39
2026-06-28,LOC-046,4.2,7
2026-06-28,LOC-046,4.8,25
2026-06-29,LOC-046,4.9,1
2026-06-29,LOC-046,4.9,30
2026-06-29,LOC-046,4.7,14
2026-06-29,LOC-046,4.5,15
2026-06-29,LOC-046,5.0,7
2026-06-30,LOC-046,4.5,3
2026-06-30,LOC-046,4.8,1
2026-06-30,LOC-046,5.0,4
2026-06-30,LOC-046,4.6,11
2026-01-01,LOC-047,3.6,3
2026-01-01,LOC-047,5.0,5
2026-01-02,LOC-047,4.3,5
2026-01-02,LOC-047,4.4,30
2026-01-02,LOC-047,4.2,4
2026-01-02,LOC-047,4.1,5
2026-01-02,LOC-047,4.6,8
2026-01-02,LOC-047,4.0,3
2026-01-03,LOC-047,4.4,5
2026-01-03,LOC-047,4.5,59
2026-01-03,LOC-047,4.2,6
2026-01-04,LOC-047,4.6,1
2026-01-04,LOC-047,4.3,4
2026-01-04,LOC-047,4.0,49
2026-01-04,LOC-047,4.3,5
2026-01-04,LOC-047,4.3,2
2026-01-05,LOC-047,4.6,7
2026-01-05,LOC-047,4.7,9
2026-01-05,LOC-047,3.7,1
2026-01-05,LOC-047,4.3,10
2026-01-05,LOC-047,4.4,4
2026-01-05,LOC-047,4.5,1
2026-01-06,LOC-047,3.9,8
2026-01-06,LOC-047,3.8,5
2026-01-06,LOC-047,4.5,6
2026-01-07,LOC-047,3.7,6
2026-01-07,LOC-047,4.7,4
2026-01-07,LOC-047,4.6,14
2026-01-07,LOC-047,4.5,2
2026-01-08,LOC-047,3.7,24
2026-01-08,LOC-047,3.9,33
2026-01-09,LOC-047,4.7,7
2026-01-09,LOC-047,3.8,46
2026-01-09,LOC-047,4.1,30
2026-01-09,LOC-047,3.6,12
2026-01-10,LOC-047,3.9,43
2026-01-10,LOC-047,4.5,7
2026-01-10,LOC-047,3.2,1
2026-01-10,LOC-047,5.0,7
2026-01-10,LOC-047,4.9,2
2026-01-11,LOC-047,4.7,23
2026-01-11,LOC-047,4.2,9
2026-01-11,LOC-047,4.4,3
2026-01-11,LOC-047,4.3,13
2026-01-13,LOC-047,4.9,46
2026-01-13,LOC-047,3.6,1
2026-01-13,LOC-047,4.0,42
2026-01-13,LOC-047,4.7,20
2026-01-14,LOC-047,4.5,15
2026-01-15,LOC-047,3.9,19
2026-01-15,LOC-047,3.7,5
2026-01-16,LOC-047,3.8,14
2026-01-16,LOC-047,4.3,9
2026-01-16,LOC-047,4.5,13
2026-01-16,LOC-047,4.8,5
2026-01-16,LOC-047,3.5,12
2026-01-16,LOC-047,3.9,25
2026-01-17,LOC-047,4.1,11
2026-01-17,LOC-047,3.7,25
2026-01-18,LOC-047,4.6,20
2026-01-18,LOC-047,4.1,14
2026-01-18,LOC-047,4.3,40
2026-01-18,LOC-047,4.1,8
2026-01-18,LOC-047,4.7,33
2026-01-19,LOC-047,4.2,1
2026-01-20,LOC-047,4.2,10
2026-01-20,LOC-047,3.8,5
2026-01-20,LOC-047,4.7,9
2026-01-21,LOC-047,3.8,5
2026-01-21,LOC-047,3.3,12
2026-01-22,LOC-047,4.3,19
2026-01-22,LOC-047,4.7,37
2026-01-22,LOC-047,4.8,4
2026-01-22,LOC-047,4.9,5
2026-01-22,LOC-047,3.8,2
2026-01-22,LOC-047,3.4,2
2026-01-23,LOC-047,4.3,17
2026-01-24,LOC-047,4.6,21
2026-01-24,LOC-047,4.4,10
2026-01-24,LOC-047,5.0,8
2026-01-25,LOC-047,4.6,8
2026-01-26,LOC-047,4.2,46
2026-01-27,LOC-047,3.3,4
2026-01-27,LOC-047,4.1,4
2026-01-28,LOC-047,4.1,28
2026-01-28,LOC-047,4.4,32
2026-01-28,LOC-047,4.4,11
2026-01-28,LOC-047,3.7,2
2026-01-28,LOC-047,4.3,13
2026-01-28,LOC-047,3.7,14
2026-01-28,LOC-047,4.8,3
2026-01-28,LOC-047,5.0,10
2026-01-29,LOC-047,3.4,13
2026-01-29,LOC-047,5.0,15
2026-01-29,LOC-047,3.9,9
2026-01-29,LOC-047,4.5,27
2026-01-30,LOC-047,4.8,23
2026-01-30,LOC-047,3.6,12
2026-01-30,LOC-047,3.7,2
2026-01-30,LOC-047,5.0,4
2026-01-31,LOC-047,4.0,2
2026-01-31,LOC-047,4.6,5
2026-01-31,LOC-047,3.5,27
2026-02-01,LOC-047,3.8,3
2026-02-01,LOC-047,4.0,30
2026-02-01,LOC-047,4.3,3
2026-02-01,LOC-047,4.1,26
2026-02-02,LOC-047,3.6,8
2026-02-02,LOC-047,3.3,1
2026-02-03,LOC-047,4.1,9
2026-02-03,LOC-047,4.9,1
2026-02-04,LOC-047,4.0,59
2026-02-05,LOC-047,3.4,17
2026-02-06,LOC-047,4.7,7
2026-02-06,LOC-047,4.5,8
2026-02-07,LOC-047,3.9,14
2026-02-08,LOC-047,4.6,34
2026-02-08,LOC-047,4.1,4
2026-02-08,LOC-047,4.1,27
2026-02-08,LOC-047,4.1,1
2026-02-08,LOC-047,4.6,23
2026-02-09,LOC-047,4.5,29
2026-02-09,LOC-047,4.0,1
2026-02-09,LOC-047,4.7,19
2026-02-10,LOC-047,3.7,13
2026-02-10,LOC-047,4.1,11
2026-02-10,LOC-047,4.0,8
2026-02-10,LOC-047,4.5,17
2026-02-11,LOC-047,3.9,2
2026-02-11,LOC-047,3.7,3
2026-02-11,LOC-047,4.2,30
2026-02-12,LOC-047,3.1,18
2026-02-12,LOC-047,4.6,7
2026-02-13,LOC-047,4.3,45
2026-02-13,LOC-047,4.5,21
2026-02-13,LOC-047,3.9,13
2026-02-13,LOC-047,4.6,9
2026-02-14,LOC-047,3.8,3
2026-02-15,LOC-047,3.6,1
2026-02-15,LOC-047,3.6,10
2026-02-16,LOC-047,3.8,5
2026-02-16,LOC-047,4.1,6
2026-02-16,LOC-047,4.1,23
2026-02-17,LOC-047,5.0,1
2026-02-17,LOC-047,4.1,7
2026-02-17,LOC-047,4.6,18
2026-02-17,LOC-047,4.6,1
2026-02-17,LOC-047,3.4,14
2026-02-17,LOC-047,3.8,1
2026-02-18,LOC-047,3.9,8
2026-02-18,LOC-047,4.6,7
2026-02-18,LOC-047,4.5,8
2026-02-18,LOC-047,4.0,1
2026-02-19,LOC-047,4.0,6
2026-02-19,LOC-047,4.6,19
2026-02-19,LOC-047,3.9,2
2026-02-20,LOC-047,4.5,1
2026-02-20,LOC-047,4.3,3
2026-02-20,LOC-047,4.2,41
2026-02-20,LOC-047,4.1,18
2026-02-21,LOC-047,4.3,12
2026-02-21,LOC-047,3.9,12
2026-02-21,LOC-047,4.1,3
2026-02-22,LOC-047,4.8,5
2026-02-22,LOC-047,4.4,30
2026-02-22,LOC-047,3.9,9
2026-02-23,LOC-047,4.1,3
2026-02-23,LOC-047,4.1,1
2026-02-23,LOC-047,4.2,41
2026-02-25,LOC-047,4.2,2
2026-02-25,LOC-047,4.6,15
2026-02-25,LOC-047,3.8,8
2026-02-26,LOC-047,4.3,18
2026-02-26,LOC-047,3.6,100
2026-02-27,LOC-047,3.8,32
2026-02-27,LOC-047,4.5,25
2026-02-27,LOC-047,4.4,11
2026-02-27,LOC-047,4.6,25
2026-02-27,LOC-047,4.1,5
2026-02-28,LOC-047,3.6,9
2026-02-28,LOC-047,4.3,11
2026-02-28,LOC-047,4.4,11
2026-03-01,LOC-047,5.0,5
2026-03-01,LOC-047,4.6,1
2026-03-01,LOC-047,4.5,8
2026-03-01,LOC-047,4.7,1
2026-03-01,LOC-047,5.0,7
2026-03-02,LOC-047,3.9,28
2026-03-03,LOC-047,4.1,1
2026-03-03,LOC-047,4.0,7
2026-03-03,LOC-047,4.2,13
2026-03-03,LOC-047,4.2,17
2026-03-04,LOC-047,4.7,9
2026-03-04,LOC-047,3.9,2
2026-03-04,LOC-047,5.0,1
2026-03-04,LOC-047,4.1,6
2026-03-04,LOC-047,4.3,11
2026-03-04,LOC-047,4.0,1
2026-03-05,LOC-047,4.0,17
2026-03-05,LOC-047,4.2,22
2026-03-06,LOC-047,4.1,8
2026-03-06,LOC-047,4.6,5
2026-03-06,LOC-047,4.2,12
2026-03-06,LOC-047,4.8,24
2026-03-07,LOC-047,4.3,1
2026-03-07,LOC-047,3.5,6
2026-03-07,LOC-047,3.9,12
2026-03-08,LOC-047,3.4,8
2026-03-08,LOC-047,3.3,4
2026-03-09,LOC-047,4.2,15
2026-03-09,LOC-047,3.7,6
2026-03-09,LOC-047,4.8,22
2026-03-10,LOC-047,3.6,4
2026-03-11,LOC-047,3.6,30
2026-03-11,LOC-047,4.3,18
2026-03-12,LOC-047,3.8,62
2026-03-12,LOC-047,4.4,17
2026-03-12,LOC-047,4.6,3
2026-03-13,LOC-047,4.1,6
2026-03-13,LOC-047,4.1,2
2026-03-13,LOC-047,4.2,1
2026-03-14,LOC-047,4.1,11
2026-03-14,LOC-047,4.2,50
2026-03-14,LOC-047,4.0,2
2026-03-15,LOC-047,4.1,1
2026-03-15,LOC-047,4.5,11
2026-03-16,LOC-047,3.4,18
2026-03-16,LOC-047,3.9,1
2026-03-16,LOC-047,4.9,27
2026-03-17,LOC-047,3.9,20
2026-03-17,LOC-047,4.4,5
2026-03-17,LOC-047,3.6,1
2026-03-17,LOC-047,4.7,24
2026-03-17,LOC-047,3.7,19
2026-03-17,LOC-047,3.6,3
2026-03-18,LOC-047,3.1,1
2026-03-18,LOC-047,4.7,19
2026-03-18,LOC-047,4.1,43
2026-03-19,LOC-047,3.9,10
2026-03-19,LOC-047,2.9,6
2026-03-20,LOC-047,4.4,3
2026-03-21,LOC-047,5.0,6
2026-03-21,LOC-047,4.2,15
2026-03-21,LOC-047,4.6,3
2026-03-22,LOC-047,4.5,8
2026-03-22,LOC-047,4.7,1
2026-03-22,LOC-047,4.6,5
2026-03-23,LOC-047,3.9,21
2026-03-23,LOC-047,4.0,1
2026-03-24,LOC-047,4.1,3
2026-03-24,LOC-047,4.5,10
2026-03-24,LOC-047,2.7,10
2026-03-24,LOC-047,3.9,24
2026-03-24,LOC-047,3.4,1
2026-03-25,LOC-047,3.9,36
2026-03-25,LOC-047,3.8,20
2026-03-25,LOC-047,4.8,9
2026-03-25,LOC-047,4.1,44
2026-03-26,LOC-047,4.1,1
2026-03-26,LOC-047,4.7,20
2026-03-26,LOC-047,3.8,8
2026-03-27,LOC-047,4.5,71
2026-03-27,LOC-047,4.3,1
2026-03-27,LOC-047,4.1,2
2026-03-27,LOC-047,4.5,26
2026-03-27,LOC-047,4.2,10
2026-03-28,LOC-047,4.7,4
2026-03-28,LOC-047,3.9,17
2026-03-28,LOC-047,5.0,18
2026-03-28,LOC-047,4.2,19
2026-03-28,LOC-047,5.0,12
2026-03-28,LOC-047,4.5,18
2026-03-28,LOC-047,5.0,3
2026-03-29,LOC-047,4.3,31
2026-03-30,LOC-047,3.5,2
2026-03-30,LOC-047,2.9,2
2026-03-30,LOC-047,4.6,11
2026-04-01,LOC-047,3.9,13
2026-04-01,LOC-047,3.4,7
2026-04-01,LOC-047,5.0,16
2026-04-01,LOC-047,4.0,2
2026-04-01,LOC-047,4.4,1
2026-04-02,LOC-047,5.0,16
2026-04-02,LOC-047,4.2,17
2026-04-02,LOC-047,3.2,74
2026-04-02,LOC-047,4.0,1
2026-04-02,LOC-047,3.8,25
2026-04-03,LOC-047,4.2,5
2026-04-03,LOC-047,5.0,21
2026-04-03,LOC-047,3.9,11
2026-04-03,LOC-047,4.2,16
2026-04-04,LOC-047,4.7,33
2026-04-04,LOC-047,3.0,2
2026-04-04,LOC-047,4.3,24
2026-04-04,LOC-047,4.6,15
2026-04-04,LOC-047,4.3,12
2026-04-05,LOC-047,3.6,1
2026-04-05,LOC-047,3.6,12
2026-04-05,LOC-047,5.0,18
2026-04-05,LOC-047,4.7,20
2026-04-05,LOC-047,3.9,20
2026-04-05,LOC-047,4.2,12
2026-04-06,LOC-047,5.0,10
2026-04-06,LOC-047,3.7,31
2026-04-07,LOC-047,4.3,30
2026-04-07,LOC-047,3.5,1
2026-04-07,LOC-047,5.0,78
2026-04-07,LOC-047,5.0,1
2026-04-07,LOC-047,4.0,1
2026-04-07,LOC-047,4.6,60
2026-04-07,LOC-047,4.2,33
2026-04-08,LOC-047,3.1,4
2026-04-08,LOC-047,5.0,1
2026-04-08,LOC-047,4.3,2
2026-04-08,LOC-047,3.9,17
2026-04-09,LOC-047,3.7,9
2026-04-09,LOC-047,4.2,55
2026-04-10,LOC-047,3.9,36
2026-04-10,LOC-047,4.3,5
2026-04-11,LOC-047,4.2,1
2026-04-12,LOC-047,3.8,36
2026-04-12,LOC-047,4.8,1
2026-04-12,LOC-047,4.5,2
2026-04-13,LOC-047,5.0,1
2026-04-13,LOC-047,3.7,4
2026-04-13,LOC-047,3.9,8
2026-04-14,LOC-047,4.9,5
2026-04-14,LOC-047,4.4,7
2026-04-14,LOC-047,3.7,21
2026-04-14,LOC-047,4.3,14
2026-04-14,LOC-047,4.3,36
2026-04-15,LOC-047,4.5,1
2026-04-15,LOC-047,4.8,8
2026-04-15,LOC-047,4.7,4
2026-04-15,LOC-047,4.7,36
2026-04-16,LOC-047,4.6,11
2026-04-17,LOC-047,4.5,50
2026-04-17,LOC-047,3.9,7
2026-04-17,LOC-047,4.0,1
2026-04-17,LOC-047,4.1,12
2026-04-17,LOC-047,4.9,16
2026-04-18,LOC-047,4.2,29
2026-04-18,LOC-047,4.4,4
2026-04-18,LOC-047,4.2,6
2026-04-18,LOC-047,4.3,2
2026-04-18,LOC-047,5.0,35
2026-04-19,LOC-047,4.0,2
2026-04-19,LOC-047,3.6,7
2026-04-19,LOC-047,3.6,41
2026-04-19,LOC-047,4.7,38
2026-04-20,LOC-047,5.0,3
2026-04-20,LOC-047,3.7,11
2026-04-20,LOC-047,3.6,24
2026-04-20,LOC-047,5.0,5
2026-04-21,LOC-047,3.9,22
2026-04-21,LOC-047,4.7,5
2026-04-21,LOC-047,4.6,1
2026-04-22,LOC-047,4.5,34
2026-04-22,LOC-047,4.6,4
2026-04-22,LOC-047,4.2,1
2026-04-22,LOC-047,4.1,5
2026-04-23,LOC-047,4.5,35
2026-04-23,LOC-047,3.5,1
2026-04-23,LOC-047,4.2,22
2026-04-23,LOC-047,4.4,2
2026-04-24,LOC-047,4.6,1
2026-04-24,LOC-047,3.6,12
2026-04-24,LOC-047,4.5,1
2026-04-25,LOC-047,3.9,1
2026-04-25,LOC-047,5.0,10
2026-04-25,LOC-047,2.7,12
2026-04-25,LOC-047,4.3,44
2026-04-25,LOC-047,3.7,1
2026-04-26,LOC-047,4.4,18
2026-04-26,LOC-047,4.8,25
2026-04-26,LOC-047,4.4,1
2026-04-26,LOC-047,4.5,29
2026-04-27,LOC-047,4.0,22
2026-04-27,LOC-047,3.8,1
2026-04-27,LOC-047,4.3,13
2026-04-27,LOC-047,5.0,18
2026-04-27,LOC-047,4.2,19
2026-04-27,LOC-047,3.2,1
2026-04-28,LOC-047,4.2,12
2026-04-28,LOC-047,3.8,14
2026-04-28,LOC-047,4.9,36
2026-04-28,LOC-047,4.7,9
2026-04-28,LOC-047,4.1,51
2026-04-28,LOC-047,4.0,14
2026-04-29,LOC-047,5.0,16
2026-04-30,LOC-047,4.3,24
2026-04-30,LOC-047,4.6,22
2026-05-01,LOC-047,4.5,18
2026-05-01,LOC-047,3.6,3
2026-05-01,LOC-047,3.8,32
2026-05-02,LOC-047,4.7,3
2026-05-02,LOC-047,4.1,9
2026-05-03,LOC-047,3.2,28
2026-05-03,LOC-047,3.7,6
2026-05-03,LOC-047,4.4,1
2026-05-03,LOC-047,4.4,5
2026-05-04,LOC-047,4.1,30
2026-05-04,LOC-047,4.2,35
2026-05-04,LOC-047,4.6,2
2026-05-05,LOC-047,4.5,5
2026-05-05,LOC-047,4.3,2
2026-05-05,LOC-047,4.2,15
2026-05-05,LOC-047,3.8,1
2026-05-06,LOC-047,4.2,1
2026-05-06,LOC-047,4.5,53
2026-05-07,LOC-047,3.4,2
2026-05-07,LOC-047,4.6,38
2026-05-07,LOC-047,4.8,1
2026-05-08,LOC-047,3.8,3
2026-05-08,LOC-047,4.2,8
2026-05-08,LOC-047,4.4,3
2026-05-09,LOC-047,4.0,22
2026-05-09,LOC-047,4.1,5
2026-05-10,LOC-047,3.1,1
2026-05-10,LOC-047,3.7,1
2026-05-10,LOC-047,3.8,16
2026-05-10,LOC-047,4.0,9
2026-05-10,LOC-047,4.5,26
2026-05-10,LOC-047,3.7,4
2026-05-10,LOC-047,4.5,7
2026-05-11,LOC-047,4.1,1
2026-05-11,LOC-047,4.6,34
2026-05-11,LOC-047,3.7,1
2026-05-11,LOC-047,5.0,2
2026-05-12,LOC-047,4.4,28
2026-05-13,LOC-047,3.6,12
2026-05-13,LOC-047,4.5,11
2026-05-13,LOC-047,4.5,32
2026-05-14,LOC-047,4.6,32
2026-05-14,LOC-047,4.2,32
2026-05-14,LOC-047,4.3,16
2026-05-14,LOC-047,3.8,13
2026-05-14,LOC-047,3.9,21
2026-05-15,LOC-047,4.6,33
2026-05-16,LOC-047,4.0,22
2026-05-16,LOC-047,3.4,6
2026-05-16,LOC-047,3.4,14
2026-05-16,LOC-047,4.3,14
2026-05-17,LOC-047,4.9,4
2026-05-17,LOC-047,4.5,14
2026-05-17,LOC-047,3.9,1
2026-05-17,LOC-047,4.4,28
2026-05-17,LOC-047,4.7,15
2026-05-17,LOC-047,3.3,7
2026-05-18,LOC-047,4.7,19
2026-05-18,LOC-047,4.5,2
2026-05-19,LOC-047,4.4,9
2026-05-19,LOC-047,4.3,9
2026-05-19,LOC-047,4.4,23
2026-05-20,LOC-047,3.6,21
2026-05-20,LOC-047,4.5,48
2026-05-20,LOC-047,5.0,13
2026-05-20,LOC-047,3.4,12
2026-05-21,LOC-047,4.0,2
2026-05-21,LOC-047,4.4,1
2026-05-21,LOC-047,3.5,2
2026-05-21,LOC-047,4.0,4
2026-05-22,LOC-047,4.6,33
2026-05-22,LOC-047,4.3,11
2026-05-23,LOC-047,4.2,1
2026-05-23,LOC-047,3.1,2
2026-05-23,LOC-047,4.5,6
2026-05-23,LOC-047,4.7,2
2026-05-24,LOC-047,5.0,1
2026-05-24,LOC-047,4.0,50
2026-05-25,LOC-047,4.1,11
2026-05-25,LOC-047,4.3,22
2026-05-26,LOC-047,4.3,2
2026-05-27,LOC-047,4.3,14
2026-05-27,LOC-047,4.1,3
2026-05-28,LOC-047,4.0,13
2026-05-28,LOC-047,4.7,37
2026-05-28,LOC-047,3.9,6
2026-05-28,LOC-047,4.1,11
2026-05-28,LOC-047,4.8,8
2026-05-28,LOC-047,3.4,2
2026-05-28,LOC-047,4.8,26
2026-05-29,LOC-047,3.7,6
2026-05-29,LOC-047,4.8,2
2026-05-29,LOC-047,4.5,5
2026-05-30,LOC-047,3.7,17
2026-05-30,LOC-047,4.8,2
2026-05-31,LOC-047,4.1,23
2026-05-31,LOC-047,4.1,12
2026-05-31,LOC-047,4.5,5
2026-05-31,LOC-047,4.1,53
2026-05-31,LOC-047,3.8,10
2026-06-03,LOC-047,4.8,19
2026-06-03,LOC-047,3.9,26
2026-06-03,LOC-047,5.0,40
2026-06-03,LOC-047,4.7,14
2026-06-04,LOC-047,3.8,4
2026-06-04,LOC-047,3.9,12
2026-06-04,LOC-047,4.5,9
2026-06-05,LOC-047,4.6,1
2026-06-05,LOC-047,3.3,19
2026-06-05,LOC-047,3.9,2
2026-06-05,LOC-047,4.6,5
2026-06-05,LOC-047,4.6,10
2026-06-07,LOC-047,4.1,5
2026-06-07,LOC-047,4.4,9
2026-06-07,LOC-047,4.1,14
2026-06-08,LOC-047,5.0,1
2026-06-08,LOC-047,4.6,8
2026-06-08,LOC-047,4.3,7
2026-06-08,LOC-047,3.6,37
2026-06-09,LOC-047,4.7,19
2026-06-09,LOC-047,3.6,1
2026-06-09,LOC-047,4.0,47
2026-06-09,LOC-047,3.7,7
2026-06-09,LOC-047,3.9,26
2026-06-09,LOC-047,4.4,13
2026-06-09,LOC-047,4.0,37
2026-06-09,LOC-047,3.9,1
2026-06-10,LOC-047,4.2,1
2026-06-10,LOC-047,3.8,7
2026-06-11,LOC-047,4.4,5
2026-06-11,LOC-047,4.5,18
2026-06-12,LOC-047,4.5,48
2026-06-12,LOC-047,4.1,6
2026-06-12,LOC-047,3.2,2
2026-06-12,LOC-047,4.5,10
2026-06-12,LOC-047,3.7,3
2026-06-13,LOC-047,4.0,21
2026-06-13,LOC-047,4.9,3
2026-06-13,LOC-047,4.0,31
2026-06-13,LOC-047,4.1,1
2026-06-14,LOC-047,3.7,2
2026-06-15,LOC-047,5.0,2
2026-06-15,LOC-047,4.3,41
2026-06-15,LOC-047,4.2,11
2026-06-15,LOC-047,4.5,33
2026-06-15,LOC-047,3.4,24
2026-06-17,LOC-047,3.4,6
2026-06-17,LOC-047,3.9,1
2026-06-17,LOC-047,3.8,31
2026-06-18,LOC-047,5.0,5
2026-06-18,LOC-047,4.2,17
2026-06-18,LOC-047,4.1,5
2026-06-18,LOC-047,3.8,2
2026-06-18,LOC-047,4.9,36
2026-06-19,LOC-047,4.7,6
2026-06-19,LOC-047,4.5,34
2026-06-20,LOC-047,4.2,5
2026-06-20,LOC-047,4.2,36
2026-06-20,LOC-047,4.6,69
2026-06-20,LOC-047,4.7,16
2026-06-21,LOC-047,4.5,29
2026-06-21,LOC-047,3.8,7
2026-06-21,LOC-047,3.5,21
2026-06-21,LOC-047,4.7,6
2026-06-21,LOC-047,4.6,24
2026-06-22,LOC-047,4.8,7
2026-06-22,LOC-047,5.0,1
2026-06-22,LOC-047,4.9,5
2026-06-23,LOC-047,4.7,21
2026-06-23,LOC-047,4.3,5
2026-06-24,LOC-047,4.3,20
2026-06-25,LOC-047,4.0,22
2026-06-25,LOC-047,4.5,17
2026-06-25,LOC-047,4.2,6
2026-06-26,LOC-047,4.3,22
2026-06-27,LOC-047,4.7,13
2026-06-27,LOC-047,4.1,42
2026-06-28,LOC-047,3.9,10
2026-06-29,LOC-047,4.1,33
2026-06-29,LOC-047,3.8,3
2026-06-29,LOC-047,4.4,6
2026-06-30,LOC-047,3.4,12
2026-01-01,LOC-048,4.4,19
2026-01-01,LOC-048,3.5,2
2026-01-01,LOC-048,4.0,13
2026-01-02,LOC-048,3.8,1
2026-01-02,LOC-048,4.2,11
2026-01-02,LOC-048,4.2,17
2026-01-02,LOC-048,4.4,6
2026-01-03,LOC-048,4.1,10
2026-01-03,LOC-048,4.4,3
2026-01-03,LOC-048,4.4,28
2026-01-04,LOC-048,3.7,39
2026-01-05,LOC-048,3.5,2
2026-01-06,LOC-048,3.8,1
2026-01-06,LOC-048,3.6,5
2026-01-06,LOC-048,5.0,9
2026-01-06,LOC-048,4.2,8
2026-01-06,LOC-048,3.1,2
2026-01-06,LOC-048,3.8,3
2026-01-07,LOC-048,3.2,6
2026-01-07,LOC-048,4.0,20
2026-01-07,LOC-048,5.0,7
2026-01-08,LOC-048,3.6,4
2026-01-08,LOC-048,3.7,1
2026-01-08,LOC-048,3.5,15
2026-01-08,LOC-048,3.8,1
2026-01-09,LOC-048,4.4,13
2026-01-09,LOC-048,4.0,1
2026-01-10,LOC-048,4.3,4
2026-01-10,LOC-048,4.2,2
2026-01-10,LOC-048,3.4,7
2026-01-11,LOC-048,4.5,9
2026-01-11,LOC-048,3.8,1
2026-01-12,LOC-048,4.7,5
2026-01-12,LOC-048,3.0,45
2026-01-13,LOC-048,3.5,37
2026-01-13,LOC-048,3.3,7
2026-01-13,LOC-048,4.0,26
2026-01-14,LOC-048,4.2,7
2026-01-15,LOC-048,4.3,19
2026-01-15,LOC-048,5.0,1
2026-01-15,LOC-048,3.8,1
2026-01-17,LOC-048,3.2,18
2026-01-18,LOC-048,3.7,13
2026-01-18,LOC-048,4.3,5
2026-01-18,LOC-048,4.2,1
2026-01-18,LOC-048,4.3,18
2026-01-18,LOC-048,3.5,2
2026-01-18,LOC-048,5.0,7
2026-01-19,LOC-048,4.0,17
2026-01-19,LOC-048,4.7,34
2026-01-19,LOC-048,4.0,33
2026-01-19,LOC-048,4.8,33
2026-01-19,LOC-048,4.3,10
2026-01-19,LOC-048,3.8,18
2026-01-20,LOC-048,3.6,5
2026-01-20,LOC-048,3.9,21
2026-01-20,LOC-048,3.4,2
2026-01-20,LOC-048,4.0,27
2026-01-20,LOC-048,5.0,5
2026-01-21,LOC-048,3.6,1
2026-01-21,LOC-048,4.2,21
2026-01-21,LOC-048,3.6,35
2026-01-21,LOC-048,4.0,1
2026-01-22,LOC-048,3.1,52
2026-01-22,LOC-048,4.0,25
2026-01-22,LOC-048,4.3,36
2026-01-22,LOC-048,5.0,55
2026-01-23,LOC-048,4.6,37
2026-01-23,LOC-048,4.2,10
2026-01-23,LOC-048,4.5,42
2026-01-23,LOC-048,4.2,4
2026-01-24,LOC-048,3.3,79
2026-01-24,LOC-048,3.8,4
2026-01-24,LOC-048,3.8,7
2026-01-25,LOC-048,3.8,3
2026-01-25,LOC-048,3.9,3
2026-01-27,LOC-048,4.6,1
2026-01-27,LOC-048,5.0,13
2026-01-27,LOC-048,4.4,54
2026-01-28,LOC-048,4.4,8
2026-01-29,LOC-048,4.2,7
2026-01-29,LOC-048,4.0,2
2026-01-29,LOC-048,3.4,1
2026-01-29,LOC-048,3.5,1
2026-01-30,LOC-048,3.6,4
2026-01-31,LOC-048,4.3,16
2026-01-31,LOC-048,3.8,1
2026-01-31,LOC-048,3.9,6
2026-01-31,LOC-048,3.3,1
2026-02-01,LOC-048,4.4,34
2026-02-01,LOC-048,2.9,40
2026-02-01,LOC-048,3.1,1
2026-02-01,LOC-048,4.2,6
2026-02-01,LOC-048,3.5,10
2026-02-02,LOC-048,3.5,27
2026-02-02,LOC-048,4.0,2
2026-02-02,LOC-048,3.5,28
2026-02-02,LOC-048,3.7,18
2026-02-02,LOC-048,3.8,14
2026-02-03,LOC-048,3.9,50
2026-02-03,LOC-048,3.8,5
2026-02-03,LOC-048,4.2,5
2026-02-03,LOC-048,4.1,9
2026-02-03,LOC-048,3.6,1
2026-02-03,LOC-048,4.1,18
2026-02-03,LOC-048,3.7,14
2026-02-04,LOC-048,3.5,30
2026-02-04,LOC-048,4.5,29
2026-02-05,LOC-048,4.6,6
2026-02-05,LOC-048,4.8,6
2026-02-05,LOC-048,4.3,6
2026-02-05,LOC-048,3.5,14
2026-02-05,LOC-048,3.7,8
2026-02-06,LOC-048,4.6,13
2026-02-06,LOC-048,4.0,21
2026-02-06,LOC-048,4.2,12
2026-02-06,LOC-048,3.4,14
2026-02-06,LOC-048,4.6,29
2026-02-07,LOC-048,4.6,40
2026-02-07,LOC-048,3.6,1
2026-02-07,LOC-048,3.5,41
2026-02-07,LOC-048,4.3,4
2026-02-08,LOC-048,4.5,8
2026-02-08,LOC-048,3.8,41
2026-02-08,LOC-048,4.4,9
2026-02-09,LOC-048,4.8,9
2026-02-09,LOC-048,3.6,12
2026-02-09,LOC-048,4.0,1
2026-02-10,LOC-048,3.8,6
2026-02-10,LOC-048,3.5,53
2026-02-10,LOC-048,4.8,14
2026-02-10,LOC-048,4.6,22
2026-02-11,LOC-048,4.3,7
2026-02-11,LOC-048,3.5,3
2026-02-11,LOC-048,4.2,5
2026-02-12,LOC-048,3.6,40
2026-02-13,LOC-048,3.4,4
2026-02-13,LOC-048,3.5,3
2026-02-13,LOC-048,3.5,1
2026-02-13,LOC-048,4.4,16
2026-02-13,LOC-048,3.5,12
2026-02-14,LOC-048,4.1,4
2026-02-14,LOC-048,3.7,13
2026-02-14,LOC-048,3.6,19
2026-02-15,LOC-048,4.5,6
2026-02-15,LOC-048,3.6,12
2026-02-15,LOC-048,3.9,7
2026-02-15,LOC-048,4.8,1
2026-02-15,LOC-048,4.2,13
2026-02-15,LOC-048,4.9,11
2026-02-16,LOC-048,3.5,6
2026-02-16,LOC-048,3.8,1
2026-02-16,LOC-048,3.2,27
2026-02-16,LOC-048,4.2,5
2026-02-17,LOC-048,5.0,3
2026-02-17,LOC-048,4.0,5
2026-02-18,LOC-048,4.4,1
2026-02-18,LOC-048,3.6,4
2026-02-18,LOC-048,4.2,36
2026-02-19,LOC-048,3.0,2
2026-02-19,LOC-048,4.1,1
2026-02-19,LOC-048,4.1,45
2026-02-20,LOC-048,4.7,11
2026-02-20,LOC-048,4.1,6
2026-02-21,LOC-048,4.3,19
2026-02-21,LOC-048,4.1,18
2026-02-21,LOC-048,4.4,10
2026-02-22,LOC-048,4.2,5
2026-02-22,LOC-048,4.2,37
2026-02-22,LOC-048,3.6,18
2026-02-22,LOC-048,4.5,18
2026-02-22,LOC-048,3.6,41
2026-02-22,LOC-048,4.0,23
2026-02-23,LOC-048,3.3,1
2026-02-23,LOC-048,4.3,8
2026-02-23,LOC-048,4.9,1
2026-02-24,LOC-048,3.7,4
2026-02-24,LOC-048,4.3,1
2026-02-24,LOC-048,3.3,50
2026-02-26,LOC-048,4.5,37
2026-02-26,LOC-048,3.5,8
2026-02-26,LOC-048,3.9,6
2026-02-26,LOC-048,3.6,18
2026-02-26,LOC-048,4.6,45
2026-02-26,LOC-048,2.8,80
2026-02-26,LOC-048,4.4,20
2026-02-26,LOC-048,4.4,3
2026-02-27,LOC-048,3.4,12
2026-02-28,LOC-048,4.2,27
2026-03-01,LOC-048,3.2,1
2026-03-01,LOC-048,3.6,1
2026-03-03,LOC-048,3.9,34
2026-03-03,LOC-048,4.1,9
2026-03-04,LOC-048,4.6,30
2026-03-04,LOC-048,4.7,20
2026-03-04,LOC-048,3.9,12
2026-03-04,LOC-048,3.6,3
2026-03-05,LOC-048,4.4,12
2026-03-05,LOC-048,4.4,15
2026-03-05,LOC-048,3.6,42
2026-03-05,LOC-048,3.9,19
2026-03-05,LOC-048,3.8,1
2026-03-06,LOC-048,5.0,18
2026-03-06,LOC-048,3.6,68
2026-03-06,LOC-048,3.4,24
2026-03-06,LOC-048,3.9,1
2026-03-06,LOC-048,4.3,7
2026-03-07,LOC-048,4.4,12
2026-03-07,LOC-048,4.0,5
2026-03-07,LOC-048,4.3,13
2026-03-08,LOC-048,4.6,65
2026-03-08,LOC-048,4.1,13
2026-03-08,LOC-048,3.5,14
2026-03-09,LOC-048,3.8,17
2026-03-09,LOC-048,5.0,3
2026-03-09,LOC-048,3.6,1
2026-03-09,LOC-048,3.6,21
2026-03-10,LOC-048,4.6,31
2026-03-11,LOC-048,3.7,2
2026-03-11,LOC-048,3.8,7
2026-03-11,LOC-048,3.5,22
2026-03-12,LOC-048,4.6,8
2026-03-12,LOC-048,3.5,22
2026-03-12,LOC-048,4.1,9
2026-03-12,LOC-048,4.3,54
2026-03-13,LOC-048,4.1,14
2026-03-13,LOC-048,3.6,1
2026-03-13,LOC-048,3.8,15
2026-03-13,LOC-048,3.9,8
2026-03-13,LOC-048,4.5,29
2026-03-13,LOC-048,3.5,3
2026-03-13,LOC-048,3.6,4
2026-03-14,LOC-048,3.6,6
2026-03-14,LOC-048,4.1,4
2026-03-14,LOC-048,4.5,5
2026-03-14,LOC-048,3.7,8
2026-03-14,LOC-048,4.5,2
2026-03-15,LOC-048,3.8,6
2026-03-15,LOC-048,4.1,35
2026-03-15,LOC-048,3.8,1
2026-03-15,LOC-048,4.3,36
2026-03-17,LOC-048,4.0,25
2026-03-17,LOC-048,3.6,4
2026-03-17,LOC-048,4.6,26
2026-03-17,LOC-048,3.4,4
2026-03-18,LOC-048,4.1,7
2026-03-18,LOC-048,3.9,2
2026-03-18,LOC-048,3.6,33
2026-03-18,LOC-048,3.2,23
2026-03-19,LOC-048,4.4,4
2026-03-20,LOC-048,4.0,5
2026-03-20,LOC-048,3.3,3
2026-03-21,LOC-048,2.8,18
2026-03-21,LOC-048,3.1,17
2026-03-21,LOC-048,3.4,4
2026-03-22,LOC-048,3.5,7
2026-03-22,LOC-048,4.6,24
2026-03-22,LOC-048,4.9,8
2026-03-22,LOC-048,3.1,17
2026-03-23,LOC-048,4.5,1
2026-03-23,LOC-048,3.5,27
2026-03-23,LOC-048,3.7,23
2026-03-23,LOC-048,3.4,1
2026-03-24,LOC-048,4.1,3
2026-03-24,LOC-048,3.5,15
2026-03-26,LOC-048,4.7,3
2026-03-26,LOC-048,3.9,9
2026-03-27,LOC-048,4.0,2
2026-03-27,LOC-048,4.0,2
2026-03-28,LOC-048,4.2,21
2026-03-28,LOC-048,3.9,39
2026-03-28,LOC-048,4.0,13
2026-03-28,LOC-048,5.0,2
2026-03-29,LOC-048,3.8,3
2026-03-29,LOC-048,3.8,10
2026-03-30,LOC-048,3.8,1
2026-03-30,LOC-048,4.0,10
2026-03-30,LOC-048,3.4,1
2026-03-31,LOC-048,4.2,44
2026-04-01,LOC-048,4.5,30
2026-04-01,LOC-048,4.0,31
2026-04-02,LOC-048,3.3,1
2026-04-02,LOC-048,3.9,1
2026-04-03,LOC-048,3.4,5
2026-04-03,LOC-048,3.5,5
2026-04-04,LOC-048,4.3,25
2026-04-04,LOC-048,3.8,42
2026-04-05,LOC-048,4.1,10
2026-04-05,LOC-048,3.0,10
2026-04-05,LOC-048,4.5,20
2026-04-05,LOC-048,4.5,5
2026-04-06,LOC-048,3.1,2
2026-04-06,LOC-048,4.0,5
2026-04-06,LOC-048,3.9,10
2026-04-08,LOC-048,3.5,28
2026-04-09,LOC-048,4.3,26
2026-04-09,LOC-048,3.7,9
2026-04-09,LOC-048,4.6,6
2026-04-09,LOC-048,4.2,13
2026-04-09,LOC-048,3.9,25
2026-04-09,LOC-048,4.0,6
2026-04-10,LOC-048,4.3,3
2026-04-11,LOC-048,4.0,28
2026-04-11,LOC-048,3.8,1
2026-04-11,LOC-048,4.5,15
2026-04-11,LOC-048,4.2,52
2026-04-11,LOC-048,4.4,13
2026-04-12,LOC-048,3.9,6
2026-04-12,LOC-048,4.9,6
2026-04-12,LOC-048,3.8,3
2026-04-13,LOC-048,3.8,19
2026-04-13,LOC-048,4.2,21
2026-04-14,LOC-048,3.2,11
2026-04-15,LOC-048,3.5,1
2026-04-15,LOC-048,4.4,1
2026-04-16,LOC-048,2.7,5
2026-04-16,LOC-048,4.5,42
2026-04-16,LOC-048,3.7,4
2026-04-17,LOC-048,3.5,6
2026-04-18,LOC-048,4.2,6
2026-04-18,LOC-048,3.1,5
2026-04-20,LOC-048,4.3,13
2026-04-20,LOC-048,4.0,1
2026-04-21,LOC-048,4.5,1
2026-04-21,LOC-048,4.4,8
2026-04-21,LOC-048,4.6,19
2026-04-21,LOC-048,3.5,87
2026-04-21,LOC-048,4.0,2
2026-04-21,LOC-048,4.4,7
2026-04-21,LOC-048,4.2,47
2026-04-22,LOC-048,3.8,1
2026-04-22,LOC-048,4.8,33
2026-04-22,LOC-048,4.0,15
2026-04-22,LOC-048,4.1,31
2026-04-23,LOC-048,4.1,63
2026-04-23,LOC-048,4.4,4
2026-04-24,LOC-048,4.0,10
2026-04-24,LOC-048,3.9,13
2026-04-24,LOC-048,4.8,7
2026-04-24,LOC-048,4.1,35
2026-04-24,LOC-048,3.6,37
2026-04-24,LOC-048,3.0,18
2026-04-24,LOC-048,3.9,7
2026-04-25,LOC-048,3.4,35
2026-04-25,LOC-048,3.8,26
2026-04-25,LOC-048,4.4,31
2026-04-25,LOC-048,4.1,35
2026-04-25,LOC-048,4.0,19
2026-04-25,LOC-048,4.8,21
2026-04-25,LOC-048,4.3,5
2026-04-25,LOC-048,3.7,27
2026-04-26,LOC-048,3.9,4
2026-04-27,LOC-048,3.5,21
2026-04-27,LOC-048,4.8,3
2026-04-27,LOC-048,4.2,2
2026-04-28,LOC-048,4.2,16
2026-04-28,LOC-048,3.8,12
2026-04-28,LOC-048,4.5,5
2026-04-29,LOC-048,4.0,30
2026-04-29,LOC-048,4.4,7
2026-04-30,LOC-048,4.5,34
2026-04-30,LOC-048,4.0,3
2026-04-30,LOC-048,3.8,7
2026-05-01,LOC-048,4.1,5
2026-05-01,LOC-048,3.5,27
2026-05-01,LOC-048,3.5,3
2026-05-01,LOC-048,4.6,15
2026-05-02,LOC-048,3.8,2
2026-05-02,LOC-048,4.1,3
2026-05-03,LOC-048,3.2,37
2026-05-04,LOC-048,4.4,7
2026-05-04,LOC-048,4.2,7
2026-05-05,LOC-048,4.5,7
2026-05-05,LOC-048,4.4,81
2026-05-06,LOC-048,3.5,16
2026-05-06,LOC-048,3.5,30
2026-05-06,LOC-048,4.1,7
2026-05-07,LOC-048,3.4,63
2026-05-07,LOC-048,4.4,2
2026-05-07,LOC-048,4.2,4
2026-05-07,LOC-048,4.4,12
2026-05-08,LOC-048,4.0,2
2026-05-08,LOC-048,3.9,1
2026-05-09,LOC-048,3.8,15
2026-05-09,LOC-048,3.6,2
2026-05-09,LOC-048,4.4,46
2026-05-09,LOC-048,4.5,11
2026-05-10,LOC-048,4.4,19
2026-05-10,LOC-048,4.3,4
2026-05-10,LOC-048,4.7,22
2026-05-10,LOC-048,4.4,10
2026-05-10,LOC-048,4.0,8
2026-05-11,LOC-048,4.3,3
2026-05-12,LOC-048,3.5,33
2026-05-13,LOC-048,4.1,10
2026-05-13,LOC-048,4.6,4
2026-05-13,LOC-048,3.7,3
2026-05-14,LOC-048,3.8,8
2026-05-16,LOC-048,4.0,12
2026-05-16,LOC-048,3.8,31
2026-05-17,LOC-048,3.8,54
2026-05-17,LOC-048,4.7,10
2026-05-17,LOC-048,4.3,1
2026-05-17,LOC-048,3.7,23
2026-05-18,LOC-048,4.3,21
2026-05-18,LOC-048,4.2,8
2026-05-18,LOC-048,2.8,1
2026-05-19,LOC-048,3.9,5
2026-05-20,LOC-048,3.8,4
2026-05-20,LOC-048,4.7,1
2026-05-21,LOC-048,4.1,14
2026-05-21,LOC-048,3.7,30
2026-05-23,LOC-048,3.9,3
2026-05-23,LOC-048,4.1,2
2026-05-24,LOC-048,4.1,19
2026-05-24,LOC-048,3.8,39
2026-05-24,LOC-048,3.5,5
2026-05-24,LOC-048,3.5,2
2026-05-24,LOC-048,3.8,7
2026-05-25,LOC-048,4.0,10
2026-05-25,LOC-048,3.7,17
2026-05-25,LOC-048,4.0,21
2026-05-25,LOC-048,3.4,51
2026-05-25,LOC-048,4.1,23
2026-05-25,LOC-048,3.2,33
2026-05-26,LOC-048,3.4,6
2026-05-26,LOC-048,4.1,18
2026-05-27,LOC-048,4.2,12
2026-05-27,LOC-048,3.5,11
2026-05-28,LOC-048,4.2,26
2026-05-28,LOC-048,4.4,25
2026-05-28,LOC-048,4.4,8
2026-05-29,LOC-048,3.9,29
2026-05-29,LOC-048,4.1,16
2026-05-30,LOC-048,3.9,11
2026-05-30,LOC-048,3.6,34
2026-05-30,LOC-048,5.0,57
2026-05-30,LOC-048,4.1,5
2026-05-31,LOC-048,3.8,51
2026-05-31,LOC-048,3.4,35
2026-06-01,LOC-048,4.1,1
2026-06-01,LOC-048,4.3,23
2026-06-02,LOC-048,4.3,40
2026-06-03,LOC-048,4.8,27
2026-06-03,LOC-048,4.6,13
2026-06-03,LOC-048,3.2,5
2026-06-03,LOC-048,4.5,2
2026-06-03,LOC-048,3.6,1
2026-06-03,LOC-048,3.4,27
2026-06-03,LOC-048,4.4,2
2026-06-04,LOC-048,3.3,6
2026-06-04,LOC-048,4.6,6
2026-06-05,LOC-048,3.6,46
2026-06-05,LOC-048,4.2,33
2026-06-05,LOC-048,4.7,31
2026-06-05,LOC-048,3.9,7
2026-06-06,LOC-048,3.4,6
2026-06-07,LOC-048,3.7,10
2026-06-08,LOC-048,3.5,4
2026-06-08,LOC-048,3.7,11
2026-06-09,LOC-048,3.9,1
2026-06-09,LOC-048,4.4,19
2026-06-10,LOC-048,4.7,38
2026-06-10,LOC-048,4.4,44
2026-06-11,LOC-048,3.6,53
2026-06-11,LOC-048,5.0,10
2026-06-11,LOC-048,3.8,5
2026-06-12,LOC-048,4.2,3
2026-06-12,LOC-048,3.2,3
2026-06-12,LOC-048,3.5,47
2026-06-13,LOC-048,4.6,5
2026-06-13,LOC-048,4.4,16
2026-06-13,LOC-048,3.6,41
2026-06-13,LOC-048,4.2,6
2026-06-13,LOC-048,2.8,41
2026-06-13,LOC-048,4.9,11
2026-06-14,LOC-048,3.3,4
2026-06-14,LOC-048,3.3,31
2026-06-14,LOC-048,4.1,17
2026-06-14,LOC-048,3.3,5
2026-06-14,LOC-048,4.6,17
2026-06-15,LOC-048,4.4,11
2026-06-15,LOC-048,4.0,31
2026-06-15,LOC-048,4.3,2
2026-06-16,LOC-048,3.2,47
2026-06-16,LOC-048,4.0,19
2026-06-16,LOC-048,4.0,53
2026-06-16,LOC-048,4.1,3
2026-06-17,LOC-048,4.3,8
2026-06-17,LOC-048,3.8,3
2026-06-17,LOC-048,3.3,11
2026-06-17,LOC-048,4.7,12
2026-06-18,LOC-048,3.5,1
2026-06-18,LOC-048,3.7,3
2026-06-18,LOC-048,3.1,37
2026-06-19,LOC-048,3.4,4
2026-06-19,LOC-048,3.6,4
2026-06-19,LOC-048,4.4,9
2026-06-19,LOC-048,3.3,3
2026-06-19,LOC-048,4.2,29
2026-06-20,LOC-048,4.0,10
2026-06-20,LOC-048,3.5,1
2026-06-20,LOC-048,4.0,4
2026-06-20,LOC-048,3.8,10
2026-06-21,LOC-048,4.0,9
2026-06-21,LOC-048,4.0,1
2026-06-22,LOC-048,4.3,26
2026-06-22,LOC-048,3.8,11
2026-06-23,LOC-048,4.5,20
2026-06-23,LOC-048,4.5,4
2026-06-24,LOC-048,4.5,12
2026-06-24,LOC-048,3.7,34
2026-06-25,LOC-048,3.3,11
2026-06-25,LOC-048,3.8,13
2026-06-25,LOC-048,3.8,28
2026-06-25,LOC-048,4.0,18
2026-06-26,LOC-048,2.6,21
2026-06-26,LOC-048,3.4,71
2026-06-26,LOC-048,4.1,1
2026-06-26,LOC-048,3.2,4
2026-06-26,LOC-048,3.9,18
2026-06-27,LOC-048,3.2,15
2026-06-27,LOC-048,3.2,14
2026-06-27,LOC-048,4.4,9
2026-06-27,LOC-048,3.7,1
2026-06-28,LOC-048,3.6,4
2026-06-28,LOC-048,3.3,3
2026-06-29,LOC-048,3.6,15
2026-06-29,LOC-048,4.1,14
2026-06-29,LOC-048,4.1,2
2026-06-29,LOC-048,2.4,7
2026-06-29,LOC-048,3.2,1
2026-06-30,LOC-048,4.7,2
2026-06-30,LOC-048,3.8,22
2026-06-30,LOC-048,3.9,22
2026-06-30,LOC-048,4.6,9
2026-06-30,LOC-048,3.5,25
2026-06-30,LOC-048,3.1,12
2026-06-30,LOC-048,3.8,4
2026-06-30,LOC-048,3.8,1
2026-01-01,LOC-049,3.7,19
2026-01-01,LOC-049,3.8,2
2026-01-02,LOC-049,3.7,45
2026-01-02,LOC-049,4.2,30
2026-01-02,LOC-049,3.3,1
2026-01-03,LOC-049,3.4,45
2026-01-03,LOC-049,4.0,8
2026-01-04,LOC-049,3.7,3
2026-01-04,LOC-049,3.3,26
2026-01-05,LOC-049,3.8,25
2026-01-06,LOC-049,3.7,69
2026-01-06,LOC-049,2.8,16
2026-01-07,LOC-049,3.5,44
2026-01-08,LOC-049,3.4,5
2026-01-08,LOC-049,3.7,12
2026-01-08,LOC-049,4.2,2
2026-01-08,LOC-049,3.5,2
2026-01-09,LOC-049,3.3,18
2026-01-09,LOC-049,3.5,4
2026-01-09,LOC-049,3.4,30
2026-01-09,LOC-049,3.5,43
2026-01-09,LOC-049,3.0,12
2026-01-10,LOC-049,4.8,16
2026-01-10,LOC-049,4.2,1
2026-01-10,LOC-049,4.2,20
2026-01-10,LOC-049,3.4,1
2026-01-10,LOC-049,3.6,85
2026-01-11,LOC-049,3.5,19
2026-01-12,LOC-049,4.6,39
2026-01-12,LOC-049,3.8,34
2026-01-12,LOC-049,3.3,76
2026-01-12,LOC-049,2.9,43
2026-01-13,LOC-049,3.4,19
2026-01-13,LOC-049,4.5,44
2026-01-13,LOC-049,4.5,1
2026-01-14,LOC-049,3.2,5
2026-01-14,LOC-049,3.8,8
2026-01-15,LOC-049,4.1,51
2026-01-15,LOC-049,3.1,62
2026-01-15,LOC-049,4.1,3
2026-01-16,LOC-049,3.6,10
2026-01-16,LOC-049,3.4,36
2026-01-17,LOC-049,3.6,6
2026-01-17,LOC-049,4.4,42
2026-01-17,LOC-049,3.0,5
2026-01-17,LOC-049,3.4,3
2026-01-18,LOC-049,3.7,43
2026-01-18,LOC-049,3.5,12
2026-01-19,LOC-049,3.2,6
2026-01-19,LOC-049,3.5,8
2026-01-20,LOC-049,2.8,1
2026-01-21,LOC-049,3.8,2
2026-01-21,LOC-049,3.6,21
2026-01-21,LOC-049,2.8,7
2026-01-21,LOC-049,3.1,27
2026-01-22,LOC-049,3.1,1
2026-01-22,LOC-049,2.4,1
2026-01-22,LOC-049,3.5,53
2026-01-23,LOC-049,3.0,12
2026-01-23,LOC-049,3.4,1
2026-01-23,LOC-049,3.0,14
2026-01-24,LOC-049,3.6,45
2026-01-24,LOC-049,4.0,9
2026-01-25,LOC-049,3.6,6
2026-01-25,LOC-049,3.5,4
2026-01-25,LOC-049,2.9,1
2026-01-25,LOC-049,3.4,1
2026-01-26,LOC-049,3.4,9
2026-01-26,LOC-049,4.0,18
2026-01-27,LOC-049,3.5,23
2026-01-27,LOC-049,2.9,7
2026-01-27,LOC-049,3.7,1
2026-01-27,LOC-049,3.9,11
2026-01-27,LOC-049,3.4,1
2026-01-27,LOC-049,2.7,7
2026-01-28,LOC-049,3.8,35
2026-01-28,LOC-049,3.3,16
2026-01-28,LOC-049,3.6,2
2026-01-28,LOC-049,3.5,27
2026-01-29,LOC-049,3.2,42
2026-01-29,LOC-049,3.7,27
2026-01-29,LOC-049,3.6,4
2026-01-29,LOC-049,3.3,2
2026-01-29,LOC-049,3.5,16
2026-01-30,LOC-049,3.0,18
2026-01-31,LOC-049,3.3,2
2026-01-31,LOC-049,3.5,8
2026-02-01,LOC-049,3.9,9
2026-02-01,LOC-049,3.3,67
2026-02-01,LOC-049,3.9,24
2026-02-01,LOC-049,3.9,4
2026-02-02,LOC-049,4.3,5
2026-02-02,LOC-049,3.4,20
2026-02-03,LOC-049,3.5,16
2026-02-03,LOC-049,4.3,36
2026-02-06,LOC-049,4.2,20
2026-02-06,LOC-049,3.6,3
2026-02-06,LOC-049,4.0,2
2026-02-06,LOC-049,3.2,1
2026-02-07,LOC-049,4.2,6
2026-02-07,LOC-049,3.2,14
2026-02-07,LOC-049,3.9,3
2026-02-07,LOC-049,3.2,15
2026-02-07,LOC-049,4.4,4
2026-02-08,LOC-049,2.8,11
2026-02-09,LOC-049,3.5,1
2026-02-09,LOC-049,2.8,19
2026-02-10,LOC-049,3.1,5
2026-02-10,LOC-049,3.3,5
2026-02-10,LOC-049,3.4,3
2026-02-11,LOC-049,2.0,2
2026-02-11,LOC-049,4.2,6
2026-02-11,LOC-049,3.9,7
2026-02-11,LOC-049,3.0,5
2026-02-11,LOC-049,3.5,13
2026-02-12,LOC-049,2.9,4
2026-02-12,LOC-049,3.7,9
2026-02-12,LOC-049,5.0,26
2026-02-12,LOC-049,2.9,16
2026-02-12,LOC-049,3.9,17
2026-02-13,LOC-049,2.8,14
2026-02-13,LOC-049,3.8,30
2026-02-14,LOC-049,3.6,28
2026-02-14,LOC-049,3.1,41
2026-02-14,LOC-049,3.3,1
2026-02-14,LOC-049,3.1,12
2026-02-15,LOC-049,3.7,9
2026-02-15,LOC-049,3.4,21
2026-02-15,LOC-049,3.5,15
2026-02-16,LOC-049,4.4,6
2026-02-17,LOC-049,3.7,5
2026-02-18,LOC-049,3.5,24
2026-02-19,LOC-049,3.3,22
2026-02-19,LOC-049,3.5,33
2026-02-20,LOC-049,2.6,29
2026-02-21,LOC-049,4.0,5
2026-02-21,LOC-049,3.0,22
2026-02-22,LOC-049,3.6,30
2026-02-22,LOC-049,3.0,43
2026-02-22,LOC-049,3.8,7
2026-02-23,LOC-049,3.4,3
2026-02-23,LOC-049,3.2,17
2026-02-23,LOC-049,2.9,16
2026-02-24,LOC-049,3.5,17
2026-02-24,LOC-049,3.5,10
2026-02-24,LOC-049,4.2,3
2026-02-25,LOC-049,3.1,15
2026-02-25,LOC-049,4.0,6
2026-02-26,LOC-049,3.6,2
2026-02-27,LOC-049,3.3,2
2026-02-27,LOC-049,3.8,9
2026-02-27,LOC-049,3.7,1
2026-02-27,LOC-049,3.6,9
2026-02-27,LOC-049,3.8,41
2026-02-27,LOC-049,3.0,49
2026-02-28,LOC-049,3.8,5
2026-02-28,LOC-049,3.3,8
2026-02-28,LOC-049,2.4,5
2026-02-28,LOC-049,3.7,35
2026-02-28,LOC-049,3.7,12
2026-02-28,LOC-049,3.5,7
2026-03-02,LOC-049,3.6,12
2026-03-02,LOC-049,3.2,13
2026-03-02,LOC-049,3.6,25
2026-03-02,LOC-049,3.5,77
2026-03-02,LOC-049,3.1,14
2026-03-05,LOC-049,3.4,3
2026-03-05,LOC-049,3.8,9
2026-03-06,LOC-049,3.8,24
2026-03-07,LOC-049,3.3,7
2026-03-09,LOC-049,3.6,43
2026-03-09,LOC-049,4.1,1
2026-03-09,LOC-049,3.7,3
2026-03-09,LOC-049,3.8,19
2026-03-09,LOC-049,4.1,4
2026-03-09,LOC-049,3.2,8
2026-03-09,LOC-049,3.4,15
2026-03-09,LOC-049,3.5,23
2026-03-10,LOC-049,3.9,6
2026-03-10,LOC-049,3.5,52
2026-03-10,LOC-049,3.3,3
2026-03-10,LOC-049,3.4,15
2026-03-11,LOC-049,3.2,14
2026-03-11,LOC-049,3.2,7
2026-03-11,LOC-049,4.2,7
2026-03-12,LOC-049,3.7,1
2026-03-12,LOC-049,4.7,45
2026-03-12,LOC-049,4.0,26
2026-03-12,LOC-049,3.5,38
2026-03-12,LOC-049,3.4,41
2026-03-12,LOC-049,3.6,4
2026-03-13,LOC-049,3.7,20
2026-03-13,LOC-049,4.0,63
2026-03-13,LOC-049,4.1,1
2026-03-14,LOC-049,3.6,5
2026-03-14,LOC-049,4.6,5
2026-03-15,LOC-049,2.5,14
2026-03-16,LOC-049,3.2,4
2026-03-16,LOC-049,3.1,20
2026-03-16,LOC-049,3.8,2
2026-03-16,LOC-049,3.1,2
2026-03-16,LOC-049,3.2,9
2026-03-18,LOC-049,4.3,20
2026-03-18,LOC-049,3.2,5
2026-03-19,LOC-049,3.3,2
2026-03-19,LOC-049,2.4,18
2026-03-20,LOC-049,4.5,12
2026-03-20,LOC-049,2.7,18
2026-03-21,LOC-049,3.5,3
2026-03-22,LOC-049,3.7,34
2026-03-22,LOC-049,4.0,1
2026-03-23,LOC-049,3.5,29
2026-03-23,LOC-049,3.7,1
2026-03-23,LOC-049,2.8,13
2026-03-23,LOC-049,3.5,24
2026-03-23,LOC-049,3.2,13
2026-03-23,LOC-049,4.4,13
2026-03-25,LOC-049,3.8,11
2026-03-26,LOC-049,3.6,42
2026-03-26,LOC-049,3.3,1
2026-03-26,LOC-049,3.5,5
2026-03-27,LOC-049,4.1,1
2026-03-27,LOC-049,3.5,1
2026-03-28,LOC-049,3.9,13
2026-03-28,LOC-049,3.4,2
2026-03-28,LOC-049,2.6,13
2026-03-28,LOC-049,3.1,1
2026-03-28,LOC-049,4.1,11
2026-03-29,LOC-049,4.3,5
2026-03-30,LOC-049,3.5,17
2026-03-31,LOC-049,4.0,10
2026-03-31,LOC-049,3.9,83
2026-03-31,LOC-049,3.5,5
2026-04-01,LOC-049,3.1,7
2026-04-01,LOC-049,3.2,9
2026-04-01,LOC-049,3.1,2
2026-04-01,LOC-049,3.2,4
2026-04-02,LOC-049,3.3,6
2026-04-02,LOC-049,3.7,6
2026-04-03,LOC-049,2.9,43
2026-04-03,LOC-049,3.6,2
2026-04-03,LOC-049,3.1,13
2026-04-03,LOC-049,3.5,8
2026-04-04,LOC-049,5.0,3
2026-04-04,LOC-049,2.9,2
2026-04-04,LOC-049,2.7,15
2026-04-04,LOC-049,3.1,1
2026-04-05,LOC-049,3.8,5
2026-04-05,LOC-049,3.1,27
2026-04-05,LOC-049,3.2,47
2026-04-06,LOC-049,3.1,14
2026-04-06,LOC-049,4.2,27
2026-04-06,LOC-049,3.8,7
2026-04-07,LOC-049,3.4,1
2026-04-07,LOC-049,3.5,3
2026-04-07,LOC-049,3.7,16
2026-04-08,LOC-049,3.1,11
2026-04-09,LOC-049,2.8,23
2026-04-09,LOC-049,3.9,14
2026-04-10,LOC-049,3.4,3
2026-04-10,LOC-049,3.5,4
2026-04-10,LOC-049,3.2,16
2026-04-11,LOC-049,4.1,23
2026-04-11,LOC-049,3.1,8
2026-04-11,LOC-049,3.4,1
2026-04-11,LOC-049,3.2,5
2026-04-12,LOC-049,2.9,11
2026-04-12,LOC-049,3.6,17
2026-04-13,LOC-049,2.9,3
2026-04-13,LOC-049,3.8,9
2026-04-13,LOC-049,3.4,4
2026-04-13,LOC-049,2.7,22
2026-04-13,LOC-049,3.2,1
2026-04-15,LOC-049,3.1,1
2026-04-15,LOC-049,4.0,14
2026-04-15,LOC-049,3.7,40
2026-04-15,LOC-049,4.6,2
2026-04-16,LOC-049,4.6,13
2026-04-16,LOC-049,3.4,1
2026-04-16,LOC-049,2.9,41
2026-04-16,LOC-049,4.0,1
2026-04-17,LOC-049,3.4,4
2026-04-17,LOC-049,3.3,11
2026-04-17,LOC-049,3.8,22
2026-04-18,LOC-049,4.1,1
2026-04-18,LOC-049,4.1,30
2026-04-18,LOC-049,3.6,6
2026-04-19,LOC-049,3.4,1
2026-04-19,LOC-049,3.7,7
2026-04-19,LOC-049,3.6,17
2026-04-19,LOC-049,4.2,21
2026-04-19,LOC-049,3.1,7
2026-04-19,LOC-049,3.0,11
2026-04-20,LOC-049,3.4,9
2026-04-20,LOC-049,2.3,15
2026-04-21,LOC-049,3.2,20
2026-04-21,LOC-049,3.9,4
2026-04-21,LOC-049,3.2,4
2026-04-21,LOC-049,4.4,18
2026-04-21,LOC-049,2.4,10
2026-04-22,LOC-049,3.7,5
2026-04-22,LOC-049,3.4,11
2026-04-22,LOC-049,2.8,1
2026-04-22,LOC-049,3.5,1
2026-04-22,LOC-049,3.9,15
2026-04-22,LOC-049,3.2,10
2026-04-23,LOC-049,3.8,1
2026-04-23,LOC-049,2.5,1
2026-04-24,LOC-049,3.2,2
2026-04-24,LOC-049,2.6,16
2026-04-24,LOC-049,3.1,3
2026-04-24,LOC-049,3.2,6
2026-04-24,LOC-049,3.4,17
2026-04-25,LOC-049,3.4,79
2026-04-25,LOC-049,3.9,1
2026-04-25,LOC-049,3.3,19
2026-04-26,LOC-049,3.2,15
2026-04-26,LOC-049,3.6,1
2026-04-27,LOC-049,3.5,5
2026-04-27,LOC-049,2.9,8
2026-04-27,LOC-049,4.2,66
2026-04-27,LOC-049,3.2,2
2026-04-28,LOC-049,3.9,27
2026-04-28,LOC-049,4.2,16
2026-04-29,LOC-049,4.1,33
2026-04-29,LOC-049,4.3,8
2026-04-29,LOC-049,3.1,13
2026-04-29,LOC-049,3.8,1
2026-04-30,LOC-049,4.0,21
2026-04-30,LOC-049,3.5,2
2026-04-30,LOC-049,3.3,38
2026-04-30,LOC-049,3.2,47
2026-05-01,LOC-049,4.1,4
2026-05-01,LOC-049,3.2,41
2026-05-01,LOC-049,3.4,19
2026-05-02,LOC-049,3.9,11
2026-05-02,LOC-049,3.1,8
2026-05-02,LOC-049,4.1,17
2026-05-02,LOC-049,3.7,7
2026-05-03,LOC-049,4.0,39
2026-05-04,LOC-049,3.5,20
2026-05-04,LOC-049,3.4,17
2026-05-04,LOC-049,3.6,42
2026-05-04,LOC-049,3.8,2
2026-05-04,LOC-049,3.8,11
2026-05-04,LOC-049,4.9,1
2026-05-05,LOC-049,4.1,38
2026-05-05,LOC-049,3.5,5
2026-05-05,LOC-049,4.0,6
2026-05-05,LOC-049,3.6,7
2026-05-06,LOC-049,3.6,15
2026-05-06,LOC-049,3.4,5
2026-05-07,LOC-049,4.2,11
2026-05-07,LOC-049,3.2,2
2026-05-07,LOC-049,3.2,48
2026-05-07,LOC-049,3.9,14
2026-05-08,LOC-049,3.8,31
2026-05-08,LOC-049,4.2,15
2026-05-08,LOC-049,3.8,11
2026-05-08,LOC-049,4.0,12
2026-05-08,LOC-049,4.6,13
2026-05-08,LOC-049,4.0,2
2026-05-08,LOC-049,2.9,4
2026-05-09,LOC-049,2.9,1
2026-05-09,LOC-049,4.2,16
2026-05-09,LOC-049,4.0,6
2026-05-09,LOC-049,4.0,3
2026-05-10,LOC-049,3.9,30
2026-05-10,LOC-049,3.2,45
2026-05-10,LOC-049,4.8,8
2026-05-11,LOC-049,4.2,23
2026-05-11,LOC-049,4.2,43
2026-05-11,LOC-049,3.5,17
2026-05-12,LOC-049,3.4,1
2026-05-12,LOC-049,3.2,12
2026-05-12,LOC-049,2.7,12
2026-05-12,LOC-049,3.5,3
2026-05-12,LOC-049,3.6,5
2026-05-13,LOC-049,3.4,3
2026-05-13,LOC-049,3.1,10
2026-05-13,LOC-049,3.4,9
2026-05-14,LOC-049,3.3,1
2026-05-14,LOC-049,4.0,10
2026-05-14,LOC-049,3.7,14
2026-05-14,LOC-049,3.7,7
2026-05-14,LOC-049,3.7,9
2026-05-15,LOC-049,3.7,21
2026-05-15,LOC-049,4.3,3
2026-05-15,LOC-049,4.2,23
2026-05-15,LOC-049,3.8,1
2026-05-16,LOC-049,3.6,26
2026-05-16,LOC-049,4.7,8
2026-05-16,LOC-049,3.2,1
2026-05-16,LOC-049,3.3,4
2026-05-17,LOC-049,4.2,11
2026-05-17,LOC-049,4.2,4
2026-05-18,LOC-049,4.3,4
2026-05-18,LOC-049,3.1,19
2026-05-19,LOC-049,3.7,78
2026-05-19,LOC-049,3.5,6
2026-05-19,LOC-049,3.5,1
2026-05-20,LOC-049,3.3,10
2026-05-20,LOC-049,3.6,1
2026-05-21,LOC-049,3.5,4
2026-05-21,LOC-049,2.7,10
2026-05-21,LOC-049,2.5,7
2026-05-22,LOC-049,3.4,15
2026-05-22,LOC-049,3.6,1
2026-05-22,LOC-049,3.2,61
2026-05-23,LOC-049,3.6,18
2026-05-23,LOC-049,2.9,17
2026-05-23,LOC-049,3.4,3
2026-05-24,LOC-049,3.7,1
2026-05-24,LOC-049,3.9,23
2026-05-24,LOC-049,4.1,8
2026-05-25,LOC-049,4.0,1
2026-05-26,LOC-049,3.3,6
2026-05-26,LOC-049,4.1,3
2026-05-27,LOC-049,3.7,36
2026-05-27,LOC-049,3.5,14
2026-05-27,LOC-049,4.2,3
2026-05-28,LOC-049,3.8,16
2026-05-28,LOC-049,3.6,1
2026-05-30,LOC-049,2.9,9
2026-05-30,LOC-049,3.7,4
2026-05-30,LOC-049,3.7,7
2026-05-31,LOC-049,4.7,6
2026-05-31,LOC-049,3.7,57
2026-05-31,LOC-049,3.5,31
2026-05-31,LOC-049,4.4,4
2026-05-31,LOC-049,3.1,22
2026-06-01,LOC-049,4.0,16
2026-06-02,LOC-049,3.6,51
2026-06-02,LOC-049,3.7,2
2026-06-02,LOC-049,3.8,48
2026-06-02,LOC-049,3.4,17
2026-06-02,LOC-049,3.4,8
2026-06-02,LOC-049,3.6,67
2026-06-02,LOC-049,3.4,49
2026-06-03,LOC-049,3.5,1
2026-06-03,LOC-049,3.0,29
2026-06-03,LOC-049,4.2,16
2026-06-04,LOC-049,3.7,4
2026-06-04,LOC-049,3.6,7
2026-06-04,LOC-049,4.2,20
2026-06-05,LOC-049,3.0,1
2026-06-05,LOC-049,3.9,1
2026-06-06,LOC-049,3.6,6
2026-06-06,LOC-049,2.8,108
2026-06-06,LOC-049,3.8,38
2026-06-06,LOC-049,4.0,10
2026-06-07,LOC-049,2.8,15
2026-06-07,LOC-049,4.2,20
2026-06-08,LOC-049,3.4,29
2026-06-08,LOC-049,3.8,12
2026-06-08,LOC-049,3.0,49
2026-06-09,LOC-049,3.5,8
2026-06-09,LOC-049,3.7,72
2026-06-10,LOC-049,2.2,16
2026-06-10,LOC-049,3.1,1
2026-06-10,LOC-049,3.4,26
2026-06-12,LOC-049,3.1,8
2026-06-12,LOC-049,3.6,27
2026-06-12,LOC-049,3.6,4
2026-06-13,LOC-049,3.2,1
2026-06-13,LOC-049,3.4,1
2026-06-13,LOC-049,3.4,22
2026-06-13,LOC-049,4.0,11
2026-06-13,LOC-049,4.7,4
2026-06-13,LOC-049,4.3,9
2026-06-14,LOC-049,4.2,34
2026-06-15,LOC-049,3.8,31
2026-06-15,LOC-049,4.1,18
2026-06-16,LOC-049,3.6,10
2026-06-16,LOC-049,3.8,21
2026-06-17,LOC-049,3.5,7
2026-06-17,LOC-049,3.9,13
2026-06-17,LOC-049,3.5,9
2026-06-17,LOC-049,3.4,17
2026-06-18,LOC-049,3.3,16
2026-06-18,LOC-049,3.9,18
2026-06-19,LOC-049,3.5,10
2026-06-19,LOC-049,3.7,17
2026-06-19,LOC-049,3.5,2
2026-06-20,LOC-049,3.5,19
2026-06-20,LOC-049,3.9,38
2026-06-21,LOC-049,3.9,9
2026-06-21,LOC-049,4.7,4
2026-06-21,LOC-049,4.0,3
2026-06-21,LOC-049,3.2,1
2026-06-22,LOC-049,4.7,4
2026-06-22,LOC-049,3.6,11
2026-06-22,LOC-049,2.6,7
2026-06-23,LOC-049,4.1,1
2026-06-24,LOC-049,3.8,11
2026-06-24,LOC-049,3.9,53
2026-06-24,LOC-049,3.0,10
2026-06-24,LOC-049,3.5,4
2026-06-24,LOC-049,3.4,16
2026-06-24,LOC-049,3.3,15
2026-06-25,LOC-049,3.5,31
2026-06-25,LOC-049,3.0,6
2026-06-25,LOC-049,3.4,12
2026-06-26,LOC-049,4.4,2
2026-06-26,LOC-049,4.0,1
2026-06-26,LOC-049,3.1,83
2026-06-28,LOC-049,3.7,2
2026-06-28,LOC-049,3.0,24
2026-06-29,LOC-049,3.6,36
2026-06-29,LOC-049,3.8,2
2026-06-30,LOC-049,3.6,22
2026-06-30,LOC-049,3.8,52
2026-01-01,LOC-050,4.0,12
2026-01-01,LOC-050,3.5,1
2026-01-02,LOC-050,4.1,8
2026-01-02,LOC-050,5.0,10
2026-01-02,LOC-050,4.4,7
2026-01-02,LOC-050,3.8,10
2026-01-02,LOC-050,4.0,28
2026-01-02,LOC-050,5.0,8
2026-01-03,LOC-050,4.7,4
2026-01-03,LOC-050,4.4,66
2026-01-03,LOC-050,4.4,15
2026-01-04,LOC-050,2.7,7
2026-01-04,LOC-050,4.0,9
2026-01-04,LOC-050,3.3,27
2026-01-05,LOC-050,3.0,43
2026-01-05,LOC-050,3.9,17
2026-01-05,LOC-050,4.4,26
2026-01-06,LOC-050,3.9,18
2026-01-06,LOC-050,5.0,8
2026-01-06,LOC-050,4.4,18
2026-01-06,LOC-050,4.1,6
2026-01-07,LOC-050,4.8,1
2026-01-07,LOC-050,4.4,11
2026-01-07,LOC-050,4.0,6
2026-01-08,LOC-050,3.5,9
2026-01-08,LOC-050,2.9,16
2026-01-08,LOC-050,4.0,21
2026-01-10,LOC-050,4.7,12
2026-01-10,LOC-050,3.9,19
2026-01-10,LOC-050,3.8,10
2026-01-10,LOC-050,4.5,8
2026-01-10,LOC-050,3.6,3
2026-01-11,LOC-050,3.9,6
2026-01-11,LOC-050,4.5,64
2026-01-11,LOC-050,3.4,2
2026-01-12,LOC-050,3.7,15
2026-01-12,LOC-050,4.2,28
2026-01-13,LOC-050,3.7,22
2026-01-13,LOC-050,4.0,6
2026-01-13,LOC-050,4.5,13
2026-01-14,LOC-050,4.4,11
2026-01-15,LOC-050,3.1,2
2026-01-15,LOC-050,4.3,30
2026-01-15,LOC-050,4.6,18
2026-01-15,LOC-050,3.7,1
2026-01-15,LOC-050,4.9,1
2026-01-16,LOC-050,4.5,5
2026-01-17,LOC-050,3.3,1
2026-01-17,LOC-050,5.0,11
2026-01-18,LOC-050,4.0,3
2026-01-19,LOC-050,4.1,8
2026-01-19,LOC-050,4.3,16
2026-01-20,LOC-050,4.5,3
2026-01-20,LOC-050,4.5,3
2026-01-20,LOC-050,4.5,15
2026-01-20,LOC-050,4.5,18
2026-01-21,LOC-050,4.2,9
2026-01-21,LOC-050,3.9,10
2026-01-22,LOC-050,4.7,4
2026-01-22,LOC-050,3.7,50
2026-01-22,LOC-050,3.8,5
2026-01-23,LOC-050,4.6,1
2026-01-24,LOC-050,4.3,1
2026-01-24,LOC-050,3.8,1
2026-01-24,LOC-050,3.9,19
2026-01-25,LOC-050,3.9,2
2026-01-25,LOC-050,4.1,1
2026-01-25,LOC-050,4.2,8
2026-01-25,LOC-050,4.0,15
2026-01-25,LOC-050,3.2,4
2026-01-26,LOC-050,4.6,1
2026-01-26,LOC-050,4.5,2
2026-01-26,LOC-050,3.8,28
2026-01-26,LOC-050,3.9,13
2026-01-26,LOC-050,5.0,8
2026-01-27,LOC-050,3.8,1
2026-01-27,LOC-050,4.0,6
2026-01-27,LOC-050,4.3,2
2026-01-27,LOC-050,3.8,8
2026-01-27,LOC-050,3.7,9
2026-01-27,LOC-050,4.5,6
2026-01-27,LOC-050,4.9,7
2026-01-28,LOC-050,4.2,8
2026-01-30,LOC-050,3.7,7
2026-01-30,LOC-050,3.7,6
2026-01-31,LOC-050,3.2,11
2026-01-31,LOC-050,3.5,7
2026-01-31,LOC-050,3.4,6
2026-01-31,LOC-050,3.8,22
2026-02-02,LOC-050,3.8,10
2026-02-02,LOC-050,3.8,17
2026-02-02,LOC-050,3.7,1
2026-02-03,LOC-050,4.4,31
2026-02-03,LOC-050,3.8,34
2026-02-03,LOC-050,3.3,2
2026-02-03,LOC-050,4.5,11
2026-02-04,LOC-050,4.1,8
2026-02-04,LOC-050,3.3,6
2026-02-04,LOC-050,4.2,18
2026-02-04,LOC-050,4.3,3
2026-02-04,LOC-050,4.6,5
2026-02-05,LOC-050,4.7,42
2026-02-05,LOC-050,4.0,38
2026-02-05,LOC-050,3.1,22
2026-02-06,LOC-050,4.1,15
2026-02-06,LOC-050,4.5,33
2026-02-06,LOC-050,3.2,15
2026-02-06,LOC-050,4.2,25
2026-02-06,LOC-050,3.7,2
2026-02-08,LOC-050,4.4,7
2026-02-10,LOC-050,3.6,11
2026-02-10,LOC-050,4.7,2
2026-02-11,LOC-050,3.9,14
2026-02-11,LOC-050,3.9,9
2026-02-11,LOC-050,3.9,7
2026-02-11,LOC-050,3.0,6
2026-02-12,LOC-050,3.9,18
2026-02-12,LOC-050,3.6,21
2026-02-12,LOC-050,4.3,3
2026-02-12,LOC-050,4.1,2
2026-02-12,LOC-050,4.6,20
2026-02-13,LOC-050,4.1,18
2026-02-13,LOC-050,3.4,37
2026-02-13,LOC-050,4.8,1
2026-02-13,LOC-050,4.1,8
2026-02-13,LOC-050,3.4,2
2026-02-14,LOC-050,3.4,13
2026-02-14,LOC-050,3.8,23
2026-02-14,LOC-050,4.1,8
2026-02-15,LOC-050,4.1,2
2026-02-15,LOC-050,3.8,2
2026-02-16,LOC-050,3.7,3
2026-02-16,LOC-050,4.9,34
2026-02-16,LOC-050,5.0,1
2026-02-17,LOC-050,3.7,39
2026-02-17,LOC-050,3.5,4
2026-02-18,LOC-050,3.8,13
2026-02-18,LOC-050,4.9,20
2026-02-19,LOC-050,3.9,5
2026-02-19,LOC-050,4.5,2
2026-02-19,LOC-050,4.0,5
2026-02-19,LOC-050,5.0,32
2026-02-20,LOC-050,4.3,14
2026-02-20,LOC-050,4.5,30
2026-02-20,LOC-050,3.9,17
2026-02-20,LOC-050,3.8,1
2026-02-21,LOC-050,4.2,6
2026-02-21,LOC-050,5.0,98
2026-02-21,LOC-050,4.2,10
2026-02-21,LOC-050,4.3,38
2026-02-21,LOC-050,4.2,2
2026-02-22,LOC-050,4.7,4
2026-02-22,LOC-050,4.2,6
2026-02-22,LOC-050,3.9,26
2026-02-22,LOC-050,4.3,34
2026-02-22,LOC-050,2.9,1
2026-02-22,LOC-050,3.9,11
2026-02-23,LOC-050,3.6,20
2026-02-23,LOC-050,4.3,9
2026-02-24,LOC-050,3.6,14
2026-02-24,LOC-050,3.6,1
2026-02-24,LOC-050,3.9,9
2026-02-25,LOC-050,3.7,37
2026-02-25,LOC-050,4.1,2
2026-02-26,LOC-050,4.3,3
2026-02-27,LOC-050,4.4,6
2026-02-27,LOC-050,3.8,19
2026-02-27,LOC-050,4.1,13
2026-02-27,LOC-050,4.6,6
2026-02-27,LOC-050,4.3,1
2026-02-28,LOC-050,4.3,21
2026-02-28,LOC-050,3.1,32
2026-02-28,LOC-050,3.9,39
2026-03-01,LOC-050,3.9,2
2026-03-03,LOC-050,4.5,32
2026-03-03,LOC-050,3.8,30
2026-03-04,LOC-050,4.6,1
2026-03-04,LOC-050,4.2,21
2026-03-05,LOC-050,4.1,6
2026-03-05,LOC-050,3.9,12
2026-03-05,LOC-050,4.4,25
2026-03-07,LOC-050,3.8,34
2026-03-07,LOC-050,3.8,17
2026-03-07,LOC-050,3.7,2
2026-03-08,LOC-050,4.1,1
2026-03-08,LOC-050,4.7,15
2026-03-08,LOC-050,4.6,2
2026-03-08,LOC-050,3.7,5
2026-03-08,LOC-050,3.4,21
2026-03-09,LOC-050,4.4,3
2026-03-09,LOC-050,5.0,1
2026-03-10,LOC-050,3.6,1
2026-03-10,LOC-050,4.1,14
2026-03-10,LOC-050,4.2,11
2026-03-11,LOC-050,4.3,1
2026-03-12,LOC-050,4.3,14
2026-03-12,LOC-050,4.2,5
2026-03-12,LOC-050,5.0,18
2026-03-12,LOC-050,4.8,19
2026-03-13,LOC-050,4.8,2
2026-03-13,LOC-050,4.0,1
2026-03-14,LOC-050,4.2,1
2026-03-14,LOC-050,5.0,1
2026-03-14,LOC-050,4.0,6
2026-03-15,LOC-050,4.6,6
2026-03-15,LOC-050,3.7,18
2026-03-15,LOC-050,4.4,9
2026-03-15,LOC-050,3.8,13
2026-03-16,LOC-050,4.2,15
2026-03-16,LOC-050,4.1,2
2026-03-16,LOC-050,4.2,50
2026-03-16,LOC-050,4.4,8
2026-03-17,LOC-050,4.0,20
2026-03-17,LOC-050,4.0,6
2026-03-17,LOC-050,4.3,49
2026-03-17,LOC-050,4.1,41
2026-03-18,LOC-050,4.1,18
2026-03-18,LOC-050,4.1,6
2026-03-18,LOC-050,4.8,23
2026-03-19,LOC-050,4.3,11
2026-03-20,LOC-050,4.3,21
2026-03-21,LOC-050,3.8,6
2026-03-21,LOC-050,4.0,16
2026-03-21,LOC-050,3.6,1
2026-03-22,LOC-050,5.0,6
2026-03-22,LOC-050,4.6,60
2026-03-23,LOC-050,3.8,1
2026-03-23,LOC-050,3.3,10
2026-03-23,LOC-050,3.5,11
2026-03-24,LOC-050,3.2,18
2026-03-24,LOC-050,3.6,16
2026-03-24,LOC-050,3.4,2
2026-03-24,LOC-050,4.0,20
2026-03-25,LOC-050,4.1,33
2026-03-25,LOC-050,4.2,51
2026-03-25,LOC-050,3.9,1
2026-03-25,LOC-050,3.6,8
2026-03-25,LOC-050,4.0,2
2026-03-26,LOC-050,4.8,35
2026-03-26,LOC-050,3.6,1
2026-03-26,LOC-050,4.4,1
2026-03-26,LOC-050,4.2,2
2026-03-26,LOC-050,3.9,7
2026-03-26,LOC-050,4.6,6
2026-03-26,LOC-050,4.8,1
2026-03-26,LOC-050,4.6,13
2026-03-27,LOC-050,5.0,1
2026-03-27,LOC-050,4.5,35
2026-03-27,LOC-050,4.4,11
2026-03-27,LOC-050,4.6,1
2026-03-27,LOC-050,4.2,6
2026-03-28,LOC-050,4.3,20
2026-03-28,LOC-050,3.7,36
2026-03-28,LOC-050,4.1,9
2026-03-28,LOC-050,4.4,4
2026-03-29,LOC-050,4.6,34
2026-03-29,LOC-050,4.7,35
2026-03-29,LOC-050,4.3,15
2026-03-31,LOC-050,3.6,15
2026-03-31,LOC-050,3.9,2
2026-03-31,LOC-050,3.5,8
2026-03-31,LOC-050,3.5,18
2026-03-31,LOC-050,4.2,48
2026-03-31,LOC-050,3.1,18
2026-04-01,LOC-050,4.8,14
2026-04-01,LOC-050,4.0,7
2026-04-01,LOC-050,3.8,6
2026-04-02,LOC-050,4.7,10
2026-04-02,LOC-050,3.5,5
2026-04-02,LOC-050,4.3,3
2026-04-02,LOC-050,4.8,4
2026-04-02,LOC-050,4.6,7
2026-04-02,LOC-050,4.0,1
2026-04-03,LOC-050,4.8,28
2026-04-03,LOC-050,4.5,30
2026-04-03,LOC-050,3.5,26
2026-04-04,LOC-050,4.2,33
2026-04-04,LOC-050,4.1,2
2026-04-04,LOC-050,5.0,4
2026-04-04,LOC-050,4.1,18
2026-04-04,LOC-050,4.0,58
2026-04-04,LOC-050,4.7,1
2026-04-05,LOC-050,4.0,1
2026-04-06,LOC-050,4.9,11
2026-04-06,LOC-050,4.3,27
2026-04-06,LOC-050,3.8,10
2026-04-06,LOC-050,3.9,1
2026-04-06,LOC-050,4.2,1
2026-04-07,LOC-050,4.6,30
2026-04-07,LOC-050,4.1,5
2026-04-07,LOC-050,3.4,6
2026-04-08,LOC-050,4.5,3
2026-04-08,LOC-050,4.4,21
2026-04-08,LOC-050,4.5,11
2026-04-08,LOC-050,4.8,28
2026-04-09,LOC-050,3.4,2
2026-04-09,LOC-050,4.5,7
2026-04-10,LOC-050,4.0,1
2026-04-10,LOC-050,4.1,101
2026-04-10,LOC-050,3.6,30
2026-04-10,LOC-050,4.1,4
2026-04-10,LOC-050,3.9,21
2026-04-11,LOC-050,4.2,10
2026-04-11,LOC-050,3.6,46
2026-04-12,LOC-050,5.0,27
2026-04-12,LOC-050,4.3,4
2026-04-12,LOC-050,4.6,16
2026-04-12,LOC-050,4.3,7
2026-04-12,LOC-050,3.6,5
2026-04-12,LOC-050,4.1,3
2026-04-13,LOC-050,4.4,5
2026-04-13,LOC-050,3.2,32
2026-04-14,LOC-050,3.6,1
2026-04-14,LOC-050,4.8,7
2026-04-14,LOC-050,4.7,4
2026-04-15,LOC-050,4.0,10
2026-04-15,LOC-050,3.9,11
2026-04-15,LOC-050,3.3,5
2026-04-15,LOC-050,5.0,27
2026-04-15,LOC-050,4.3,2
2026-04-15,LOC-050,4.4,2
2026-04-16,LOC-050,4.7,2
2026-04-16,LOC-050,4.9,61
2026-04-16,LOC-050,3.8,1
2026-04-18,LOC-050,3.2,10
2026-04-19,LOC-050,4.1,38
2026-04-19,LOC-050,4.4,16
2026-04-19,LOC-050,3.9,34
2026-04-19,LOC-050,4.1,34
2026-04-19,LOC-050,3.8,6
2026-04-20,LOC-050,4.7,30
2026-04-20,LOC-050,4.8,26
2026-04-21,LOC-050,4.8,13
2026-04-21,LOC-050,4.9,25
2026-04-22,LOC-050,4.6,1
2026-04-22,LOC-050,5.0,6
2026-04-22,LOC-050,3.9,40
2026-04-23,LOC-050,4.3,42
2026-04-23,LOC-050,3.5,32
2026-04-23,LOC-050,4.1,7
2026-04-23,LOC-050,3.9,2
2026-04-25,LOC-050,3.9,36
2026-04-25,LOC-050,4.0,4
2026-04-26,LOC-050,3.1,1
2026-04-26,LOC-050,3.9,6
2026-04-26,LOC-050,4.8,6
2026-04-26,LOC-050,4.5,5
2026-04-26,LOC-050,4.3,27
2026-04-26,LOC-050,2.9,16
2026-04-27,LOC-050,4.0,1
2026-04-27,LOC-050,4.6,16
2026-04-28,LOC-050,4.3,13
2026-04-28,LOC-050,4.2,13
2026-04-29,LOC-050,4.1,13
2026-04-29,LOC-050,3.3,1
2026-04-29,LOC-050,4.2,38
2026-04-29,LOC-050,4.3,5
2026-04-30,LOC-050,4.3,4
2026-04-30,LOC-050,4.2,1
2026-04-30,LOC-050,3.9,2
2026-05-01,LOC-050,4.2,10
2026-05-01,LOC-050,3.5,10
2026-05-01,LOC-050,4.2,26
2026-05-02,LOC-050,4.0,20
2026-05-03,LOC-050,5.0,4
2026-05-03,LOC-050,4.2,1
2026-05-04,LOC-050,5.0,12
2026-05-05,LOC-050,4.4,19
2026-05-05,LOC-050,4.2,8
2026-05-05,LOC-050,4.5,4
2026-05-05,LOC-050,4.0,5
2026-05-06,LOC-050,4.5,55
2026-05-07,LOC-050,4.6,12
2026-05-07,LOC-050,4.8,21
2026-05-07,LOC-050,3.3,1
2026-05-07,LOC-050,4.5,14
2026-05-08,LOC-050,4.7,8
2026-05-08,LOC-050,3.9,58
2026-05-08,LOC-050,4.4,13
2026-05-09,LOC-050,4.7,47
2026-05-09,LOC-050,4.4,13
2026-05-09,LOC-050,3.8,3
2026-05-09,LOC-050,4.2,9
2026-05-09,LOC-050,3.9,1
2026-05-11,LOC-050,4.6,10
2026-05-11,LOC-050,3.7,25
2026-05-11,LOC-050,5.0,8
2026-05-11,LOC-050,3.3,7
2026-05-11,LOC-050,4.3,14
2026-05-12,LOC-050,4.9,19
2026-05-13,LOC-050,4.4,11
2026-05-13,LOC-050,3.8,12
2026-05-14,LOC-050,4.6,4
2026-05-15,LOC-050,3.9,4
2026-05-15,LOC-050,4.1,6
2026-05-15,LOC-050,4.5,17
2026-05-15,LOC-050,3.4,21
2026-05-16,LOC-050,4.2,20
2026-05-16,LOC-050,4.3,38
2026-05-16,LOC-050,4.0,8
2026-05-18,LOC-050,4.5,6
2026-05-18,LOC-050,4.0,25
2026-05-18,LOC-050,3.7,6
2026-05-19,LOC-050,3.5,8
2026-05-19,LOC-050,4.5,3
2026-05-20,LOC-050,4.3,4
2026-05-20,LOC-050,4.9,26
2026-05-21,LOC-050,4.4,4
2026-05-21,LOC-050,3.5,9
2026-05-22,LOC-050,4.6,1
2026-05-22,LOC-050,3.3,2
2026-05-22,LOC-050,4.0,1
2026-05-22,LOC-050,3.4,8
2026-05-22,LOC-050,3.6,13
2026-05-23,LOC-050,3.7,1
2026-05-23,LOC-050,3.6,9
2026-05-23,LOC-050,3.9,14
2026-05-23,LOC-050,3.9,5
2026-05-24,LOC-050,3.9,16
2026-05-25,LOC-050,5.0,1
2026-05-25,LOC-050,3.9,1
2026-05-26,LOC-050,4.4,1
2026-05-27,LOC-050,4.4,42
2026-05-27,LOC-050,5.0,7
2026-05-27,LOC-050,4.7,7
2026-05-28,LOC-050,4.3,40
2026-05-28,LOC-050,4.1,13
2026-05-28,LOC-050,5.0,43
2026-05-28,LOC-050,3.5,18
2026-05-29,LOC-050,4.4,12
2026-05-29,LOC-050,3.7,25
2026-05-29,LOC-050,4.0,47
2026-05-29,LOC-050,4.7,9
2026-05-30,LOC-050,3.5,8
2026-05-30,LOC-050,3.5,39
2026-05-30,LOC-050,4.6,2
2026-05-30,LOC-050,3.8,31
2026-05-30,LOC-050,4.0,23
2026-05-30,LOC-050,3.9,8
2026-05-31,LOC-050,3.9,60
2026-05-31,LOC-050,3.9,6
2026-05-31,LOC-050,4.4,10
2026-05-31,LOC-050,3.7,5
2026-05-31,LOC-050,4.4,1
2026-06-01,LOC-050,3.0,2
2026-06-02,LOC-050,4.0,5
2026-06-02,LOC-050,4.1,7
2026-06-02,LOC-050,4.3,43
2026-06-03,LOC-050,3.8,1
2026-06-03,LOC-050,3.6,1
2026-06-03,LOC-050,3.8,8
2026-06-03,LOC-050,4.7,1
2026-06-03,LOC-050,3.2,4
2026-06-04,LOC-050,4.2,36
2026-06-04,LOC-050,4.7,8
2026-06-05,LOC-050,4.3,23
2026-06-05,LOC-050,4.1,1
2026-06-06,LOC-050,3.7,4
2026-06-06,LOC-050,4.8,4
2026-06-06,LOC-050,4.3,5
2026-06-06,LOC-050,4.9,22
2026-06-07,LOC-050,3.9,6
2026-06-07,LOC-050,4.8,17
2026-06-07,LOC-050,3.5,4
2026-06-07,LOC-050,4.1,86
2026-06-08,LOC-050,3.7,3
2026-06-08,LOC-050,4.8,1
2026-06-08,LOC-050,4.3,36
2026-06-09,LOC-050,3.7,10
2026-06-09,LOC-050,4.8,25
2026-06-09,LOC-050,4.0,20
2026-06-09,LOC-050,3.2,12
2026-06-10,LOC-050,3.9,14
2026-06-10,LOC-050,3.3,6
2026-06-10,LOC-050,4.7,2
2026-06-10,LOC-050,4.5,11
2026-06-11,LOC-050,4.1,6
2026-06-13,LOC-050,3.7,16
2026-06-13,LOC-050,3.9,2
2026-06-13,LOC-050,3.2,12
2026-06-13,LOC-050,3.7,17
2026-06-14,LOC-050,3.8,5
2026-06-14,LOC-050,4.1,6
2026-06-15,LOC-050,4.4,1
2026-06-15,LOC-050,5.0,4
2026-06-15,LOC-050,3.9,7
2026-06-16,LOC-050,3.7,21
2026-06-16,LOC-050,4.9,4
2026-06-16,LOC-050,4.0,17
2026-06-16,LOC-050,4.5,1
2026-06-16,LOC-050,5.0,40
2026-06-16,LOC-050,3.2,15
2026-06-17,LOC-050,4.2,26
2026-06-17,LOC-050,5.0,14
2026-06-17,LOC-050,4.5,3
2026-06-19,LOC-050,4.6,58
2026-06-19,LOC-050,4.0,10
2026-06-19,LOC-050,3.8,18
2026-06-20,LOC-050,3.8,13
2026-06-21,LOC-050,3.6,1
2026-06-22,LOC-050,3.5,5
2026-06-23,LOC-050,4.5,19
2026-06-23,LOC-050,4.8,2
2026-06-23,LOC-050,3.2,12
2026-06-23,LOC-050,3.5,10
2026-06-24,LOC-050,4.0,8
2026-06-24,LOC-050,4.1,20
2026-06-24,LOC-050,4.2,85
2026-06-24,LOC-050,3.1,2
2026-06-24,LOC-050,3.5,19
2026-06-24,LOC-050,3.9,1
2026-06-26,LOC-050,2.7,34
2026-06-26,LOC-050,3.6,36
2026-06-27,LOC-050,3.4,11
2026-06-27,LOC-050,4.5,29
2026-06-27,LOC-050,4.1,6
2026-06-27,LOC-050,3.7,43
2026-06-28,LOC-050,4.2,33
2026-06-28,LOC-050,4.8,25
2026-06-28,LOC-050,4.2,29
2026-06-29,LOC-050,4.0,5
2026-06-29,LOC-050,3.1,10
2026-06-29,LOC-050,4.4,10
2026-06-29,LOC-050,3.5,12
2026-06-29,LOC-050,4.7,32
2026-06-29,LOC-050,4.0,12
2026-06-30,LOC-050,4.2,14
2026-06-30,LOC-050,4.6,31
2026-06-30,LOC-050,4.6,1
